datetime,ticker,open,close,high,low,volume
1998-03-16,PETR3,218.0,215.03,218.0,215.0,724584.3
1998-03-17,PETR3,216.0,219.0,219.0,216.0,953560.1
1998-03-18,PETR3,219.0,218.0,220.5,218.0,5008169.7
1998-03-19,PETR3,217.0,224.9,224.9,214.0,2604468.3
1998-03-20,PETR3,223.5,216.0,223.5,214.0,1824445.1
1998-03-23,PETR3,216.0,213.0,216.0,211.0,707699.5
1998-03-24,PETR3,212.0,212.0,212.5,209.0,1806631.0
1998-03-25,PETR3,207.0,205.0,209.0,205.0,942320.0
1998-03-26,PETR3,204.79,204.0,204.8,202.0,1779389.5
1998-03-27,PETR3,205.02,208.0,208.0,204.0,453218.3
1998-03-30,PETR3,205.0,204.0,205.01,202.01,8078647.4
1998-03-31,PETR3,203.0,204.0,204.0,202.0,785437.6
1998-04-01,PETR3,203.0,200.0,203.0,200.0,562320.3
1998-04-02,PETR3,207.99,207.0,207.99,203.0,2844833.5
1998-04-03,PETR3,212.8,201.0,215.0,201.0,770085.0
1998-04-06,PETR3,202.0,205.0,205.0,201.01,1235101.1
1998-04-07,PETR3,205.0,208.0,208.0,205.0,1141765.0
1998-04-08,PETR3,211.5,213.51,213.9,211.5,1380424.7
1998-04-13,PETR3,215.0,219.0,221.0,215.0,947895.0
1998-04-14,PETR3,221.0,232.0,232.0,221.0,1437746.6
1998-04-15,PETR3,230.0,232.0,235.0,226.0,1422140.5
1998-04-16,PETR3,230.0,235.0,235.0,228.0,466800.0
1998-04-17,PETR3,227.0,228.0,228.0,222.0,664092.8
1998-04-20,PETR3,229.0,226.0,229.0,223.0,1778310.0
1998-04-22,PETR3,226.5,222.0,226.5,222.0,416208.9
1998-04-23,PETR3,222.0,218.0,222.0,218.0,715292.5
1998-04-24,PETR3,224.9,219.99,224.9,215.11,352545.3
1998-04-27,PETR3,219.0,208.01,219.0,208.01,822501.1
1998-04-28,PETR3,218.0,220.0,220.0,208.0,6052607.6
1998-04-29,PETR3,213.0,214.0,215.0,208.0,511593.4
1998-04-30,PETR3,200.0,215.0,215.0,200.0,3525425.2
1998-05-04,PETR3,210.0,214.0,214.0,210.0,16840.0
1998-05-05,PETR3,210.0,205.0,210.0,204.99,150529.5
1998-05-06,PETR3,210.38,205.0,210.38,205.0,284456.0
1998-05-07,PETR3,200.01,202.99,203.0,200.0,726890.6
1998-05-08,PETR3,203.0,202.0,203.0,197.0,819820.9
1998-05-11,PETR3,200.0,196.0,200.0,196.0,147330.2
1998-05-12,PETR3,194.0,185.0,194.0,184.0,2178754.2
1998-05-13,PETR3,185.0,188.0,188.0,180.0,1760595.9
1998-05-14,PETR3,185.0,185.0,188.0,185.0,665160.0
1998-05-15,PETR3,180.0,193.0,193.0,180.0,182196.8
1998-05-18,PETR3,180.0,188.0,188.0,170.0,606221.7
1998-05-19,PETR3,185.0,189.0,189.0,178.0,159278.0
1998-05-20,PETR3,174.99,174.5,174.99,174.0,76816.0
1998-05-21,PETR3,175.1,175.0,178.0,168.0,5013895.3
1998-05-22,PETR3,168.0,173.5,173.5,165.0,1056534.9
1998-05-25,PETR3,165.0,162.0,165.0,162.0,4384685.0
1998-05-26,PETR3,160.0,152.0,160.0,152.0,1516134.0
1998-05-27,PETR3,140.0,163.0,163.0,140.0,483940.1
1998-05-28,PETR3,163.0,173.5,174.8,155.0,1479015.3
1998-05-29,PETR3,171.1,165.99,171.1,160.0,429773.4
1998-06-01,PETR3,160.0,164.98,167.0,159.99,436589.4
1998-06-02,PETR3,168.0,179.0,179.0,168.0,2140898.0
1998-06-03,PETR3,185.0,172.0,185.0,172.0,233229.4
1998-06-04,PETR3,170.0,178.0,178.0,170.0,1021755.5
1998-06-05,PETR3,177.99,179.0,179.0,174.0,813079.9
1998-06-08,PETR3,179.0,182.0,182.0,179.0,881090.0
1998-06-09,PETR3,179.99,175.0,180.0,170.0,81209.9
1998-06-10,PETR3,170.0,169.5,171.0,165.0,27105.0
1998-06-12,PETR3,168.5,158.99,168.5,158.99,61219.3
1998-06-15,PETR3,158.0,148.0,158.0,148.0,24240.0
1998-06-16,PETR3,152.0,151.0,152.0,151.0,15190.0
1998-06-17,PETR3,151.0,160.0,160.0,150.0,1413624.8
1998-06-18,PETR3,151.0,157.0,157.0,151.0,91200.0
1998-06-19,PETR3,163.49,157.0,163.49,153.0,2063454.8
1998-06-22,PETR3,154.0,153.0,154.0,153.0,75015.0
1998-06-23,PETR3,155.0,154.99,155.0,151.0,196569.7
1998-06-24,PETR3,155.0,154.0,155.0,154.0,43380.0
1998-06-25,PETR3,154.1,154.0,155.0,150.0,242187.7
1998-06-26,PETR3,150.0,150.0,150.0,150.0,22500.0
1998-06-29,PETR3,148.0,146.25,148.0,145.0,4567637.5
1998-06-30,PETR3,147.48,150.0,150.0,146.0,3057408.8
1998-07-01,PETR3,160.0,150.0,160.0,148.0,702844.8
1998-07-02,PETR3,150.5,150.0,150.5,147.0,265294.8
1998-07-03,PETR3,148.0,163.0,163.0,148.0,748946.9
1998-07-06,PETR3,158.0,162.0,163.0,157.99,3489312.6
1998-07-07,PETR3,164.0,165.0,166.5,163.01,2323419.9
1998-07-08,PETR3,180.0,174.0,180.0,172.0,589665.0
1998-07-10,PETR3,172.0,173.5,173.5,170.0,217430.0
1998-07-13,PETR3,172.0,170.0,172.0,170.0,100720.3
1998-07-14,PETR3,170.0,172.0,178.0,170.0,809955.7
1998-07-15,PETR3,175.0,175.0,175.0,168.0,941420.8
1998-07-16,PETR3,175.0,176.5,178.0,175.0,995868.3
1998-07-17,PETR3,176.5,181.0,182.8,176.5,3562027.5
1998-07-20,PETR3,179.99,185.0,185.0,178.0,6742352.5
1998-07-21,PETR3,183.0,180.0,185.0,180.0,868191.7
1998-07-22,PETR3,177.0,185.0,185.0,177.0,2811890.7
1998-07-23,PETR3,186.0,180.0,188.0,177.0,457734.9
1998-07-24,PETR3,180.0,170.99,180.0,170.0,33438.5
1998-07-27,PETR3,170.0,175.0,175.0,168.0,343475.4
1998-07-28,PETR3,168.0,170.0,172.0,168.0,52360.1
1998-07-29,PETR3,175.0,172.0,176.0,172.0,727725.0
1998-07-30,PETR3,175.0,177.5,177.5,172.0,1643101.3
1998-07-31,PETR3,176.0,171.99,176.0,165.01,24079.5
1998-08-03,PETR3,165.0,168.0,168.99,163.0,86765.8
1998-08-04,PETR3,160.0,160.0,165.0,160.0,360584.9
1998-08-05,PETR3,155.0,157.7,159.99,150.0,1784159.3
1998-08-06,PETR3,150.0,143.99,154.99,143.99,543660.0
1998-08-07,PETR3,144.0,138.0,144.0,137.0,1917191.1
1998-08-10,PETR3,133.0,131.99,133.0,130.1,378749.9
1998-08-11,PETR3,128.0,129.99,130.0,126.0,426739.0
1998-08-12,PETR3,130.0,125.0,134.0,118.0,532600.1
1998-08-13,PETR3,130.0,128.99,130.0,123.7,2796862.0
1998-08-14,PETR3,131.0,130.0,131.0,125.0,2120506.2
1998-08-17,PETR3,128.0,128.0,128.0,128.0,2560.0
1998-08-18,PETR3,131.0,125.0,131.0,120.0,121565.0
1998-08-19,PETR3,125.5,123.5,125.5,119.0,403891.9
1998-08-20,PETR3,115.5,119.0,119.0,115.1,366129.1
1998-08-21,PETR3,115.0,113.0,115.0,100.0,696324.3
1998-08-24,PETR3,115.0,109.0,115.0,107.5,126689.9
1998-08-25,PETR3,110.0,99.0,110.0,98.0,807544.9
1998-08-26,PETR3,96.0,93.0,96.0,91.0,930194.8
1998-08-27,PETR3,87.99,80.0,87.99,78.0,1483251.3
1998-08-28,PETR3,85.0,80.0,85.0,75.0,221344.4
1998-08-31,PETR3,78.0,75.0,78.0,75.0,198349.9
1998-09-01,PETR3,75.0,85.0,85.0,75.0,1209791.9
1998-09-02,PETR3,84.9,85.0,86.5,83.0,1976072.8
1998-09-03,PETR3,80.0,79.0,82.0,78.0,67550.0
1998-09-04,PETR3,80.0,75.0,80.0,70.0,706625.3
1998-09-08,PETR3,83.0,75.0,85.0,70.0,185012.1
1998-09-09,PETR3,74.49,70.0,74.5,70.0,311429.9
1998-09-10,PETR3,63.0,56.0,63.0,56.0,162076.9
1998-09-11,PETR3,58.1,62.0,63.0,57.0,876910.2
1998-09-14,PETR3,69.0,67.0,70.0,63.0,317552.8
1998-09-15,PETR3,68.0,76.0,80.0,68.0,668354.0
1998-09-16,PETR3,78.0,75.0,82.0,71.0,751036.0
1998-09-17,PETR3,65.0,65.0,66.99,62.0,685411.1
1998-09-18,PETR3,69.99,65.0,69.99,62.0,159712.9
1998-09-21,PETR3,61.0,63.0,65.0,60.0,620356.5
1998-09-22,PETR3,67.0,64.0,67.0,63.0,646650.1
1998-09-23,PETR3,69.99,67.9,69.99,65.0,633953.5
1998-09-24,PETR3,65.0,67.0,71.0,65.0,1659313.9
1998-09-25,PETR3,64.0,67.0,67.0,64.0,199280.0
1998-09-28,PETR3,69.0,67.0,69.0,66.0,360260.1
1998-09-29,PETR3,66.5,65.0,66.5,64.0,3134870.0
1998-09-30,PETR3,63.0,63.0,63.99,62.1,996069.0
1998-10-01,PETR3,63.0,59.1,63.0,59.1,1051177.2
1998-10-02,PETR3,59.1,66.0,66.0,58.5,2358241.6
1998-10-05,PETR3,60.0,63.0,63.0,57.5,1080825.3
1998-10-06,PETR3,64.0,61.99,64.0,60.0,865950.7
1998-10-07,PETR3,62.0,60.0,64.0,60.0,95281.0
1998-10-08,PETR3,60.0,61.0,61.0,58.0,78210.9
1998-10-09,PETR3,62.0,65.0,65.0,62.0,506225.5
1998-10-13,PETR3,65.0,70.0,71.0,65.0,432679.0
1998-10-14,PETR3,69.0,71.49,71.5,68.5,736589.1
1998-10-15,PETR3,71.0,75.0,76.0,68.0,1891467.5
1998-10-16,PETR3,75.0,73.99,76.0,72.0,689687.3
1998-10-19,PETR3,76.0,76.9,76.9,74.0,1523286.5
1998-10-20,PETR3,80.0,80.0,80.0,76.9,1013179.0
1998-10-21,PETR3,82.5,89.0,89.0,80.0,1294069.4
1998-10-22,PETR3,89.5,91.0,91.0,89.49,632359.5
1998-10-23,PETR3,90.0,85.5,90.0,84.5,432329.5
1998-10-26,PETR3,85.0,79.0,85.0,79.0,38535.0
1998-10-27,PETR3,82.0,78.0,82.0,72.0,108426.5
1998-10-28,PETR3,80.0,78.9,80.0,78.9,47989.0
1998-10-29,PETR3,72.0,75.99,76.0,72.0,95979.9
1998-10-30,PETR3,78.6,82.0,84.98,76.0,655244.9
1998-11-03,PETR3,84.0,87.0,87.0,82.99,893590.7
1998-11-04,PETR3,88.0,86.54,89.5,86.5,1010027.3
1998-11-05,PETR3,86.5,91.0,92.0,86.5,1048864.9
1998-11-06,PETR3,91.0,92.0,95.0,91.0,1281960.4
1998-11-09,PETR3,94.0,94.0,94.5,90.0,1618662.0
1998-11-10,PETR3,91.0,92.0,92.0,91.0,652879.0
1998-11-11,PETR3,91.5,93.5,97.0,91.5,444009.0
1998-11-12,PETR3,93.0,86.3,93.0,85.0,184817.4
1998-11-13,PETR3,91.0,87.5,91.0,87.0,549495.0
1998-11-16,PETR3,92.0,92.0,92.0,90.0,278795.0
1998-11-17,PETR3,92.0,95.0,95.0,92.0,1389510.1
1998-11-18,PETR3,99.0,99.0,99.0,95.01,304483.5
1998-11-19,PETR3,96.0,95.99,97.5,92.0,2153983.7
1998-11-20,PETR3,96.0,96.0,97.0,96.0,1909260.0
1998-11-23,PETR3,93.0,93.0,94.04,91.0,429978.4
1998-11-24,PETR3,92.0,91.61,92.5,91.5,197767.2
1998-11-25,PETR3,92.0,94.0,94.0,91.5,670999.3
1998-11-26,PETR3,94.0,95.0,95.0,94.0,1098750.1
1998-11-27,PETR3,94.0,95.0,95.0,93.0,691673.1
1998-11-30,PETR3,90.0,90.0,90.5,87.6,141659.7
1998-12-01,PETR3,89.0,91.0,91.0,88.5,157340.0
1998-12-02,PETR3,93.0,93.0,93.0,90.5,1468747.8
1998-12-03,PETR3,88.0,84.0,89.0,84.0,64150.0
1998-12-04,PETR3,88.0,83.0,88.0,83.0,217052.3
1998-12-07,PETR3,85.0,86.0,86.0,84.0,65065.0
1998-12-08,PETR3,86.5,83.5,86.5,83.5,371535.0
1998-12-09,PETR3,80.01,80.0,84.7,80.0,281855.2
1998-12-10,PETR3,80.0,80.01,80.01,80.0,77600.3
1998-12-11,PETR3,80.0,76.0,80.0,73.0,35521.0
1998-12-14,PETR3,73.0,70.0,73.0,70.0,167801.2
1998-12-15,PETR3,68.0,74.0,74.0,68.0,445720.3
1998-12-16,PETR3,74.0,71.0,74.0,67.0,339515.1
1998-12-17,PETR3,68.0,68.05,71.0,68.0,93980.0
1998-12-18,PETR3,68.0,70.0,70.0,68.0,212180.0
1998-12-21,PETR3,70.0,71.0,71.0,70.0,1729870.0
1998-12-22,PETR3,71.0,72.0,74.0,71.0,508576.8
1998-12-23,PETR3,74.0,74.5,74.5,73.5,599301.6
1998-12-28,PETR3,77.0,74.5,78.0,74.5,3420222.0
1998-12-29,PETR3,74.0,72.1,74.0,70.0,61264.9
1998-12-30,PETR3,73.0,74.0,75.0,72.0,207901.0
1999-01-04,PETR3,74.0,73.0,76.0,73.0,47390.0
1999-01-05,PETR3,74.0,74.0,75.0,74.0,160574.0
1999-01-06,PETR3,77.0,75.5,77.0,74.2,295297.5
1999-01-07,PETR3,72.0,73.0,73.0,72.0,23340.0
1999-01-08,PETR3,73.0,71.0,73.5,71.0,22009414.0
1999-01-11,PETR3,68.0,67.0,68.1,65.0,404693.0
1999-01-12,PETR3,62.0,64.0,64.0,61.0,223565.0
1999-01-13,PETR3,60.0,57.0,60.0,55.0,617797.0
1999-01-14,PETR3,62.5,49.0,62.5,46.0,341655.6
1999-01-15,PETR3,60.98,59.0,60.98,55.0,414218.5
1999-01-18,PETR3,59.99,61.0,62.01,59.99,492033.9
1999-01-19,PETR3,65.0,63.0,65.0,60.0,216829.0
1999-01-20,PETR3,63.0,66.0,66.0,60.0,293795.0
1999-01-21,PETR3,64.0,64.0,64.0,63.0,47120.0
1999-01-22,PETR3,64.0,61.5,64.0,61.0,361403.0
1999-01-26,PETR3,61.0,63.51,65.0,61.0,710271.5
1999-01-27,PETR3,66.0,63.0,66.0,62.01,55018.4
1999-01-28,PETR3,64.0,69.5,69.5,63.0,1969527.2
1999-01-29,PETR3,74.0,75.0,79.9,73.0,3144752.0
1999-02-01,PETR3,79.99,80.0,83.0,75.0,11744997.6
1999-02-02,PETR3,80.0,85.0,86.0,80.0,1244734.3
1999-02-03,PETR3,89.0,85.5,89.0,84.01,1188100.1
1999-02-04,PETR3,89.5,85.0,90.0,84.0,238948.0
1999-02-05,PETR3,82.0,80.0,82.0,79.98,343127.1
1999-02-08,PETR3,80.0,82.0,82.0,75.0,613340.0
1999-02-09,PETR3,81.0,81.0,81.0,80.0,54980.0
1999-02-10,PETR3,80.0,81.0,81.0,79.99,885908.0
1999-02-11,PETR3,82.0,80.5,82.0,80.0,303600.2
1999-02-12,PETR3,80.0,80.0,81.0,78.0,2018990.0
1999-02-17,PETR3,80.0,81.99,81.99,80.0,364798.7
1999-02-18,PETR3,81.0,81.5,81.5,80.0,503897.0
1999-02-19,PETR3,81.0,82.0,83.0,81.0,813293.0
1999-02-22,PETR3,82.0,83.52,84.0,81.0,951881.2
1999-02-23,PETR3,84.01,83.5,84.55,82.61,659597.9
1999-02-24,PETR3,81.0,82.02,83.0,80.0,207258.2
1999-02-25,PETR3,82.0,78.8,82.0,78.8,278000.7
1999-02-26,PETR3,79.5,82.0,83.2,79.5,1138129.6
1999-03-01,PETR3,86.0,88.0,90.0,85.0,1125107.0
1999-03-02,PETR3,90.0,89.4,90.0,88.0,1141940.9
1999-03-03,PETR3,89.0,92.0,92.0,89.0,976669.5
1999-03-04,PETR3,96.8,102.95,103.0,96.0,1663587.7
1999-03-05,PETR3,107.02,104.8,108.0,104.0,3219435.4
1999-03-08,PETR3,104.5,108.5,108.5,104.5,1228952.1
1999-03-09,PETR3,110.0,106.0,111.0,106.0,1675375.4
1999-03-10,PETR3,110.0,123.5,129.99,110.0,6488289.9
1999-03-11,PETR3,124.0,135.02,138.0,124.0,7543026.8
1999-03-12,PETR3,135.03,143.98,143.98,130.0,24544563.3
1999-03-15,PETR3,149.0,156.98,160.0,149.0,4653293.7
1999-03-16,PETR3,160.0,159.0,161.0,156.0,4823971.5
1999-03-17,PETR3,160.0,155.0,160.0,153.0,4377749.8
1999-03-18,PETR3,150.0,154.8,160.0,150.0,2518884.1
1999-03-19,PETR3,155.0,154.6,159.0,153.0,2872745.5
1999-03-22,PETR3,156.89,151.0,156.89,150.0,1033262.3
1999-03-23,PETR3,154.0,155.0,156.0,152.0,4122208.6
1999-03-24,PETR3,155.0,155.0,160.0,149.0,818982.7
1999-03-25,PETR3,162.01,168.99,169.98,162.0,21501646.5
1999-03-26,PETR3,170.0,173.0,177.0,169.01,8570620.3
1999-03-29,PETR3,175.0,178.0,178.5,171.0,8787340.8
1999-03-30,PETR3,180.01,189.0,190.0,180.0,12328679.4
1999-03-31,PETR3,188.0,190.0,193.99,185.0,4341230.4
1999-04-05,PETR3,190.05,194.99,196.01,188.0,7898492.4
1999-04-06,PETR3,200.0,198.0,202.0,195.1,21777422.3
1999-04-07,PETR3,200.0,199.0,203.0,196.0,7215843.6
1999-04-08,PETR3,197.1,189.0,199.0,188.5,12744128.2
1999-04-09,PETR3,190.01,183.01,190.01,180.0,4746770.6
1999-04-12,PETR3,183.0,183.5,185.0,170.0,4534183.5
1999-04-13,PETR3,183.5,182.61,186.89,180.0,3088849.7
1999-04-14,PETR3,183.0,183.49,185.0,181.01,4314897.6
1999-04-15,PETR3,183.8,180.0,183.8,179.0,3840908.9
1999-04-16,PETR3,182.0,183.0,183.5,181.0,2952226.2
1999-04-19,PETR3,183.1,175.0,186.0,174.0,5207713.2
1999-04-20,PETR3,170.0,169.0,170.99,163.0,3383239.5
1999-04-22,PETR3,173.0,169.9,175.0,168.0,1223659.4
1999-04-23,PETR3,168.9,165.0,168.9,164.99,3377354.9
1999-04-26,PETR3,165.0,160.0,165.0,158.0,1373227.7
1999-04-27,PETR3,162.0,158.51,162.0,154.0,2649026.7
1999-04-28,PETR3,159.5,164.0,164.0,159.5,4687292.0
1999-04-29,PETR3,165.0,166.9,169.0,164.0,6943449.5
1999-04-30,PETR3,170.0,185.5,187.8,170.0,15433948.6
1999-05-03,PETR3,184.52,182.11,185.4,181.0,2010949.4
1999-05-04,PETR3,180.0,174.0,180.1,172.5,2962083.5
1999-05-05,PETR3,174.0,179.5,180.0,174.0,6573234.9
1999-05-06,PETR3,182.5,187.0,188.0,181.5,8126238.6
1999-05-07,PETR3,187.0,191.8,192.0,187.0,11792551.5
1999-05-10,PETR3,191.81,194.9,196.5,190.0,8899492.2
1999-05-11,PETR3,195.0,189.0,195.0,187.8,2036657.0
1999-05-12,PETR3,188.2,185.0,188.2,182.5,3657818.3
1999-05-13,PETR3,189.0,192.0,193.0,187.0,8145616.7
1999-05-14,PETR3,185.0,187.9,191.0,185.0,4254480.8
1999-05-17,PETR3,185.0,179.02,185.0,178.0,5261884.6
1999-05-18,PETR3,179.11,179.0,184.5,178.0,54384549.1
1999-05-19,PETR3,180.0,174.0,180.0,174.0,7602562.7
1999-05-20,PETR3,174.55,169.0,176.0,168.5,13126216.5
1999-05-21,PETR3,165.0,162.99,169.8,160.01,2022743.6
1999-05-24,PETR3,164.5,159.0,164.5,155.0,3250448.7
1999-05-25,PETR3,151.0,154.01,159.0,148.0,1856223.0
1999-05-26,PETR3,161.0,168.0,168.0,158.0,3542742.6
1999-05-27,PETR3,168.0,172.05,174.0,163.0,9704350.7
1999-05-28,PETR3,172.0,175.0,176.0,170.0,5142501.4
1999-05-31,PETR3,175.0,181.97,182.0,175.0,4279451.9
1999-06-01,PETR3,182.0,186.2,188.0,179.0,9798311.3
1999-06-02,PETR3,187.5,186.5,189.0,183.0,4392588.7
1999-06-04,PETR3,189.0,191.01,192.5,187.0,3471437.6
1999-06-07,PETR3,195.0,182.2,195.0,182.0,4332220.6
1999-06-08,PETR3,185.0,179.85,188.0,179.0,2285811.3
1999-06-09,PETR3,180.5,179.0,181.0,178.01,6637038.6
1999-06-10,PETR3,177.99,178.01,179.7,177.5,3257526.7
1999-06-11,PETR3,178.0,181.0,185.0,178.0,4662195.6
1999-06-14,PETR3,185.0,179.99,185.0,176.0,3325196.6
1999-06-15,PETR3,182.0,181.3,183.0,178.52,4450319.2
1999-06-16,PETR3,190.0,190.0,191.8,183.0,10921193.1
1999-06-17,PETR3,192.0,190.49,192.0,189.0,3275038.1
1999-06-18,PETR3,190.49,190.0,192.5,190.0,3476181.7
1999-06-21,PETR3,190.02,192.99,193.5,189.5,7264922.5
1999-06-22,PETR3,190.02,191.5,195.5,190.01,7015254.8
1999-06-23,PETR3,193.5,194.2,194.5,188.5,2347222.2
1999-06-24,PETR3,192.0,187.1,192.0,185.0,2260967.0
1999-06-25,PETR3,189.01,185.0,189.01,179.0,3540089.7
1999-06-28,PETR3,193.0,184.07,193.0,184.0,773760.0
1999-06-29,PETR3,184.1,185.22,187.0,184.0,1536021.9
1999-06-30,PETR3,185.0,192.0,192.0,182.0,2290349.6
1999-07-01,PETR3,192.0,192.52,193.5,191.5,4774504.7
1999-07-02,PETR3,192.4,196.0,196.2,192.4,25562085.2
1999-07-05,PETR3,196.0,194.2,199.0,194.2,2683839.0
1999-07-06,PETR3,193.5,192.0,194.2,191.0,2285228.2
1999-07-07,PETR3,193.0,196.0,197.0,193.0,929078.8
1999-07-08,PETR3,193.0,194.5,196.5,193.0,4549622.2
1999-07-12,PETR3,195.0,187.5,195.0,185.0,1845384.7
1999-07-13,PETR3,185.0,185.99,186.5,184.0,2207624.0
1999-07-14,PETR3,188.0,190.5,190.5,184.0,56687578.9
1999-07-15,PETR3,190.5,191.0,192.0,187.01,2533662.5
1999-07-16,PETR3,190.0,192.5,193.0,186.01,1953399.9
1999-07-19,PETR3,190.0,194.0,195.0,189.8,3739534.9
1999-07-20,PETR3,193.0,198.0,198.5,193.0,4814248.2
1999-07-21,PETR3,198.8,197.9,199.0,195.0,1855853.8
1999-07-22,PETR3,198.0,196.0,198.0,195.0,1182925.2
1999-07-23,PETR3,193.0,190.98,194.0,190.98,707104.8
1999-07-26,PETR3,187.0,182.5,188.0,182.01,1222763.9
1999-07-27,PETR3,183.0,183.4,183.5,182.0,1038973.3
1999-07-28,PETR3,184.0,184.0,185.5,183.9,999612.7
1999-07-29,PETR3,180.0,181.15,182.1,180.0,1014720.0
1999-07-30,PETR3,182.0,181.6,182.01,181.0,712012.4
1999-08-02,PETR3,181.7,178.2,183.0,178.2,901633.5
1999-08-03,PETR3,179.9,183.5,186.0,179.0,2790392.4
1999-08-04,PETR3,185.0,183.0,186.0,183.0,3352899.9
1999-08-05,PETR3,180.0,182.3,182.3,178.0,258931.1
1999-08-06,PETR3,181.9,175.0,181.9,170.5,1851914.9
1999-08-09,PETR3,170.0,168.0,172.0,168.0,1651472.0
1999-08-10,PETR3,165.0,165.0,167.0,163.5,1773573.7
1999-08-11,PETR3,165.0,173.0,175.0,165.0,1669032.8
1999-08-12,PETR3,172.0,171.1,177.0,171.1,2908556.1
1999-08-13,PETR3,173.0,180.0,180.0,171.5,1114477.9
1999-08-16,PETR3,179.5,174.5,179.5,172.01,25973939.5
1999-08-17,PETR3,174.5,168.0,174.5,165.0,1079860.0
1999-08-18,PETR3,166.0,165.55,166.5,162.0,1039216.0
1999-08-19,PETR3,162.2,170.0,172.0,162.2,5524982.1
1999-08-20,PETR3,172.0,179.5,179.5,172.0,5603348.0
1999-08-23,PETR3,180.0,182.5,185.0,179.0,6270057.3
1999-08-24,PETR3,180.5,182.1,183.0,180.5,2683587.9
1999-08-25,PETR3,182.0,183.8,184.0,180.0,2381249.1
1999-08-26,PETR3,181.5,181.0,183.01,181.0,2261110.9
1999-08-27,PETR3,181.0,182.99,182.99,180.0,398457.7
1999-08-30,PETR3,180.0,182.0,183.0,180.0,365319.6
1999-08-31,PETR3,180.0,182.01,182.01,178.5,2868599.2
1999-09-01,PETR3,182.03,186.7,187.5,182.03,53631080.1
1999-09-02,PETR3,186.0,191.97,191.97,186.0,1222794.1
1999-09-03,PETR3,193.0,191.0,193.5,191.0,2514827.4
1999-09-06,PETR3,190.0,188.0,190.0,188.0,224140.0
1999-09-08,PETR3,190.0,190.0,191.0,188.0,15127980.0
1999-09-09,PETR3,190.0,192.52,194.0,190.0,1913790.1
1999-09-10,PETR3,193.0,198.5,200.0,193.0,3743846.2
1999-09-13,PETR3,195.0,204.0,206.0,195.0,5480785.3
1999-09-14,PETR3,206.0,206.0,206.5,203.01,3661516.0
1999-09-15,PETR3,210.0,204.8,210.0,199.0,1383227.3
1999-09-16,PETR3,202.0,203.5,203.5,202.0,2134133.5
1999-09-17,PETR3,205.0,217.0,217.0,205.0,4802652.5
1999-09-20,PETR3,221.0,223.6,223.9,219.0,7226171.0
1999-09-21,PETR3,219.0,219.5,222.0,217.0,2794922.3
1999-09-22,PETR3,234.99,226.98,234.99,223.0,8448532.1
1999-09-23,PETR3,229.0,220.0,230.0,220.0,4504129.0
1999-09-24,PETR3,220.0,225.0,225.0,219.5,3786927.3
1999-09-27,PETR3,230.0,234.99,235.0,226.0,2984756.5
1999-09-28,PETR3,233.9,232.2,233.9,227.0,3342134.1
1999-09-29,PETR3,230.0,231.0,232.99,229.5,4829240.6
1999-09-30,PETR3,231.0,225.0,234.0,225.0,11482651.3
1999-10-01,PETR3,220.0,220.0,222.0,217.0,4257536.5
1999-10-04,PETR3,222.0,226.0,228.0,222.0,9233895.1
1999-10-05,PETR3,221.0,228.0,228.0,219.5,1944956.9
1999-10-06,PETR3,225.0,229.0,231.5,225.0,8506033.2
1999-10-07,PETR3,231.5,227.49,235.0,223.9,11282907.1
1999-10-08,PETR3,225.0,229.89,230.0,223.0,2094744.0
1999-10-11,PETR3,228.0,224.02,228.0,224.02,2776240.4
1999-10-13,PETR3,219.0,224.02,230.0,219.0,9190349.1
1999-10-14,PETR3,222.02,229.98,229.98,222.0,6092847.6
1999-10-18,PETR3,222.0,227.0,228.0,222.0,10895627.4
1999-10-19,PETR3,233.0,229.0,233.0,229.0,5728406.9
1999-10-20,PETR3,230.0,236.99,242.0,230.0,13725914.0
1999-10-21,PETR3,236.0,237.5,238.0,235.0,5183561.3
1999-10-22,PETR3,240.0,246.0,248.01,238.0,8049067.9
1999-10-25,PETR3,246.0,249.85,260.0,245.0,60345007.6
1999-10-26,PETR3,251.0,252.4,260.0,250.0,13480337.0
1999-10-27,PETR3,254.0,253.0,257.0,252.4,4142321.3
1999-10-28,PETR3,257.0,262.0,262.5,257.0,5418880.5
1999-10-29,PETR3,260.0,265.5,270.0,260.0,13274933.7
1999-11-01,PETR3,264.5,269.0,269.0,264.5,2216179.9
1999-11-03,PETR3,270.0,287.0,291.0,270.0,30697920.8
1999-11-04,PETR3,300.0,297.0,307.0,295.0,36741905.4
1999-11-05,PETR3,297.0,297.0,303.0,295.0,9778561.0
1999-11-08,PETR3,294.69,304.0,304.0,292.0,12182733.2
1999-11-09,PETR3,304.0,302.0,304.0,298.0,13463748.9
1999-11-10,PETR3,301.0,299.0,302.0,295.01,15411107.9
1999-11-11,PETR3,298.98,297.0,300.01,297.0,7156230.1
1999-11-12,PETR3,299.0,295.5,299.99,295.0,5387735.7
1999-11-16,PETR3,298.0,295.0,298.0,293.0,8752816.9
1999-11-17,PETR3,296.0,290.0,296.0,288.0,3905210.2
1999-11-18,PETR3,292.0,304.0,307.0,288.0,10680562.1
1999-11-19,PETR3,310.0,316.0,318.0,310.0,10813632.7
1999-11-22,PETR3,316.0,317.0,327.5,316.0,10434888.0
1999-11-23,PETR3,317.0,317.0,320.0,315.0,8304118.3
1999-11-24,PETR3,317.0,315.9,318.0,314.3,13166361.3
1999-11-25,PETR3,313.0,318.0,320.0,310.0,10957495.7
1999-11-26,PETR3,320.01,326.0,328.0,317.0,15179131.2
1999-11-29,PETR3,329.99,321.0,329.99,318.01,3029502.6
1999-11-30,PETR3,318.01,320.0,326.0,317.0,14422422.6
1999-12-01,PETR3,318.0,326.0,326.0,315.0,7692461.6
1999-12-02,PETR3,323.0,350.0,353.01,323.0,22951488.1
1999-12-03,PETR3,350.0,354.0,354.0,348.0,27177088.3
1999-12-06,PETR3,350.0,342.97,352.0,342.97,11906147.5
1999-12-07,PETR3,344.0,348.99,349.99,340.0,10538393.2
1999-12-08,PETR3,347.0,351.0,351.0,346.0,9369965.5
1999-12-09,PETR3,355.0,349.03,355.0,348.0,11224419.5
1999-12-10,PETR3,350.01,348.0,351.0,345.5,15317610.6
1999-12-13,PETR3,349.5,345.7,352.0,345.0,5210495.2
1999-12-14,PETR3,345.0,341.5,347.01,340.01,6485519.9
1999-12-15,PETR3,340.0,327.0,340.0,320.0,12694802.1
1999-12-16,PETR3,330.0,325.01,337.0,323.0,11197721.2
1999-12-17,PETR3,330.0,324.5,330.0,324.5,4556645.5
1999-12-20,PETR3,325.01,326.0,326.01,322.0,6070318.6
1999-12-21,PETR3,326.0,341.0,342.0,326.0,3353174.2
1999-12-22,PETR3,350.0,344.0,350.0,340.51,10009374.8
1999-12-23,PETR3,344.0,349.0,350.0,342.0,6019939.0
1999-12-27,PETR3,340.0,337.0,348.0,324.0,17226958.3
1999-12-28,PETR3,337.0,348.0,348.0,336.0,3357128.7
1999-12-29,PETR3,350.0,370.0,376.0,350.0,8436593.2
1999-12-30,PETR3,374.99,399.97,399.97,359.99,9507426.3
2000-03-21,PETR3,418.0,424.0,426.0,418.0,11318529.1
2000-03-22,PETR3,424.0,427.02,430.0,424.0,10020581.5
2000-03-23,PETR3,426.0,430.0,435.0,420.0,6730506.9
2000-03-24,PETR3,429.99,428.0,431.0,425.0,6243637.4
2000-03-27,PETR3,429.0,444.0,444.99,429.0,19626843.7
2000-03-28,PETR3,440.0,438.0,443.0,437.0,12538241.2
2000-03-29,PETR3,440.0,429.5,440.0,427.0,2261404.5
2000-03-30,PETR3,424.0,440.0,440.0,423.0,7116316.4
2000-03-31,PETR3,438.0,440.0,441.0,430.0,3972376.1
2000-04-03,PETR3,440.0,434.0,440.0,433.0,11679379.7
2000-04-04,PETR3,435.0,428.0,435.0,400.0,11155329.1
2000-04-05,PETR3,415.0,439.99,447.0,415.0,22005619.4
2000-04-06,PETR3,447.0,442.0,450.0,441.0,15753013.9
2000-04-07,PETR3,445.99,444.99,447.0,441.0,9274780.7
2000-04-10,PETR3,440.0,434.0,440.0,434.0,2263514.7
2000-04-11,PETR3,430.0,425.0,432.0,421.0,5837067.2
2000-04-12,PETR3,425.0,444.99,453.0,425.0,15902822.0
2000-04-13,PETR3,451.0,423.0,451.0,422.01,6757519.8
2000-04-14,PETR3,423.0,399.99,423.0,394.0,10659327.1
2000-04-17,PETR3,394.0,400.0,400.0,358.0,7913969.1
2000-04-18,PETR3,400.0,390.0,400.0,380.0,18070934.0
2000-04-19,PETR3,392.0,375.01,392.0,375.0,4604725.0
2000-04-20,PETR3,384.0,378.0,384.0,370.0,1200795.8
2000-04-24,PETR3,378.0,371.0,378.0,360.0,1304349.2
2000-04-25,PETR3,400.0,395.0,400.0,385.0,5745871.7
2000-04-26,PETR3,400.0,390.0,400.0,390.0,3280620.9
2000-04-27,PETR3,380.0,390.0,395.0,380.0,5577705.4
2000-04-28,PETR3,400.0,400.0,401.0,394.9,11831638.4
2000-05-02,PETR3,410.0,403.0,410.0,401.0,9859546.1
2000-05-03,PETR3,401.0,398.0,401.0,395.0,6404240.9
2000-05-04,PETR3,395.0,395.0,400.0,390.0,3634614.9
2000-05-05,PETR3,395.0,394.0,395.0,390.0,6000895.3
2000-05-08,PETR3,390.0,385.0,392.99,385.0,1244684.8
2000-05-09,PETR3,392.99,378.24,392.99,377.0,3304550.6
2000-05-10,PETR3,378.3,376.0,380.0,375.0,6644370.8
2000-05-11,PETR3,380.0,361.1,380.0,361.1,5452000.1
2000-05-12,PETR3,365.0,354.99,368.0,354.99,6797506.1
2000-05-15,PETR3,356.0,380.0,388.0,355.0,4996231.9
2000-05-16,PETR3,390.0,389.0,393.0,382.0,3660081.1
2000-05-17,PETR3,380.0,378.0,380.0,373.0,3209821.3
2000-05-18,PETR3,380.0,378.0,380.0,376.0,10439132.2
2000-05-19,PETR3,370.0,369.0,371.0,364.98,2836068.2
2000-05-22,PETR3,370.0,353.99,370.0,346.0,9089100.6
2000-05-23,PETR3,360.0,378.0,379.9,354.0,20190262.4
2000-05-24,PETR3,380.01,383.0,390.0,377.0,12476741.1
2000-05-25,PETR3,399.99,384.99,399.99,377.0,10548620.1
2000-05-26,PETR3,385.0,380.0,391.0,379.0,3623929.5
2000-05-29,PETR3,384.0,380.0,385.0,377.99,2905755.7
2000-05-30,PETR3,385.0,399.0,399.0,381.0,15123314.2
2000-05-31,PETR3,400.0,405.0,408.0,396.0,25629162.1
2000-06-01,PETR3,405.0,420.01,420.01,404.0,15937373.1
2000-06-02,PETR3,429.0,450.0,457.0,425.0,32395581.1
2000-06-05,PETR3,445.0,459.0,459.0,445.0,27062106.0
2000-06-06,PETR3,445.23,450.01,460.0,445.0,23277659.5
2000-06-07,PETR3,450.0,464.95,465.0,447.0,20439782.1
2000-06-08,PETR3,470.0,471.0,480.0,467.0,15241917.2
2000-06-09,PETR3,467.01,476.0,480.0,467.01,11083823.9
2000-06-12,PETR3,470.0,465.0,476.0,463.1,2753459.7
2000-06-13,PETR3,465.0,461.0,469.0,461.0,6830633.1
2000-06-14,PETR3,475.0,454.0,475.0,446.0,8359450.4
2000-06-15,PETR3,454.0,456.0,463.0,449.99,8864839.7
2000-06-16,PETR3,464.0,467.01,470.5,460.0,12184621.4
2000-06-19,PETR3,465.0,472.0,478.0,465.0,17508073.0
2000-06-20,PETR3,471.0,479.45,479.45,468.5,11984919.6
2000-06-21,PETR3,480.0,494.0,494.99,480.0,11096931.2
2000-06-23,PETR3,50.0,48.6,50.0,48.19,10584342.0
2000-06-26,PETR3,48.6,48.4,49.5,48.19,13824469.0
2000-06-27,PETR3,48.6,51.51,52.4,48.6,20691323.0
2000-06-28,PETR3,51.79,51.5,53.7,51.3,24233666.0
2000-06-29,PETR3,51.2,50.7,51.7,49.9,17928085.0
2000-06-30,PETR3,51.0,52.98,52.98,51.0,27785799.0
2000-07-03,PETR3,53.3,53.02,54.0,52.8,9923315.0
2000-07-04,PETR3,53.5,54.4,54.49,53.5,10713078.0
2000-07-05,PETR3,54.4,55.0,55.3,53.5,28053434.0
2000-07-06,PETR3,54.0,53.59,54.5,53.02,17754768.0
2000-07-07,PETR3,53.6,51.8,54.0,51.5,24336838.0
2000-07-10,PETR3,51.5,52.05,53.0,51.2,15792252.0
2000-07-11,PETR3,52.05,49.0,52.05,48.5,14972050.0
2000-07-12,PETR3,49.8,48.49,50.0,47.0,28908940.0
2000-07-13,PETR3,48.5,47.4,48.6,47.11,8759396.0
2000-07-14,PETR3,48.0,48.81,49.0,47.3,9945373.0
2000-07-17,PETR3,50.6,48.4,50.6,47.8,73430634.0
2000-07-18,PETR3,48.0,47.2,48.3,47.01,15109748.0
2000-07-19,PETR3,47.0,47.7,48.0,46.7,15190632.0
2000-07-20,PETR3,48.0,49.8,50.5,48.0,13924124.0
2000-07-21,PETR3,49.5,50.0,50.99,49.4,12893663.0
2000-07-24,PETR3,50.0,48.85,50.5,48.7,11492323.0
2000-07-25,PETR3,49.0,47.6,49.49,46.8,18674508.0
2000-07-26,PETR3,47.0,48.0,48.51,46.7,12453974.0
2000-07-27,PETR3,48.0,48.1,48.6,47.0,20443118.0
2000-07-28,PETR3,48.2,46.4,48.2,45.89,16744827.0
2000-07-31,PETR3,47.0,46.4,47.94,46.4,5031160.0
2000-08-01,PETR3,47.0,45.99,47.5,45.1,13423592.0
2000-08-02,PETR3,46.0,47.0,47.0,45.1,12204219.0
2000-08-03,PETR3,45.5,48.0,48.5,45.5,5647637.0
2000-08-04,PETR3,48.5,46.1,48.8,45.0,21589313.0
2000-08-07,PETR3,46.5,47.5,47.6,45.51,83135820.0
2000-08-08,PETR3,47.5,45.65,47.5,44.6,79510685.0
2000-08-09,PETR3,46.5,44.8,46.5,43.79,152073785.0
2000-08-10,PETR3,44.5,51.51,51.51,44.0,327360914.0
2000-08-11,PETR3,51.0,51.5,52.49,48.5,120977499.0
2000-08-14,PETR3,51.5,51.3,51.5,50.5,70374771.0
2000-08-15,PETR3,51.3,51.4,53.0,50.9,75586477.0
2000-08-16,PETR3,52.0,53.01,53.8,51.2,122107955.0
2000-08-17,PETR3,53.01,55.21,56.0,53.0,117303375.0
2000-08-18,PETR3,55.3,52.8,55.51,51.5,67785831.0
2000-08-21,PETR3,52.51,52.06,53.2,51.7,40402111.0
2000-08-22,PETR3,52.0,53.3,53.3,52.0,43567059.0
2000-08-23,PETR3,52.76,54.8,54.8,52.75,71971248.0
2000-08-24,PETR3,54.5,53.5,54.5,53.5,38733396.0
2000-08-25,PETR3,54.0,54.9,55.3,53.2,73056824.0
2000-08-28,PETR3,54.9,54.99,55.1,54.4,30382421.0
2000-08-29,PETR3,54.5,56.51,56.51,54.5,66137204.0
2000-08-30,PETR3,56.4,58.7,59.8,56.4,124852110.0
2000-08-31,PETR3,58.7,57.65,59.0,57.4,86488381.0
2000-09-01,PETR3,58.0,56.8,58.1,56.6,38151669.0
2000-09-04,PETR3,57.5,56.7,57.5,56.7,5524611.0
2000-09-05,PETR3,56.6,57.15,57.5,56.3,30589214.0
2000-09-06,PETR3,57.5,59.85,60.5,57.39,57262109.0
2000-09-08,PETR3,59.8,59.66,60.5,59.0,36526987.0
2000-09-11,PETR3,59.0,60.39,61.0,58.5,53627996.0
2000-09-12,PETR3,60.8,58.9,60.8,58.5,56895713.0
2000-09-13,PETR3,58.0,56.8,58.8,56.8,48436561.0
2000-09-14,PETR3,57.6,55.52,57.7,55.5,37051881.0
2000-09-15,PETR3,55.6,55.52,57.4,54.9,20067436.0
2000-09-18,PETR3,55.52,54.8,56.4,54.4,34286394.0
2000-09-19,PETR3,55.2,54.4,55.5,54.4,21440886.0
2000-09-20,PETR3,54.7,55.9,56.6,54.4,58250443.0
2000-09-21,PETR3,55.9,54.4,55.9,53.95,22349734.0
2000-09-22,PETR3,52.0,53.56,54.3,52.0,30882478.0
2000-09-25,PETR3,53.8,54.0,54.5,52.9,27859104.0
2000-09-26,PETR3,54.2,55.4,56.45,54.0,21337626.0
2000-09-27,PETR3,56.0,55.8,57.3,55.0,52326551.0
2000-09-28,PETR3,55.5,55.2,56.3,55.0,18427389.0
2000-09-29,PETR3,55.2,55.2,55.7,54.8,19354143.0
2000-10-02,PETR3,55.2,55.4,55.8,55.1,68422004.0
2000-10-03,PETR3,55.6,55.9,56.2,55.3,30029530.0
2000-10-04,PETR3,55.9,55.92,56.1,55.2,21204705.0
2000-10-05,PETR3,55.9,56.1,56.3,55.0,30532446.0
2000-10-06,PETR3,56.0,55.0,56.3,54.11,18713708.0
2000-10-09,PETR3,55.0,54.8,55.3,54.12,18278690.0
2000-10-10,PETR3,55.3,56.4,57.0,55.0,35682906.0
2000-10-11,PETR3,56.5,56.51,57.35,56.5,36340165.0
2000-10-13,PETR3,58.5,57.7,58.9,57.5,25607530.0
2000-10-16,PETR3,57.7,56.01,57.7,55.8,26242991.0
2000-10-17,PETR3,56.0,53.97,56.2,53.97,25615978.0
2000-10-18,PETR3,52.99,54.31,54.5,52.0,105000707.0
2000-10-19,PETR3,54.99,55.7,55.9,54.5,51873996.0
2000-10-20,PETR3,55.5,54.6,56.2,54.5,22398362.0
2000-10-23,PETR3,54.0,53.0,54.9,52.8,22665361.0
2000-10-24,PETR3,53.5,51.0,53.5,50.7,50948373.0
2000-10-25,PETR3,50.0,50.5,51.6,49.8,52060379.0
2000-10-26,PETR3,50.5,53.98,54.5,50.4,44537877.0
2000-10-27,PETR3,54.0,54.0,54.7,53.6,39068017.0
2000-10-30,PETR3,54.0,55.81,55.9,53.01,34647743.0
2000-10-31,PETR3,55.8,55.3,56.5,54.8,43883541.0
2000-11-01,PETR3,54.79,56.0,56.0,53.9,20192267.0
2000-11-03,PETR3,56.0,54.79,56.5,54.6,20673492.0
2000-11-06,PETR3,54.0,55.41,55.99,54.0,17561705.0
2000-11-07,PETR3,54.8,56.79,56.8,54.8,38287904.0
2000-11-08,PETR3,56.79,56.1,57.6,56.1,38151205.0
2000-11-09,PETR3,56.1,55.2,56.2,54.3,40112444.0
2000-11-10,PETR3,55.3,54.61,55.49,54.0,27825533.0
2000-11-13,PETR3,53.51,54.8,54.9,53.51,17169516.0
2000-11-14,PETR3,54.8,54.91,55.6,54.51,13074980.0
2000-11-16,PETR3,54.1,55.4,55.8,54.1,21577504.0
2000-11-17,PETR3,56.0,55.49,56.8,55.2,35735698.0
2000-11-20,PETR3,55.62,54.61,55.62,54.1,15923958.0
2000-11-21,PETR3,55.0,55.31,55.7,54.8,22280964.0
2000-11-22,PETR3,55.8,55.3,55.9,55.2,44631516.0
2000-11-23,PETR3,55.5,54.0,55.5,53.0,16411397.0
2000-11-24,PETR3,54.9,53.7,54.9,53.0,20862210.0
2000-11-27,PETR3,53.7,52.75,54.5,52.21,25495315.0
2000-11-28,PETR3,52.4,52.2,53.0,51.78,36571344.0
2000-11-29,PETR3,53.0,51.8,53.0,51.7,17160873.0
2000-11-30,PETR3,51.5,50.99,51.8,50.5,29710538.0
2000-12-01,PETR3,51.0,50.7,51.5,50.4,8753777.0
2000-12-04,PETR3,50.7,50.7,50.8,50.01,13087410.0
2000-12-05,PETR3,52.89,51.5,52.89,51.5,13391238.0
2000-12-06,PETR3,51.3,48.08,51.4,47.9,35469609.0
2000-12-07,PETR3,48.23,48.0,48.5,47.5,44888630.0
2000-12-08,PETR3,48.0,48.2,49.1,48.0,26533902.0
2000-12-11,PETR3,48.2,48.0,48.8,47.41,18204287.0
2000-12-12,PETR3,47.8,48.02,48.4,47.6,45243674.0
2000-12-13,PETR3,48.8,49.5,50.0,47.8,66057719.0
2000-12-14,PETR3,48.8,50.4,50.8,48.8,40285043.0
2000-12-15,PETR3,50.45,50.5,50.8,49.5,21826761.0
2000-12-18,PETR3,51.0,49.8,51.0,49.6,43330080.0
2000-12-19,PETR3,50.0,49.2,50.0,49.0,12398909.0
2000-12-20,PETR3,48.0,48.69,48.99,48.0,30702675.0
2000-12-21,PETR3,48.8,47.42,48.9,47.21,20802606.0
2000-12-22,PETR3,47.61,48.3,48.9,47.5,12518561.0
2000-12-26,PETR3,48.3,47.5,48.6,47.5,7247963.0
2000-12-27,PETR3,48.0,47.61,48.5,47.6,14057440.0
2000-12-28,PETR3,47.9,48.5,49.6,47.8,18294976.0
2000-01-12,PETR3,373.0,360.0,373.0,357.0,10629196.3
2000-01-13,PETR3,372.0,360.0,375.0,360.0,4218408.8
2000-01-14,PETR3,362.0,363.0,368.0,348.0,4148742.0
2000-01-17,PETR3,364.0,360.0,365.0,357.0,2099565.6
2000-01-18,PETR3,358.0,360.0,360.0,355.0,2631060.9
2000-01-19,PETR3,358.0,350.0,372.0,350.0,8007677.9
2000-01-20,PETR3,351.0,345.0,355.0,342.0,8021563.1
2000-01-21,PETR3,345.0,335.0,345.5,335.0,7062263.7
2000-01-24,PETR3,336.0,337.0,340.0,336.0,4037933.2
2000-01-26,PETR3,335.0,334.0,341.0,334.0,12202467.5
2000-01-27,PETR3,346.1,338.01,348.02,338.0,8475120.6
2000-01-28,PETR3,340.0,334.0,342.0,331.0,3983644.0
2000-01-31,PETR3,334.0,340.01,340.01,328.0,3055924.1
2000-02-01,PETR3,350.0,350.0,350.11,340.0,4596390.2
2000-02-02,PETR3,351.0,359.0,359.0,351.0,6044584.4
2000-02-03,PETR3,365.01,378.0,378.0,364.01,12123167.6
2000-02-04,PETR3,380.0,389.0,389.0,377.0,7423318.3
2000-02-07,PETR3,390.0,387.5,393.0,378.0,7365200.3
2000-02-08,PETR3,390.0,400.0,400.0,390.0,22011351.4
2000-02-09,PETR3,400.0,390.0,404.0,385.0,5135699.1
2000-02-10,PETR3,388.0,377.01,389.0,369.01,11527467.2
2000-02-11,PETR3,380.0,366.0,380.0,361.01,12453512.7
2000-02-14,PETR3,375.0,367.0,375.0,362.0,649500.2
2000-02-15,PETR3,365.0,391.0,391.0,365.0,13563945.5
2000-02-16,PETR3,390.0,405.11,405.11,378.0,26926994.3
2000-02-17,PETR3,405.0,392.99,405.0,390.0,5305506.4
2000-02-18,PETR3,393.0,390.0,393.0,386.0,6300936.7
2000-02-21,PETR3,388.0,393.0,393.5,388.0,3847303.9
2000-02-22,PETR3,394.0,389.0,395.0,389.0,15340138.5
2000-02-23,PETR3,399.98,402.12,404.0,389.6,16867540.0
2000-02-24,PETR3,402.12,421.01,421.01,402.0,31766611.1
2000-02-25,PETR3,421.01,431.0,436.5,420.0,16244837.0
2000-02-28,PETR3,430.0,429.0,434.0,415.0,13939410.4
2000-02-29,PETR3,430.22,430.0,440.0,428.0,5869487.4
2000-03-01,PETR3,430.0,434.01,439.97,429.0,8106059.9
2000-03-02,PETR3,435.0,440.0,440.0,428.0,11180429.7
2000-03-03,PETR3,444.0,440.0,445.0,432.0,5535383.2
2000-03-08,PETR3,431.0,443.0,445.0,431.0,3236170.6
2000-03-09,PETR3,445.0,457.0,458.0,445.0,14328673.7
2000-03-10,PETR3,457.0,449.89,458.0,447.0,7739654.6
2000-03-13,PETR3,449.0,441.0,449.0,430.0,9948642.1
2000-03-14,PETR3,441.01,438.0,449.0,436.0,15350500.1
2000-03-15,PETR3,438.0,435.0,440.0,430.01,11985441.8
2000-03-16,PETR3,436.0,433.0,440.0,427.5,3783724.6
2000-03-17,PETR3,430.0,427.0,430.0,425.0,3085871.3
2000-03-20,PETR3,428.0,421.0,428.5,418.0,3145615.8
2000-01-07,PETR3,372.0,375.0,380.0,372.0,7350940.1
2000-01-10,PETR3,380.0,386.0,395.0,377.0,6802501.1
2000-01-11,PETR3,388.0,373.0,388.0,373.0,5412877.0
2000-01-03,PETR3,400.0,392.0,400.0,380.0,12240302.5
2000-01-04,PETR3,380.0,371.0,380.0,368.0,9058168.0
2000-01-05,PETR3,369.0,375.0,376.01,360.0,19187279.2
2000-01-06,PETR3,374.99,372.0,379.99,372.0,9650940.6
2001-01-02,PETR3,47.0,49.61,50.4,47.0,13219229.0
2001-01-03,PETR3,49.59,53.09,53.09,49.5,20426452.0
2001-01-04,PETR3,52.8,53.01,53.5,52.61,19946989.0
2001-01-05,PETR3,53.3,52.3,53.9,52.3,13679206.0
2001-01-08,PETR3,52.5,52.0,52.6,51.6,12882719.0
2001-01-09,PETR3,52.5,53.3,53.53,52.5,14805812.0
2001-01-10,PETR3,52.99,52.59,53.3,52.3,12585499.0
2001-01-11,PETR3,52.3,52.59,53.5,52.3,15733587.0
2001-01-12,PETR3,53.0,54.08,54.5,53.0,28098313.0
2001-01-15,PETR3,54.1,53.84,54.3,53.5,5663548.0
2001-01-16,PETR3,53.85,56.2,56.3,53.52,52998153.0
2001-01-17,PETR3,56.8,57.4,59.3,56.61,58504748.0
2001-01-18,PETR3,57.4,58.0,59.0,57.0,27842333.0
2001-01-19,PETR3,59.0,57.3,59.0,57.3,34769735.0
2001-01-22,PETR3,57.0,56.3,57.0,56.0,24718830.0
2001-01-23,PETR3,56.3,56.8,57.59,56.3,31548898.0
2001-01-24,PETR3,57.0,55.8,57.3,55.51,38123628.0
2001-01-26,PETR3,55.5,54.7,55.5,54.3,26491103.0
2001-01-29,PETR3,55.0,54.9,55.0,54.0,17174555.0
2001-01-30,PETR3,54.8,55.3,55.4,54.6,10533511.0
2001-01-31,PETR3,55.5,54.8,55.8,54.8,16923819.0
2001-02-01,PETR3,54.85,54.8,55.0,54.5,23027287.0
2001-02-02,PETR3,54.5,54.6,54.9,54.4,15575050.0
2001-02-05,PETR3,54.6,54.8,55.0,54.01,10765120.0
2001-02-06,PETR3,54.8,55.5,56.2,54.6,17089635.0
2001-02-07,PETR3,54.5,55.3,55.3,54.1,21736429.0
2001-02-08,PETR3,55.5,56.3,56.91,55.5,16624699.0
2001-02-09,PETR3,56.2,56.9,57.5,56.0,20448349.0
2001-02-12,PETR3,56.9,56.6,57.9,56.5,17513140.0
2001-02-13,PETR3,56.9,58.3,58.4,56.7,37640785.0
2001-02-14,PETR3,58.3,59.11,59.89,58.0,40632603.0
2001-02-15,PETR3,59.1,58.85,59.7,58.8,18638375.0
2001-02-16,PETR3,59.05,58.0,59.05,57.2,14310218.0
2001-02-19,PETR3,58.0,56.7,58.02,56.2,15545113.0
2001-02-20,PETR3,57.0,57.6,57.8,56.8,59437656.0
2001-02-21,PETR3,57.6,56.7,57.6,56.4,34498867.0
2001-02-22,PETR3,56.95,57.2,57.6,56.5,41939031.0
2001-02-23,PETR3,57.3,57.01,58.0,56.01,20940955.0
2001-02-28,PETR3,59.8,57.51,59.8,57.01,17438445.0
2001-03-01,PETR3,57.5,58.0,58.3,57.0,20523061.0
2001-03-02,PETR3,57.95,58.5,58.8,57.33,17343158.0
2001-03-05,PETR3,58.6,58.5,59.5,58.3,8986321.0
2001-03-06,PETR3,59.0,58.7,59.2,58.2,16960450.0
2001-03-07,PETR3,58.7,59.05,59.3,58.4,20168183.0
2001-03-08,PETR3,59.1,59.4,60.0,59.0,29267063.0
2001-03-09,PETR3,59.4,59.11,59.5,58.8,22930613.0
2001-03-12,PETR3,59.3,57.4,59.3,57.4,21528695.0
2001-03-13,PETR3,57.6,57.0,58.0,57.0,14328274.0
2001-03-14,PETR3,56.2,56.3,58.0,56.1,48014045.0
2001-03-15,PETR3,57.0,53.69,57.0,53.2,39845361.0
2001-03-16,PETR3,53.0,55.3,56.99,52.0,34677154.0
2001-03-19,PETR3,55.3,54.5,55.8,54.2,23780364.0
2001-03-20,PETR3,54.06,54.11,54.99,50.51,29956542.0
2001-03-21,PETR3,53.5,54.72,55.99,53.5,49085695.0
2001-03-22,PETR3,53.8,52.3,54.1,51.9,54922115.0
2001-03-23,PETR3,53.6,52.39,53.6,50.06,55219456.0
2001-03-26,PETR3,50.51,51.01,52.5,50.5,17480263.0
2001-03-27,PETR3,51.01,52.77,53.2,50.6,14869731.0
2001-03-28,PETR3,52.01,52.0,52.99,51.52,10495231.0
2001-03-29,PETR3,51.52,50.57,52.1,50.0,13780486.0
2001-03-30,PETR3,50.01,51.5,51.5,49.5,19062129.0
2001-04-02,PETR3,51.0,49.3,51.5,49.3,10064980.0
2001-04-03,PETR3,49.3,49.5,49.8,49.2,10427740.0
2001-04-04,PETR3,50.0,50.6,51.31,49.9,30833434.0
2001-04-05,PETR3,50.6,53.75,54.0,50.6,14253013.0
2001-04-06,PETR3,53.8,55.2,55.5,53.8,20119649.0
2001-04-09,PETR3,55.5,55.5,56.11,55.0,7459608.0
2001-04-10,PETR3,55.8,55.6,56.5,55.45,16403655.0
2001-04-11,PETR3,55.6,54.6,56.22,54.02,6073947.0
2001-04-12,PETR3,51.5,53.0,54.0,51.5,20523214.0
2001-04-16,PETR3,52.01,52.6,52.8,51.0,7347047.0
2001-04-17,PETR3,52.5,53.4,53.51,52.5,11614575.0
2001-04-18,PETR3,53.5,56.0,56.99,53.5,16194918.0
2001-04-19,PETR3,55.0,54.1,55.8,54.0,18343350.0
2001-04-20,PETR3,52.0,52.5,53.5,52.0,22955174.0
2001-04-23,PETR3,52.0,55.4,55.4,51.8,21575935.0
2001-04-24,PETR3,55.7,57.56,57.8,55.3,24419673.0
2001-04-25,PETR3,56.0,59.0,59.5,56.0,45495470.0
2001-04-26,PETR3,59.0,59.0,60.9,59.0,34899898.0
2001-04-27,PETR3,60.5,58.82,60.7,58.82,23005733.0
2001-04-30,PETR3,59.0,58.9,59.6,58.9,9953817.0
2001-05-02,PETR3,58.9,59.5,59.84,58.1,43257379.0
2001-05-03,PETR3,59.7,60.9,60.9,59.1,56971150.0
2001-05-04,PETR3,59.1,60.8,61.7,59.1,32447472.0
2001-05-07,PETR3,60.0,58.9,60.7,58.5,11072910.0
2001-05-08,PETR3,58.9,58.7,59.0,58.3,19537760.0
2001-05-09,PETR3,57.9,60.2,60.2,57.9,19256448.0
2001-05-10,PETR3,60.2,61.8,62.1,60.2,23347195.0
2001-05-11,PETR3,61.9,61.01,62.0,60.01,24392261.0
2001-05-14,PETR3,60.6,61.5,62.3,60.0,22575135.0
2001-05-15,PETR3,61.2,60.0,61.7,60.0,9862087.0
2001-05-16,PETR3,61.0,61.5,62.0,60.0,17431075.0
2001-05-17,PETR3,61.5,62.4,63.0,61.5,16299765.0
2001-05-18,PETR3,63.0,63.9,64.2,63.0,17093478.0
2001-05-21,PETR3,63.9,64.2,64.5,63.6,28420780.0
2001-05-22,PETR3,64.2,64.8,65.5,64.2,22275521.0
2001-05-23,PETR3,65.01,65.5,66.3,64.2,17475554.0
2001-05-24,PETR3,65.5,64.8,65.5,63.91,44245746.0
2001-05-25,PETR3,64.9,63.18,65.0,63.0,13803183.0
2001-05-28,PETR3,63.2,62.75,63.5,62.1,4947780.0
2001-05-29,PETR3,63.0,64.3,64.4,63.0,36457447.0
2001-05-30,PETR3,64.0,64.69,65.0,64.0,41110245.0
2001-05-31,PETR3,65.0,67.0,67.2,65.0,19890652.0
2001-06-01,PETR3,66.99,67.1,68.0,66.4,22124874.0
2001-06-04,PETR3,68.0,70.15,70.8,68.0,17384832.0
2001-06-05,PETR3,70.15,68.4,70.3,68.0,36657995.0
2001-06-06,PETR3,68.05,66.11,69.5,66.11,38016808.0
2001-06-07,PETR3,66.12,64.5,66.5,64.5,34158518.0
2001-06-08,PETR3,65.3,63.52,65.3,63.3,11739556.0
2001-06-11,PETR3,64.1,64.21,64.49,63.5,10249766.0
2001-06-12,PETR3,64.3,64.0,64.5,62.9,13327706.0
2001-06-13,PETR3,64.3,65.0,67.0,63.0,35210328.0
2001-06-15,PETR3,65.5,63.8,65.5,63.8,6072637.0
2001-06-18,PETR3,63.0,63.62,63.81,63.0,9955627.0
2001-06-19,PETR3,64.0,64.35,64.7,64.0,7546795.0
2001-06-20,PETR3,64.8,66.36,66.7,64.8,19803406.0
2001-06-21,PETR3,66.0,66.0,66.3,65.2,17001346.0
2001-06-22,PETR3,66.0,63.49,66.0,63.49,16775655.0
2001-06-25,PETR3,63.5,61.8,63.5,61.8,7784714.0
2001-06-26,PETR3,61.8,62.6,63.1,61.8,14166526.0
2001-06-27,PETR3,62.0,60.0,63.9,59.5,15962502.0
2001-06-28,PETR3,61.0,59.5,61.0,58.1,18416545.0
2001-06-29,PETR3,59.5,60.15,60.5,59.0,21062600.0
2001-07-02,PETR3,59.5,58.2,59.5,58.2,16625216.0
2001-07-03,PETR3,58.49,56.83,58.5,56.61,15327695.0
2001-07-04,PETR3,57.1,56.3,57.7,56.2,11017693.0
2001-07-05,PETR3,57.0,57.0,57.8,56.2,22477261.0
2001-07-06,PETR3,57.0,58.19,58.5,56.5,34662120.0
2001-07-10,PETR3,58.5,58.6,59.0,58.0,7995527.0
2001-07-11,PETR3,57.5,60.8,60.8,57.5,27247751.0
2001-07-12,PETR3,60.51,60.0,60.51,59.6,12930645.0
2001-07-13,PETR3,60.5,59.5,60.7,58.7,8816340.0
2001-07-16,PETR3,60.0,57.2,60.0,57.2,12079000.0
2001-07-17,PETR3,57.0,56.6,57.12,56.0,26147789.0
2001-07-18,PETR3,56.65,54.3,56.65,54.3,19223361.0
2001-07-19,PETR3,54.21,55.0,56.5,54.21,8951830.0
2001-07-20,PETR3,55.1,56.31,56.5,54.2,3884148.0
2001-07-23,PETR3,56.9,57.7,58.1,56.4,7092835.0
2001-07-24,PETR3,57.2,57.4,57.9,56.8,15690915.0
2001-07-25,PETR3,57.4,58.29,58.4,57.28,8690543.0
2001-07-26,PETR3,58.28,58.4,59.35,58.28,32311843.0
2001-07-27,PETR3,59.5,58.6,59.5,58.0,7548736.0
2001-07-30,PETR3,59.0,58.3,59.59,58.3,7856033.0
2001-07-31,PETR3,58.01,58.49,58.8,58.0,10310612.0
2001-08-01,PETR3,58.2,57.5,58.81,57.2,8959447.0
2001-08-02,PETR3,57.3,56.2,57.5,56.0,9712512.0
2001-08-03,PETR3,57.2,58.0,58.0,56.9,11763728.0
2001-08-06,PETR3,58.0,57.4,58.4,57.4,11772575.0
2001-08-07,PETR3,57.2,57.75,57.9,56.9,16584396.0
2001-08-08,PETR3,57.6,57.5,58.2,57.5,19416108.0
2001-08-09,PETR3,57.3,56.7,57.4,56.5,15578348.0
2001-08-10,PETR3,57.0,57.0,57.1,56.5,11363812.0
2001-08-13,PETR3,56.9,56.65,57.0,56.6,11681889.0
2001-08-14,PETR3,56.6,57.6,57.7,56.6,15626933.0
2001-08-15,PETR3,57.7,57.87,58.4,57.0,21718956.0
2001-08-16,PETR3,57.6,57.21,57.8,56.98,18038722.0
2001-08-17,PETR3,56.98,53.9,56.98,53.9,48761098.0
2001-08-20,PETR3,53.7,54.0,54.8,52.8,48162647.0
2001-08-21,PETR3,54.0,54.3,54.3,53.6,40729380.0
2001-08-22,PETR3,55.0,54.82,55.1,54.6,17777267.0
2001-08-23,PETR3,54.85,55.4,56.0,54.85,17794617.0
2001-08-24,PETR3,55.4,57.7,58.1,54.9,20546490.0
2001-08-27,PETR3,57.5,58.41,59.0,57.0,16046633.0
2001-08-28,PETR3,58.5,58.0,58.8,57.8,22158611.0
2001-08-29,PETR3,58.0,58.2,58.5,57.9,10755061.0
2001-08-30,PETR3,58.5,57.9,58.5,57.6,14128316.0
2001-08-31,PETR3,57.5,57.6,57.8,56.0,17851043.0
2001-09-03,PETR3,57.5,57.3,57.5,56.5,7535073.0
2001-09-04,PETR3,57.3,59.1,59.4,57.1,31075414.0
2001-09-05,PETR3,56.8,60.5,61.5,56.8,11043973.0
2001-09-06,PETR3,60.5,57.6,60.5,57.01,15194566.0
2001-09-10,PETR3,57.39,57.0,58.5,56.9,18210587.0
2001-09-11,PETR3,57.5,55.5,62.0,54.0,4927670.0
2001-09-12,PETR3,56.0,56.7,57.5,56.0,18471854.0
2001-09-13,PETR3,56.7,53.0,57.0,53.0,31457240.0
2001-09-14,PETR3,53.1,52.7,53.2,49.0,19738852.0
2001-09-17,PETR3,52.5,57.7,57.7,52.5,43048754.0
2001-09-18,PETR3,57.5,58.7,59.2,55.9,24324233.0
2001-09-19,PETR3,58.0,57.19,58.9,56.8,23738038.0
2001-09-20,PETR3,56.8,54.4,56.8,54.04,18546920.0
2001-09-21,PETR3,54.04,54.89,54.89,49.0,15304451.0
2001-09-24,PETR3,54.5,51.4,54.5,51.0,36102016.0
2001-09-25,PETR3,51.5,50.5,52.0,50.01,30058948.0
2001-09-26,PETR3,50.3,49.75,50.7,49.4,14251928.0
2001-09-27,PETR3,49.5,51.2,51.4,49.2,22277791.0
2001-09-28,PETR3,52.0,52.9,53.0,51.65,17203067.0
2001-10-01,PETR3,52.79,51.0,52.79,50.5,5311467.0
2001-10-02,PETR3,50.3,50.3,51.0,50.0,6086915.0
2001-10-03,PETR3,50.0,51.21,51.21,49.5,13737034.0
2001-10-04,PETR3,51.3,52.0,52.5,51.3,27769024.0
2001-10-05,PETR3,52.0,52.1,52.2,51.4,9997101.0
2001-10-08,PETR3,50.51,51.83,52.2,50.51,6457267.0
2001-10-09,PETR3,51.83,52.5,52.8,51.83,18635126.0
2001-10-10,PETR3,52.4,54.59,54.59,52.2,16509233.0
2001-10-11,PETR3,55.0,55.3,56.0,54.7,20047235.0
2001-10-15,PETR3,55.3,57.0,57.0,55.3,27152426.0
2001-10-16,PETR3,57.5,55.6,57.5,55.3,15580102.0
2001-10-17,PETR3,56.0,55.98,56.7,55.1,19221339.0
2001-10-18,PETR3,55.9,54.0,55.9,53.7,18880969.0
2001-10-19,PETR3,54.0,53.7,54.5,52.8,32253573.0
2001-10-22,PETR3,53.71,54.9,55.0,53.6,12261118.0
2001-10-23,PETR3,55.0,54.9,55.37,54.5,17099675.0
2001-10-24,PETR3,54.36,55.0,55.4,54.01,14371420.0
2001-10-25,PETR3,54.01,54.51,54.51,53.2,13799017.0
2001-10-26,PETR3,54.5,54.3,55.35,54.0,11221281.0
2001-10-29,PETR3,54.3,53.0,54.9,52.8,10151588.0
2001-10-30,PETR3,53.0,51.8,53.0,51.8,13973680.0
2001-10-31,PETR3,53.0,53.4,53.99,52.3,29237712.0
2001-11-01,PETR3,53.49,53.3,53.7,52.5,27632563.0
2001-11-05,PETR3,53.3,52.79,54.4,52.65,9722645.0
2001-11-06,PETR3,53.0,51.7,53.8,51.7,22533636.0
2001-11-07,PETR3,52.0,52.3,52.5,51.5,20199572.0
2001-11-08,PETR3,53.0,53.2,54.2,53.0,23617082.0
2001-11-09,PETR3,54.0,56.01,56.5,53.8,15967552.0
2001-11-12,PETR3,56.01,53.81,56.01,53.8,13029517.0
2001-11-13,PETR3,54.1,54.0,54.7,52.8,30648652.0
2001-11-14,PETR3,54.0,51.5,54.0,51.3,41888797.0
2001-11-16,PETR3,48.49,47.5,49.0,47.39,25347938.0
2001-11-19,PETR3,47.52,47.93,49.4,47.4,26495770.0
2001-11-20,PETR3,48.4,49.11,49.8,48.4,17943576.0
2001-11-21,PETR3,49.22,50.39,50.6,49.22,16298570.0
2001-11-22,PETR3,50.98,52.5,52.89,50.98,11306932.0
2001-11-23,PETR3,50.0,51.7,52.1,50.0,17019045.0
2001-11-26,PETR3,51.7,50.85,51.7,50.85,19622675.0
2001-11-27,PETR3,51.15,51.0,51.6,50.5,33561130.0
2001-11-28,PETR3,50.8,49.91,50.8,49.62,31073847.0
2001-11-29,PETR3,50.5,50.0,51.0,49.75,26750705.0
2001-11-30,PETR3,50.0,51.0,51.5,49.98,21131158.0
2001-12-03,PETR3,51.0,52.6,52.6,50.3,22740684.0
2001-12-04,PETR3,52.9,52.9,53.41,51.9,40546484.0
2001-12-05,PETR3,52.9,54.0,54.0,52.9,30091204.0
2001-12-06,PETR3,53.5,52.8,53.7,52.5,16481368.0
2001-12-07,PETR3,52.5,50.8,52.5,50.5,30108093.0
2001-12-10,PETR3,50.5,50.3,50.6,49.9,16539270.0
2001-12-11,PETR3,50.3,50.0,51.1,49.51,27044922.0
2001-12-12,PETR3,49.9,49.79,50.3,49.0,18611970.0
2001-12-13,PETR3,49.79,48.6,49.79,48.5,10485535.0
2001-12-14,PETR3,49.0,48.8,49.0,48.0,9881334.0
2001-12-17,PETR3,49.0,48.4,49.1,48.2,7687837.0
2001-12-18,PETR3,49.0,49.79,50.0,48.7,10316776.0
2001-12-19,PETR3,49.5,50.8,51.25,48.9,64115294.0
2001-12-20,PETR3,50.8,49.1,50.8,48.9,29517247.0
2001-12-21,PETR3,49.6,49.9,50.43,49.5,26891878.0
2001-12-26,PETR3,49.99,50.6,50.8,49.99,16360139.0
2001-12-27,PETR3,50.6,51.9,52.9,50.6,20485830.0
2001-12-28,PETR3,51.9,52.49,52.79,51.9,23528642.0
2002-01-02,PETR3,52.4,53.1,53.5,52.4,12390192.0
2002-01-03,PETR3,53.1,53.69,54.01,53.1,22019743.0
2002-01-04,PETR3,53.4,52.7,53.59,52.3,15996662.0
2002-01-07,PETR3,52.9,53.8,54.4,52.9,11307335.0
2002-01-08,PETR3,53.79,53.4,53.8,53.1,7146185.0
2002-01-09,PETR3,53.2,52.9,53.2,52.4,11303441.0
2002-01-10,PETR3,52.5,52.8,52.9,52.1,8273549.0
2002-01-11,PETR3,52.5,51.6,52.9,51.6,9125195.0
2002-01-14,PETR3,51.0,49.5,51.0,49.15,18687996.0
2002-01-15,PETR3,50.1,49.05,50.1,49.0,9461803.0
2002-01-16,PETR3,49.0,49.28,49.8,48.5,11391423.0
2002-01-17,PETR3,49.4,49.99,50.2,49.1,7790710.0
2002-01-18,PETR3,50.0,50.05,50.2,49.52,5158763.0
2002-01-21,PETR3,49.52,49.18,49.6,49.1,4249095.0
2002-01-22,PETR3,49.4,49.0,50.0,49.0,19433290.0
2002-01-23,PETR3,49.0,48.79,49.28,48.7,7026188.0
2002-01-24,PETR3,48.83,48.4,48.95,48.01,23303575.0
2002-01-28,PETR3,49.0,50.1,50.2,48.9,23866305.0
2002-01-29,PETR3,50.0,49.0,50.1,48.6,13692776.0
2002-01-30,PETR3,48.5,49.44,49.44,48.2,11813812.0
2002-01-31,PETR3,49.98,49.59,49.98,48.5,18315353.0
2002-02-01,PETR3,49.99,49.5,50.0,49.1,10861388.0
2002-02-04,PETR3,49.0,49.4,49.99,49.0,11092383.0
2002-02-05,PETR3,49.4,49.31,49.4,48.8,7072394.0
2002-02-06,PETR3,49.3,49.8,49.95,49.1,11138621.0
2002-02-07,PETR3,49.5,49.45,49.7,49.3,6109747.0
2002-02-08,PETR3,49.7,48.9,49.7,48.8,7839048.0
2002-02-13,PETR3,50.0,50.4,51.01,48.9,20263725.0
2002-02-14,PETR3,50.4,51.0,51.3,50.4,9912121.0
2002-02-15,PETR3,51.0,51.4,51.5,51.0,10208090.0
2002-02-18,PETR3,50.71,50.6,50.9,50.49,3966076.0
2002-02-19,PETR3,51.0,51.0,51.55,50.4,19940729.0
2002-02-20,PETR3,50.73,51.19,51.2,50.4,10737803.0
2002-02-21,PETR3,51.5,52.3,52.8,51.4,14416563.0
2002-02-22,PETR3,52.14,53.5,54.4,52.0,28448372.0
2002-02-25,PETR3,54.0,54.9,54.9,53.9,17036005.0
2002-02-26,PETR3,54.3,55.7,55.9,54.3,30773888.0
2002-02-27,PETR3,55.8,57.2,57.37,55.8,33130785.0
2002-02-28,PETR3,57.0,58.2,58.55,56.8,60594906.0
2002-03-01,PETR3,58.28,60.3,60.5,58.28,55586873.0
2002-03-04,PETR3,60.3,61.0,61.0,59.0,73141814.0
2002-03-05,PETR3,61.0,59.8,61.4,59.8,36731252.0
2002-03-06,PETR3,59.8,59.02,59.8,58.0,37108535.0
2002-03-07,PETR3,58.99,59.4,60.2,58.99,21481835.0
2002-03-08,PETR3,59.7,58.5,59.7,58.3,14887894.0
2002-03-11,PETR3,58.5,59.13,59.7,58.5,11347254.0
2002-03-12,PETR3,58.5,59.6,60.49,58.5,48039237.0
2002-03-13,PETR3,60.0,60.04,60.2,59.2,26373142.0
2002-03-14,PETR3,60.5,61.2,61.2,60.0,33811389.0
2002-03-15,PETR3,61.1,63.0,63.5,61.1,69450398.0
2002-03-18,PETR3,63.11,63.01,64.0,62.87,18283745.0
2002-03-19,PETR3,63.05,63.12,63.5,62.8,21663941.0
2002-03-20,PETR3,63.2,62.3,63.2,61.96,21264665.0
2002-03-21,PETR3,62.0,61.4,62.28,61.2,19410074.0
2002-03-22,PETR3,60.8,60.9,61.79,60.2,20178305.0
2002-03-25,PETR3,58.62,59.3,59.98,57.85,18462645.0
2002-03-26,PETR3,59.3,60.31,60.7,59.3,15279578.0
2002-03-27,PETR3,60.5,61.05,62.0,60.5,26302759.0
2002-03-28,PETR3,61.4,61.3,62.1,61.0,18594319.0
2002-04-01,PETR3,61.5,62.4,63.4,61.5,24276647.0
2002-04-02,PETR3,63.0,61.71,63.0,61.7,18633468.0
2002-04-03,PETR3,61.0,60.9,61.5,60.2,25168030.0
2002-04-04,PETR3,60.83,61.0,62.0,60.79,15891146.0
2002-04-05,PETR3,60.5,60.2,61.1,60.0,13220693.0
2002-04-08,PETR3,60.9,60.7,61.36,60.53,8072095.0
2002-04-09,PETR3,60.1,58.85,60.1,58.83,17756877.0
2002-04-10,PETR3,58.6,58.91,59.2,58.47,20616096.0
2002-04-11,PETR3,58.85,58.5,59.3,58.3,30004531.0
2002-04-12,PETR3,58.0,57.8,59.0,57.4,26551747.0
2002-04-15,PETR3,59.0,58.8,59.3,58.2,29733220.0
2002-04-16,PETR3,59.0,59.2,59.65,58.63,35991415.0
2002-04-17,PETR3,59.2,60.0,60.9,59.2,25228643.0
2002-04-18,PETR3,60.2,59.5,60.21,59.2,17397829.0
2002-04-19,PETR3,59.5,59.2,59.85,59.2,8550878.0
2002-04-22,PETR3,59.27,59.1,59.52,58.4,28462393.0
2002-04-23,PETR3,58.71,59.8,61.0,58.71,18909488.0
2002-04-24,PETR3,59.65,59.85,60.32,59.5,27992504.0
2002-04-25,PETR3,59.5,58.75,59.74,58.3,22131089.0
2002-04-26,PETR3,59.2,57.5,59.2,57.5,20664095.0
2002-04-29,PETR3,57.45,58.0,58.63,57.45,15484589.0
2002-04-30,PETR3,57.99,58.15,58.5,57.9,18609485.0
2002-05-02,PETR3,57.44,56.5,58.0,56.4,40832821.0
2002-05-03,PETR3,56.65,57.05,57.3,55.8,21334190.0
2002-05-06,PETR3,56.51,56.01,57.0,56.01,27044393.0
2002-05-07,PETR3,56.8,56.1,56.8,55.8,32491371.0
2002-05-08,PETR3,56.6,57.61,57.8,56.6,18236452.0
2002-05-09,PETR3,57.2,56.4,57.41,56.15,28396222.0
2002-05-10,PETR3,55.0,55.5,56.8,55.0,34471669.0
2002-05-13,PETR3,55.5,54.53,55.5,53.6,26969562.0
2002-05-14,PETR3,55.0,55.08,56.36,54.8,24437612.0
2002-05-15,PETR3,54.81,54.6,55.1,54.4,18959908.0
2002-05-16,PETR3,55.7,56.8,56.8,55.0,24504415.0
2002-05-17,PETR3,56.8,56.9,57.1,56.17,14741840.0
2002-05-20,PETR3,57.1,57.89,58.0,57.1,17480687.0
2002-05-21,PETR3,57.95,58.5,58.7,57.95,19625205.0
2002-05-22,PETR3,58.59,59.01,59.6,58.2,32898759.0
2002-05-23,PETR3,59.05,59.8,60.0,58.8,42008929.0
2002-05-24,PETR3,59.8,60.0,61.0,59.8,35659961.0
2002-05-27,PETR3,59.8,59.95,59.99,59.4,12253894.0
2002-05-28,PETR3,59.95,59.8,60.3,59.65,32548393.0
2002-05-29,PETR3,59.6,59.2,59.9,59.2,13150045.0
2002-05-31,PETR3,59.21,58.36,59.73,58.36,22041312.0
2002-06-03,PETR3,58.37,59.0,59.4,58.37,13917882.0
2002-06-04,PETR3,58.9,60.0,60.0,58.8,20659625.0
2002-06-05,PETR3,60.0,59.9,60.2,59.61,14867937.0
2002-06-06,PETR3,60.0,58.35,60.0,58.01,33687060.0
2002-06-07,PETR3,58.01,57.35,59.5,57.2,19850714.0
2002-06-10,PETR3,57.7,57.9,58.01,57.5,18686235.0
2002-06-11,PETR3,57.95,57.0,57.95,56.2,18616990.0
2002-06-12,PETR3,57.4,56.65,57.77,56.65,21543094.0
2002-06-13,PETR3,57.05,55.22,57.05,55.0,26488922.0
2002-06-14,PETR3,55.1,53.65,55.1,53.2,32050643.0
2002-06-17,PETR3,54.0,53.8,54.2,53.6,30634849.0
2002-06-18,PETR3,53.8,53.86,54.2,53.55,33527106.0
2002-06-19,PETR3,53.93,52.5,53.93,52.5,32811863.0
2002-06-20,PETR3,53.0,50.05,53.7,49.8,36265191.0
2002-06-21,PETR3,52.0,46.25,52.0,44.9,41462384.0
2002-06-24,PETR3,47.0,48.0,48.51,45.81,18248416.0
2002-06-25,PETR3,48.5,52.0,52.0,48.5,31162814.0
2002-06-26,PETR3,51.3,54.2,54.26,51.0,32499709.0
2002-06-27,PETR3,54.53,53.9,54.7,53.4,17338721.0
2002-06-28,PETR3,54.0,53.0,54.4,52.51,14640744.0
2002-07-01,PETR3,53.5,52.75,53.5,52.2,9781300.0
2002-07-02,PETR3,52.6,51.6,52.6,50.8,13387286.0
2002-07-03,PETR3,52.69,51.2,52.69,50.6,17054550.0
2002-07-04,PETR3,51.0,51.0,51.5,50.8,15140601.0
2002-07-05,PETR3,50.8,50.15,50.8,49.8,7199811.0
2002-07-08,PETR3,50.55,49.41,50.55,49.2,7388166.0
2002-07-10,PETR3,50.0,49.8,51.0,49.5,9651739.0
2002-07-11,PETR3,49.4,48.8,49.5,48.6,13074574.0
2002-07-12,PETR3,49.4,49.0,49.6,48.6,26902978.0
2002-07-15,PETR3,48.61,48.1,48.7,47.5,13731696.0
2002-07-16,PETR3,48.25,49.0,49.0,48.0,12439570.0
2002-07-17,PETR3,49.5,50.02,50.23,49.43,38425392.0
2002-07-18,PETR3,50.1,48.65,50.1,48.65,23801207.0
2002-07-19,PETR3,48.1,47.2,48.39,47.15,7947896.0
2002-07-22,PETR3,47.0,43.0,47.0,43.0,50136408.0
2002-07-23,PETR3,44.1,42.0,44.2,42.0,22118013.0
2002-07-24,PETR3,41.0,44.2,44.8,40.5,27470096.0
2002-07-25,PETR3,43.99,43.5,44.0,42.8,22566977.0
2002-07-26,PETR3,43.5,41.49,44.5,41.0,19805034.0
2002-07-29,PETR3,42.11,40.0,42.99,40.0,24460109.0
2002-07-30,PETR3,40.98,42.1,42.3,40.5,38209645.0
2002-07-31,PETR3,43.01,45.0,45.7,43.0,20462680.0
2002-08-01,PETR3,45.0,45.01,45.67,43.7,18401118.0
2002-08-02,PETR3,45.4,46.85,46.85,45.0,23368908.0
2002-08-05,PETR3,46.4,46.0,46.4,45.3,24393631.0
2002-08-06,PETR3,45.8,45.1,45.8,44.5,12281762.0
2002-08-07,PETR3,45.2,44.25,45.7,44.0,25449729.0
2002-08-08,PETR3,46.9,48.77,49.83,45.5,42781373.0
2002-08-09,PETR3,49.01,50.49,51.4,48.0,54729548.0
2002-08-12,PETR3,50.0,48.5,50.0,48.0,11559364.0
2002-08-13,PETR3,48.0,45.15,48.22,45.15,24579276.0
2002-08-14,PETR3,46.0,44.4,46.23,43.0,22461942.0
2002-08-15,PETR3,44.7,45.3,45.7,44.0,8402914.0
2002-08-16,PETR3,45.0,44.95,45.0,43.49,13189663.0
2002-08-19,PETR3,45.0,44.0,45.3,43.8,31306411.0
2002-08-20,PETR3,44.03,43.0,44.03,42.98,9350257.0
2002-08-21,PETR3,43.4,44.29,44.9,43.2,55080984.0
2002-08-22,PETR3,44.0,45.27,45.61,43.9,22747492.0
2002-08-23,PETR3,45.5,45.15,46.0,44.98,9949294.0
2002-08-26,PETR3,45.1,45.9,46.5,45.1,23837792.0
2002-08-27,PETR3,46.5,48.1,48.5,46.5,20291999.0
2002-08-28,PETR3,48.0,47.41,48.3,47.1,16494956.0
2002-08-29,PETR3,46.8,47.95,48.0,46.0,11337681.0
2002-08-30,PETR3,47.95,48.3,48.5,47.5,30142528.0
2002-09-02,PETR3,48.1,48.25,48.7,47.2,3581823.0
2002-09-03,PETR3,47.21,49.21,49.9,47.21,37436342.0
2002-09-04,PETR3,49.0,50.6,50.61,49.0,41557619.0
2002-09-05,PETR3,49.5,50.2,51.1,49.5,22129537.0
2002-09-06,PETR3,50.43,50.7,51.2,50.2,19898479.0
2002-09-09,PETR3,50.9,51.3,51.3,50.2,21418395.0
2002-09-10,PETR3,51.0,52.3,52.6,51.0,10759608.0
2002-09-11,PETR3,52.0,53.0,53.1,52.0,10978765.0
2002-09-12,PETR3,52.9,52.56,53.1,52.5,15779323.0
2002-09-13,PETR3,52.5,53.65,53.99,52.5,15539268.0
2002-09-16,PETR3,53.65,52.9,53.82,52.5,7668058.0
2002-09-17,PETR3,52.5,49.7,52.5,49.7,11340545.0
2002-09-18,PETR3,50.1,49.8,50.1,48.7,18261945.0
2002-09-19,PETR3,50.0,47.47,50.0,47.47,23346491.0
2002-09-20,PETR3,48.1,48.49,49.5,46.82,20633112.0
2002-09-23,PETR3,48.38,47.26,48.38,46.0,22742808.0
2002-09-24,PETR3,47.0,45.41,47.0,44.6,18945081.0
2002-09-25,PETR3,46.2,43.89,46.5,43.2,19491712.0
2002-09-26,PETR3,45.0,43.4,45.0,42.8,32351767.0
2002-09-27,PETR3,43.25,39.6,43.25,38.7,67040686.0
2002-09-30,PETR3,40.0,40.2,42.4,37.0,32859335.0
2002-10-01,PETR3,41.0,44.29,45.25,40.8,28632694.0
2002-10-02,PETR3,45.0,43.65,45.25,43.5,14650265.0
2002-10-03,PETR3,43.8,45.5,46.2,43.3,12064315.0
2002-10-04,PETR3,45.5,45.5,46.3,45.3,11027710.0
2002-10-07,PETR3,46.0,43.22,46.0,43.1,7160827.0
2002-10-08,PETR3,44.0,43.61,44.0,41.8,17503963.0
2002-10-09,PETR3,43.0,43.2,43.3,41.9,10216586.0
2002-10-10,PETR3,43.0,42.11,44.0,42.1,30769870.0
2002-10-11,PETR3,42.26,40.89,44.0,40.8,27902590.0
2002-10-14,PETR3,39.8,37.99,40.2,37.99,23428271.0
2002-10-15,PETR3,38.7,38.02,39.5,38.0,49942597.0
2002-10-16,PETR3,38.25,37.89,38.25,37.2,40164070.0
2002-10-17,PETR3,39.0,41.5,41.5,38.8,28486675.0
2002-10-18,PETR3,41.8,42.3,42.8,41.49,15362750.0
2002-10-21,PETR3,42.3,42.9,43.19,41.6,10186290.0
2002-10-22,PETR3,41.0,43.11,43.11,41.0,19509087.0
2002-10-23,PETR3,43.11,46.2,46.2,43.1,23278296.0
2002-10-24,PETR3,46.21,47.51,49.9,45.3,36897738.0
2002-10-25,PETR3,48.0,47.8,48.8,46.0,17740533.0
2002-10-28,PETR3,47.5,46.8,48.5,46.5,30692190.0
2002-10-29,PETR3,46.0,45.5,47.3,45.3,22937439.0
2002-10-30,PETR3,46.73,47.61,47.9,46.2,22123269.0
2002-10-31,PETR3,47.9,48.6,48.74,47.5,18175983.0
2002-11-01,PETR3,48.0,47.9,49.98,47.8,33584217.0
2002-11-04,PETR3,48.9,46.5,49.49,46.31,19618866.0
2002-11-05,PETR3,47.0,45.6,47.01,45.6,6377079.0
2002-11-06,PETR3,45.0,45.0,45.81,44.5,13997943.0
2002-11-07,PETR3,45.2,46.3,46.8,44.5,8066865.0
2002-11-08,PETR3,48.4,46.51,48.5,46.51,4868250.0
2002-11-11,PETR3,47.0,47.65,47.7,47.0,6105149.0
2002-11-12,PETR3,46.5,47.0,47.19,46.1,14449992.0
2002-12-04,PETR3,48.0,48.9,48.9,48.0,7784234.0
2002-12-03,PETR3,46.8,49.0,49.1,46.5,7795591.0
2002-12-02,PETR3,49.0,48.9,49.0,48.0,11761589.0
2002-12-10,PETR3,48.5,47.9,48.6,47.64,11028637.0
2002-12-09,PETR3,48.89,48.42,48.89,47.7,17500050.0
2002-12-06,PETR3,48.4,48.74,49.5,48.1,16811613.0
2002-12-05,PETR3,48.9,48.5,48.9,48.0,9818263.0
2002-12-11,PETR3,48.0,49.2,49.49,48.0,13098525.0
2002-11-13,PETR3,46.1,46.45,46.6,45.51,22137967.0
2002-11-19,PETR3,48.98,48.4,49.4,48.0,15733139.0
2002-11-18,PETR3,48.5,49.0,49.19,48.0,16783250.0
2002-11-20,PETR3,48.44,49.2,49.6,47.5,11306923.0
2002-11-21,PETR3,49.2,50.01,50.28,49.0,22065464.0
2002-11-22,PETR3,49.79,49.5,49.9,48.9,7406572.0
2002-11-25,PETR3,49.49,47.8,50.0,47.78,19011705.0
2002-11-29,PETR3,46.8,48.0,48.0,46.8,9293849.0
2002-11-28,PETR3,46.61,46.31,46.8,46.31,1471239.0
2002-11-27,PETR3,47.0,46.8,47.11,46.5,6009102.0
2002-11-26,PETR3,47.8,46.7,48.05,46.65,19711868.0
2002-11-14,PETR3,46.45,47.55,47.55,46.2,7513782.0
2002-12-12,PETR3,49.2,49.96,50.5,49.2,15521642.0
2002-12-13,PETR3,49.9,49.66,50.02,49.4,30012778.0
2002-12-16,PETR3,50.0,50.0,50.5,49.31,8708738.0
2002-12-17,PETR3,50.3,49.9,50.8,49.9,11856829.0
2002-12-18,PETR3,50.79,50.0,50.79,49.1,17676091.0
2002-12-19,PETR3,50.1,52.65,52.7,50.0,40776447.0
2002-12-20,PETR3,52.9,55.2,55.7,52.9,24402920.0
2002-12-23,PETR3,55.0,54.2,55.7,54.0,10568831.0
2002-12-26,PETR3,54.34,53.5,54.34,53.4,3468701.0
2002-12-27,PETR3,53.5,52.0,53.7,51.5,2645211.0
2002-12-30,PETR3,52.0,52.8,52.8,51.8,2595190.0
2003-03-10,PETR3,47.98,47.1,47.98,47.1,22347939.0
2003-03-11,PETR3,47.1,49.2,50.0,47.0,9977189.0
2003-03-12,PETR3,49.7,50.8,50.8,49.1,14080803.0
2003-03-13,PETR3,50.0,50.7,51.31,49.21,23453475.0
2003-03-14,PETR3,50.99,51.15,51.49,50.53,10785903.0
2003-03-17,PETR3,51.0,50.8,51.7,50.1,19949156.0
2003-03-18,PETR3,50.5,52.6,52.8,50.5,14467685.0
2003-03-19,PETR3,52.15,53.0,53.57,52.15,19742642.0
2003-03-20,PETR3,53.0,53.5,54.2,52.01,20901046.0
2003-03-21,PETR3,53.61,53.0,54.9,53.0,19785632.0
2003-03-24,PETR3,52.17,51.6,53.5,51.6,14696030.0
2003-03-25,PETR3,51.6,52.8,53.11,51.6,13446514.0
2003-03-26,PETR3,53.0,51.7,53.01,51.7,12511372.0
2003-03-27,PETR3,51.7,51.8,51.9,50.5,13909383.0
2003-03-28,PETR3,51.0,51.35,52.1,50.32,15027351.0
2003-03-31,PETR3,50.32,50.79,51.2,50.31,10990877.0
2003-04-01,PETR3,51.65,52.3,52.5,51.21,8734790.0
2003-04-02,PETR3,52.6,53.3,53.61,52.6,28029469.0
2003-04-03,PETR3,53.54,53.7,54.6,53.1,25350050.0
2003-04-04,PETR3,54.1,53.75,54.5,53.4,14071461.0
2003-04-07,PETR3,55.0,52.49,55.2,52.2,31754355.0
2003-04-08,PETR3,52.49,50.19,52.49,49.81,24726192.0
2003-04-09,PETR3,50.4,50.36,50.7,49.59,30801385.0
2003-04-10,PETR3,50.36,50.5,51.2,50.1,13891893.0
2003-04-11,PETR3,50.5,50.8,51.0,50.2,10727046.0
2003-04-14,PETR3,50.6,50.67,50.8,50.3,17167411.0
2003-04-15,PETR3,50.7,51.11,51.11,49.9,14898453.0
2003-04-16,PETR3,51.2,50.8,51.3,50.1,20930960.0
2003-04-17,PETR3,50.8,51.8,52.1,50.6,18319854.0
2003-04-22,PETR3,51.08,52.5,52.5,51.08,9334469.0
2003-04-23,PETR3,52.2,53.0,53.0,51.3,16981347.0
2003-04-24,PETR3,52.01,52.3,52.5,51.61,14911660.0
2003-04-25,PETR3,52.0,51.75,52.3,51.61,5647114.0
2003-04-28,PETR3,51.01,52.15,52.3,51.01,9316932.0
2003-04-29,PETR3,52.3,53.2,53.61,52.0,21196223.0
2003-04-30,PETR3,53.82,54.2,54.2,52.94,22845663.0
2003-05-02,PETR3,54.2,55.0,55.1,53.0,12139059.0
2003-05-05,PETR3,54.1,56.3,56.3,54.1,16608715.0
2003-05-06,PETR3,56.0,56.2,56.9,55.3,33872391.0
2003-05-07,PETR3,56.3,56.29,56.5,55.7,28664887.0
2003-05-08,PETR3,55.81,55.19,55.81,54.9,25119159.0
2003-05-09,PETR3,55.99,57.0,57.0,55.0,38788794.0
2003-05-12,PETR3,57.0,57.99,57.99,56.0,11858901.0
2003-05-13,PETR3,57.8,58.95,59.0,57.8,32428474.0
2003-05-14,PETR3,58.2,58.8,59.0,57.88,17042779.0
2003-01-02,PETR3,52.8,52.55,53.29,52.55,6218506.0
2003-05-15,PETR3,58.8,59.0,59.0,57.7,22573864.0
2003-01-03,PETR3,52.75,52.08,54.7,52.08,8437832.0
2003-05-16,PETR3,59.51,58.85,60.5,57.8,22664268.0
2003-01-06,PETR3,52.5,54.4,54.8,52.5,23190659.0
2003-05-19,PETR3,58.49,56.95,58.49,56.75,10400538.0
2003-05-20,PETR3,56.0,57.5,57.5,55.9,11627301.0
2003-01-07,PETR3,52.85,53.8,54.0,52.85,13771905.0
2003-05-21,PETR3,57.21,58.0,58.0,56.7,24004040.0
2003-01-08,PETR3,53.11,53.06,53.76,53.0,6487552.0
2003-05-22,PETR3,57.5,58.4,59.0,57.06,11856286.0
2003-05-23,PETR3,57.5,57.5,58.2,56.81,19836954.0
2003-01-09,PETR3,54.0,56.0,56.11,53.9,15146122.0
2003-05-26,PETR3,56.99,56.3,57.4,56.02,12467577.0
2003-01-10,PETR3,56.13,57.99,57.99,56.13,15436421.0
2003-05-27,PETR3,56.4,57.6,57.8,56.2,17830133.0
2003-05-28,PETR3,58.0,58.2,58.4,57.5,17348482.0
2003-01-13,PETR3,57.5,57.7,58.4,57.1,11173116.0
2003-05-29,PETR3,58.5,57.0,58.8,57.0,17755251.0
2003-01-14,PETR3,57.51,58.2,58.32,57.0,25986865.0
2003-05-30,PETR3,57.01,58.0,58.0,56.5,40845605.0
2003-06-02,PETR3,57.6,57.2,57.85,56.7,30620733.0
2003-01-15,PETR3,57.11,58.5,58.5,57.0,17950687.0
2003-06-03,PETR3,56.5,56.8,57.2,56.5,19071281.0
2003-01-16,PETR3,58.51,58.1,58.99,57.75,13331419.0
2003-06-04,PETR3,56.8,58.6,58.88,56.8,14127589.0
2003-01-17,PETR3,57.2,55.25,57.8,55.15,20962619.0
2003-06-05,PETR3,58.0,58.4,59.1,58.0,22505590.0
2003-06-06,PETR3,59.0,59.2,60.1,58.89,27311288.0
2003-01-20,PETR3,55.5,55.0,55.5,54.7,2294602.0
2003-06-09,PETR3,59.7,58.06,59.7,58.06,7971069.0
2003-01-21,PETR3,54.01,54.4,55.1,54.01,3168985.0
2003-06-10,PETR3,58.1,57.3,59.25,56.99,14088994.0
2003-01-22,PETR3,54.0,52.2,54.0,52.1,17910668.0
2003-06-11,PETR3,57.01,58.01,58.19,56.5,13299042.0
2003-06-12,PETR3,57.9,58.79,58.8,57.7,18131521.0
2003-01-23,PETR3,52.51,52.29,52.51,51.7,9835970.0
2003-06-13,PETR3,59.0,58.9,59.35,58.0,13261497.0
2003-01-24,PETR3,51.7,49.7,51.8,49.7,8405193.0
2003-06-16,PETR3,58.78,59.0,59.6,58.78,23427831.0
2003-06-17,PETR3,59.0,59.0,59.7,59.0,21846276.0
2003-01-27,PETR3,49.7,49.61,50.0,48.5,32100915.0
2003-06-18,PETR3,59.1,58.0,59.55,57.19,24195477.0
2003-01-28,PETR3,49.3,49.75,50.21,49.1,12666168.0
2003-06-20,PETR3,57.3,55.2,57.44,55.2,24177202.0
2003-01-29,PETR3,50.0,51.9,51.92,49.75,24219948.0
2003-06-23,PETR3,55.6,54.29,56.25,54.12,26506063.0
2003-06-24,PETR3,54.3,55.0,55.9,54.3,31630144.0
2003-01-30,PETR3,52.5,51.8,52.5,51.24,17487434.0
2003-06-25,PETR3,55.0,55.3,55.9,54.8,36856574.0
2003-01-31,PETR3,51.75,51.8,52.25,51.0,14598563.0
2003-06-26,PETR3,55.1,54.75,55.3,54.59,22037970.0
2003-02-03,PETR3,52.0,52.6,52.9,51.6,13388478.0
2003-06-27,PETR3,55.0,55.4,55.5,54.8,11926757.0
2003-06-30,PETR3,54.46,55.6,56.1,54.46,9770348.0
2003-02-04,PETR3,52.3,51.5,52.3,51.2,23568759.0
2003-07-01,PETR3,55.7,56.5,56.5,55.43,11773247.0
2003-02-05,PETR3,51.0,51.61,52.3,51.0,29036591.0
2003-07-02,PETR3,55.84,56.39,56.9,55.8,24760904.0
2003-02-06,PETR3,50.8,49.75,51.0,49.6,10747423.0
2003-07-03,PETR3,56.03,56.55,56.9,56.01,20199983.0
2003-07-04,PETR3,56.5,57.95,57.95,56.4,8211583.0
2003-02-07,PETR3,49.9,49.3,51.0,49.01,9724495.0
2003-07-07,PETR3,58.05,59.1,59.1,58.05,9115454.0
2003-02-10,PETR3,49.5,51.2,51.5,49.2,30727113.0
2003-07-08,PETR3,56.5,59.7,59.7,56.5,18368264.0
2003-02-11,PETR3,51.7,50.7,52.2,50.7,14278925.0
2003-07-10,PETR3,59.0,59.65,59.8,58.96,21216950.0
2003-02-12,PETR3,50.89,51.59,51.8,50.5,14565940.0
2003-07-11,PETR3,59.0,58.9,59.65,58.5,22867246.0
2003-07-14,PETR3,59.2,59.5,59.7,59.18,8513641.0
2003-02-13,PETR3,50.5,50.2,51.0,50.2,9674609.0
2003-07-15,PETR3,59.34,60.5,60.86,59.23,14037062.0
2003-02-14,PETR3,50.1,50.01,50.99,49.7,12711355.0
2003-07-16,PETR3,60.3,60.49,60.9,59.7,13119732.0
2003-02-17,PETR3,50.6,50.15,50.6,50.15,6336190.0
2003-07-17,PETR3,59.41,60.29,60.3,59.41,19677324.0
2003-07-18,PETR3,60.3,61.0,61.34,60.3,17959662.0
2003-02-18,PETR3,49.3,51.0,51.0,48.6,23038683.0
2003-07-21,PETR3,61.5,61.25,61.65,60.8,27268464.0
2003-02-19,PETR3,50.0,50.3,50.51,49.8,16595134.0
2003-07-22,PETR3,61.03,61.59,61.85,61.03,8610953.0
2003-02-20,PETR3,50.0,49.6,50.2,48.9,14497372.0
2003-07-23,PETR3,61.75,61.14,62.2,60.91,13315926.0
2003-02-21,PETR3,49.6,50.1,50.2,49.35,14949826.0
2003-07-24,PETR3,61.0,60.2,61.75,60.2,12707535.0
2003-02-24,PETR3,50.5,48.5,50.5,48.4,10081276.0
2003-07-25,PETR3,60.2,59.8,60.79,59.5,19668813.0
2003-07-28,PETR3,59.9,60.2,60.2,59.35,5636450.0
2003-02-25,PETR3,48.1,47.2,48.1,47.06,18709010.0
2003-07-29,PETR3,60.0,61.1,61.37,60.0,16463107.0
2003-02-26,PETR3,47.25,46.15,47.9,46.1,7846116.0
2003-07-30,PETR3,61.0,60.8,61.1,60.6,12450195.0
2003-02-27,PETR3,46.4,46.3,46.69,45.6,10093966.0
2003-07-31,PETR3,60.5,60.7,61.0,60.01,14105242.0
2003-08-01,PETR3,60.7,58.0,60.7,57.9,25223423.0
2003-02-28,PETR3,47.0,47.81,47.81,46.99,12036823.0
2003-08-04,PETR3,57.0,57.3,57.9,57.0,28506900.0
2003-03-05,PETR3,46.99,46.0,46.99,45.84,10615551.0
2003-08-05,PETR3,58.0,58.5,58.8,57.8,17281207.0
2003-08-06,PETR3,58.5,57.8,58.99,57.6,13146156.0
2003-03-06,PETR3,46.4,46.7,46.79,46.05,11628311.0
2003-03-07,PETR3,46.5,48.5,48.5,46.5,15311394.0
2003-08-07,PETR3,58.49,60.0,60.0,58.2,23565093.0
2003-08-08,PETR3,60.35,61.97,61.97,60.35,12942099.0
2003-08-11,PETR3,61.0,61.75,62.1,61.0,17173347.0
2003-08-12,PETR3,61.6,62.25,62.84,61.5,10670662.0
2003-08-13,PETR3,61.5,61.89,62.5,61.5,37712374.0
2003-08-14,PETR3,62.0,63.7,63.7,61.9,29098006.0
2003-08-15,PETR3,62.99,62.32,63.0,61.6,17912650.0
2003-08-18,PETR3,63.94,63.4,63.94,62.0,21447061.0
2003-08-19,PETR3,63.5,61.75,63.5,61.5,32171632.0
2003-08-20,PETR3,61.5,62.2,62.7,61.05,25094497.0
2003-08-21,PETR3,62.4,62.37,62.7,61.6,27360621.0
2003-08-22,PETR3,62.5,62.4,62.9,61.6,14737855.0
2003-08-25,PETR3,62.4,61.6,62.4,61.4,14406766.0
2003-08-26,PETR3,61.4,62.01,62.5,61.3,22399190.0
2003-08-27,PETR3,62.5,63.75,63.75,62.25,13681157.0
2003-08-28,PETR3,63.75,64.5,64.58,63.29,19804318.0
2003-08-29,PETR3,63.3,65.7,65.8,63.3,33772384.0
2003-09-01,PETR3,65.5,64.81,65.8,64.5,6077065.0
2003-09-02,PETR3,64.62,64.7,65.3,64.62,15311317.0
2003-09-03,PETR3,64.65,67.0,67.1,64.6,34303144.0
2003-09-04,PETR3,67.12,69.2,69.45,67.0,38936452.0
2003-09-05,PETR3,69.5,70.1,71.0,69.0,22971063.0
2003-09-08,PETR3,70.95,70.0,71.8,70.0,23014516.0
2003-09-09,PETR3,69.65,68.0,69.65,67.9,27243536.0
2003-09-10,PETR3,68.1,68.99,69.8,67.0,21111651.0
2003-09-11,PETR3,69.5,69.98,69.98,68.5,32371208.0
2003-09-12,PETR3,69.89,68.81,69.89,68.2,20722868.0
2003-09-15,PETR3,68.39,67.0,69.0,66.5,25069822.0
2003-09-16,PETR3,67.8,67.25,67.8,66.95,11119766.0
2003-09-17,PETR3,67.0,66.9,67.5,66.45,17162974.0
2003-09-18,PETR3,67.0,66.8,67.69,66.45,26210806.0
2003-09-19,PETR3,67.81,66.5,68.11,66.0,21644880.0
2003-09-22,PETR3,66.4,65.5,66.4,64.91,43760831.0
2003-09-23,PETR3,65.37,64.7,65.9,63.8,19176721.0
2003-09-24,PETR3,64.9,65.6,66.0,64.9,28228260.0
2003-09-25,PETR3,65.6,65.0,66.0,64.0,35914998.0
2003-09-26,PETR3,64.61,65.1,65.85,64.56,41184180.0
2003-09-29,PETR3,65.1,66.0,66.0,64.31,20233090.0
2003-09-30,PETR3,66.08,65.85,66.3,64.85,23256452.0
2003-10-01,PETR3,65.9,67.15,67.49,65.9,26154515.0
2003-10-02,PETR3,67.4,70.1,70.1,67.2,21808367.0
2003-10-03,PETR3,70.1,71.15,71.8,69.2,31389268.0
2003-10-06,PETR3,70.8,71.49,71.8,70.7,19822933.0
2003-10-07,PETR3,70.99,70.5,71.59,70.14,12975366.0
2003-10-08,PETR3,71.1,71.7,72.4,71.1,26179529.0
2003-10-09,PETR3,71.02,71.99,72.75,71.0,44523866.0
2003-10-10,PETR3,71.89,71.5,72.0,71.21,7746000.0
2003-10-13,PETR3,71.8,73.4,73.5,71.8,14959295.0
2003-10-14,PETR3,73.05,72.02,73.5,72.02,28000698.0
2003-10-15,PETR3,73.0,71.2,73.0,70.07,27919458.0
2003-10-16,PETR3,70.7,70.0,71.3,69.5,18398993.0
2003-10-17,PETR3,70.0,70.0,70.25,69.31,23584231.0
2003-10-20,PETR3,70.01,69.95,70.01,69.12,33978041.0
2003-10-21,PETR3,70.01,69.6,70.5,69.55,22954572.0
2003-10-22,PETR3,69.55,68.2,69.55,68.2,13874323.0
2003-10-23,PETR3,67.5,67.3,67.8,66.6,17531073.0
2003-10-24,PETR3,67.0,68.1,68.8,66.6,10261614.0
2003-10-27,PETR3,68.6,68.18,68.8,67.85,22506033.0
2003-10-28,PETR3,68.04,69.2,69.38,67.9,30848733.0
2003-10-29,PETR3,69.7,68.53,70.1,68.53,26004075.0
2003-10-30,PETR3,68.5,68.0,68.9,67.07,15709312.0
2003-10-31,PETR3,68.0,67.2,68.1,67.1,17696273.0
2003-11-03,PETR3,67.3,68.89,68.89,67.3,30308333.0
2003-11-04,PETR3,68.35,68.5,69.9,68.27,20475348.0
2003-11-05,PETR3,68.6,67.45,68.6,67.01,14230265.0
2003-11-06,PETR3,67.5,69.45,69.9,67.5,16806333.0
2003-11-07,PETR3,69.75,69.84,70.0,69.16,19027337.0
2003-11-10,PETR3,69.28,69.3,69.3,68.6,6244588.0
2003-11-11,PETR3,68.01,69.5,70.0,68.01,13669801.0
2003-11-12,PETR3,69.5,70.5,70.99,69.5,51023547.0
2003-11-13,PETR3,70.5,71.5,71.5,70.0,19690485.0
2003-11-14,PETR3,72.65,72.8,73.15,71.8,31079006.0
2003-11-17,PETR3,72.08,71.5,72.2,71.0,20942932.0
2003-11-18,PETR3,72.0,72.25,72.4,71.4,11814414.0
2003-11-19,PETR3,72.0,72.99,73.0,71.6,14334205.0
2003-11-20,PETR3,73.95,72.9,73.95,72.61,7112757.0
2003-11-21,PETR3,72.3,72.7,73.3,72.3,28644206.0
2003-11-24,PETR3,73.7,73.4,73.95,72.99,25822660.0
2003-11-25,PETR3,73.6,73.85,73.9,73.5,19986205.0
2003-12-02,PETR3,73.0,73.8,74.0,72.8,31707960.0
2003-12-01,PETR3,71.2,73.0,73.0,71.2,18753703.0
2003-11-28,PETR3,71.06,71.2,71.2,70.5,10382517.0
2003-11-27,PETR3,70.28,71.0,71.0,70.28,21061901.0
2003-11-26,PETR3,72.0,70.5,72.0,70.5,36209526.0
2003-12-08,PETR3,74.2,74.15,74.5,73.53,17922241.0
2003-12-05,PETR3,73.7,74.11,74.5,73.3,13084432.0
2003-12-04,PETR3,73.41,73.7,73.95,72.9,28768073.0
2003-12-03,PETR3,73.4,73.41,73.9,73.1,20751555.0
2003-12-15,PETR3,80.0,77.6,80.0,77.5,17675969.0
2003-12-12,PETR3,79.8,78.9,80.5,78.5,19146563.0
2003-12-11,PETR3,77.9,79.8,80.4,77.9,26012328.0
2003-12-10,PETR3,78.0,77.94,79.0,77.51,34685161.0
2003-12-09,PETR3,74.35,78.2,79.0,74.35,48927796.0
2003-12-19,PETR3,82.5,82.5,83.3,82.29,9349750.0
2003-12-18,PETR3,80.6,82.5,82.5,80.1,23234290.0
2003-12-17,PETR3,78.8,80.41,81.59,78.8,37742668.0
2003-12-16,PETR3,78.29,78.45,79.46,76.0,18376163.0
2003-12-29,PETR3,81.8,83.2,83.35,81.6,23527627.0
2003-12-26,PETR3,82.0,81.01,82.55,80.6,31037679.0
2003-12-23,PETR3,85.0,82.25,85.5,82.09,23116782.0
2003-12-22,PETR3,82.5,84.5,84.6,82.4,22461201.0
2003-12-30,PETR3,83.5,84.1,84.7,83.5,30691316.0
2004-03-30,PETR3,92.0,93.6,95.0,90.8,37171124.0
2004-03-31,PETR3,93.1,97.15,97.26,93.1,54951482.0
2004-04-01,PETR3,96.99,96.3,98.9,96.11,54178756.0
2004-04-02,PETR3,96.3,97.5,98.5,96.1,32134824.0
2004-04-05,PETR3,97.4,96.5,98.0,96.5,32581204.0
2004-04-06,PETR3,96.5,97.11,97.9,95.8,14574799.0
2004-04-07,PETR3,95.5,97.0,97.49,95.0,24863876.0
2004-04-08,PETR3,96.8,98.55,99.5,96.8,39508163.0
2004-04-12,PETR3,98.6,101.3,101.95,98.6,37949613.0
2004-04-13,PETR3,101.5,99.5,102.8,99.5,58780201.0
2004-04-14,PETR3,99.5,97.55,101.0,97.1,33062962.0
2004-04-15,PETR3,97.0,96.0,97.7,95.7,31901660.0
2004-04-16,PETR3,95.5,95.2,97.4,95.2,22809887.0
2004-04-19,PETR3,96.0,94.62,96.0,94.21,38405657.0
2004-04-20,PETR3,94.61,91.81,95.2,91.81,44372961.0
2004-04-22,PETR3,91.8,92.32,93.2,90.71,57489427.0
2004-04-23,PETR3,92.5,92.5,94.0,92.0,14432835.0
2004-04-26,PETR3,93.0,90.8,94.15,90.0,26688449.0
2004-04-27,PETR3,91.1,91.7,93.49,91.1,18785894.0
2004-04-28,PETR3,91.5,89.5,92.6,89.4,40160023.0
2004-04-29,PETR3,89.95,85.0,90.5,83.92,48777138.0
2004-04-30,PETR3,86.3,84.5,86.3,83.1,49901343.0
2004-05-03,PETR3,84.5,86.5,86.5,83.0,42857053.0
2004-05-04,PETR3,86.49,88.8,89.96,86.49,72772863.0
2004-05-05,PETR3,89.96,91.7,91.98,89.0,50892711.0
2004-05-06,PETR3,90.6,85.8,91.13,85.8,36045293.0
2004-05-07,PETR3,84.8,82.75,85.99,81.52,43961554.0
2004-05-10,PETR3,80.98,79.56,81.7,79.2,49275383.0
2004-05-11,PETR3,81.5,85.6,85.7,80.75,40960044.0
2004-05-12,PETR3,85.7,85.5,86.55,84.4,30415477.0
2004-05-13,PETR3,84.3,86.41,86.8,83.4,40608654.0
2004-05-14,PETR3,86.8,82.13,88.4,82.13,44079289.0
2004-05-17,PETR3,80.01,79.8,83.0,79.8,24994388.0
2004-05-18,PETR3,81.0,80.1,83.2,79.52,33962360.0
2004-05-19,PETR3,81.9,80.0,82.0,80.0,36108066.0
2004-05-20,PETR3,80.0,79.3,81.39,78.6,25032074.0
2004-05-21,PETR3,79.5,76.55,79.5,76.55,42438328.0
2004-05-24,PETR3,78.82,82.32,82.4,78.0,44584293.0
2004-05-25,PETR3,83.33,81.0,83.33,80.87,35549316.0
2004-05-26,PETR3,81.0,80.61,82.15,80.0,46325043.0
2004-05-27,PETR3,80.81,81.9,82.3,80.81,22510222.0
2004-05-28,PETR3,83.0,80.1,83.4,80.05,49163929.0
2004-05-31,PETR3,81.0,80.49,81.3,79.0,18129928.0
2004-06-01,PETR3,80.5,83.0,83.0,80.5,28409881.0
2004-06-02,PETR3,83.25,82.51,85.2,82.23,48171739.0
2004-06-03,PETR3,82.5,82.0,82.8,81.01,20385168.0
2004-06-04,PETR3,82.6,81.5,83.0,81.41,17929003.0
2004-06-07,PETR3,82.1,83.61,83.98,81.71,18312044.0
2004-06-08,PETR3,84.0,82.0,84.2,82.0,19185814.0
2004-06-09,PETR3,82.0,80.4,82.2,80.15,42631384.0
2004-06-11,PETR3,80.2,80.4,81.9,80.2,4401318.0
2004-06-14,PETR3,80.4,81.01,81.19,78.62,35536222.0
2004-03-15,PETR3,92.5,91.21,92.81,91.02,10190841.0
2004-03-12,PETR3,91.01,93.2,94.3,91.01,21357373.0
2004-03-11,PETR3,91.81,90.0,93.35,90.0,23354627.0
2004-03-10,PETR3,95.11,92.8,97.3,92.8,32709605.0
2004-03-09,PETR3,94.8,96.5,97.6,94.6,28609073.0
2004-03-08,PETR3,95.0,94.75,96.4,94.7,9633918.0
2004-03-18,PETR3,93.6,97.2,99.0,92.81,42388957.0
2004-03-17,PETR3,91.01,93.63,93.8,90.9,21266543.0
2004-03-16,PETR3,91.21,90.76,93.01,90.06,14158332.0
2004-03-26,PETR3,92.52,92.8,94.1,92.52,25451950.0
2004-03-25,PETR3,92.1,92.5,93.59,92.0,21781352.0
2004-03-24,PETR3,92.61,92.9,94.88,92.21,36453847.0
2004-03-23,PETR3,93.4,92.4,95.41,92.4,35243603.0
2004-03-22,PETR3,92.7,93.4,94.11,92.01,25982822.0
2004-03-19,PETR3,98.0,94.7,98.3,94.23,63206568.0
2004-03-29,PETR3,93.5,92.55,94.4,92.32,16430599.0
2004-02-17,PETR3,92.9,93.49,94.0,92.0,30587101.0
2004-02-16,PETR3,93.5,92.9,93.5,91.9,18863418.0
2004-02-13,PETR3,95.7,94.29,97.0,93.0,43842053.0
2004-02-12,PETR3,95.25,95.31,95.98,93.58,40789613.0
2004-02-11,PETR3,92.05,94.9,95.25,92.0,22096628.0
2004-02-27,PETR3,90.0,90.3,90.76,89.13,26247659.0
2004-02-26,PETR3,90.61,89.15,90.79,89.12,9174455.0
2004-02-25,PETR3,90.77,90.61,91.1,89.11,6637104.0
2004-02-20,PETR3,85.22,89.0,89.74,84.5,40395496.0
2004-02-19,PETR3,91.6,89.25,91.6,88.9,23248198.0
2004-02-18,PETR3,94.0,91.9,95.0,91.0,35024264.0
2004-03-05,PETR3,95.0,94.1,95.81,94.1,20484039.0
2004-03-04,PETR3,95.5,94.35,96.9,94.01,11148190.0
2004-03-03,PETR3,96.39,96.5,97.0,95.55,29531974.0
2004-03-02,PETR3,92.02,94.95,96.88,91.8,47411364.0
2004-03-01,PETR3,91.2,94.81,95.6,91.2,21670485.0
2004-01-08,PETR3,96.0,93.8,96.5,92.0,28515271.0
2004-01-07,PETR3,96.0,94.5,101.78,94.5,49215748.0
2004-01-06,PETR3,92.0,96.6,96.67,91.01,60122298.0
2004-01-05,PETR3,87.8,92.0,92.4,87.4,45605712.0
2004-01-02,PETR3,83.5,87.3,88.5,83.0,40196627.0
2004-01-14,PETR3,95.01,92.12,95.11,89.0,28536088.0
2004-01-13,PETR3,94.9,95.0,96.0,94.0,38172946.0
2004-01-12,PETR3,94.8,94.79,95.0,93.0,20432853.0
2004-01-09,PETR3,94.1,93.1,95.49,92.5,23352053.0
2004-01-22,PETR3,92.5,93.0,94.65,92.1,31161141.0
2004-01-21,PETR3,95.5,94.65,96.1,93.5,30594418.0
2004-01-20,PETR3,93.3,96.25,96.85,93.0,24927656.0
2004-01-19,PETR3,92.9,93.1,93.1,91.1,6724207.0
2004-01-16,PETR3,90.5,91.0,91.4,88.0,20960671.0
2004-01-15,PETR3,90.61,90.32,91.79,90.2,16615061.0
2004-02-02,PETR3,86.0,86.0,86.0,83.1,48008900.0
2004-01-30,PETR3,88.8,85.0,89.2,84.51,27263439.0
2004-01-29,PETR3,94.49,88.8,94.49,88.39,36127358.0
2004-01-28,PETR3,92.01,93.9,95.7,92.01,11408204.0
2004-01-27,PETR3,94.6,93.9,95.31,92.5,12105770.0
2004-01-26,PETR3,94.1,94.6,95.31,93.3,11588326.0
2004-01-23,PETR3,92.0,93.0,93.9,91.8,18094771.0
2004-02-10,PETR3,88.31,91.5,91.77,88.3,17870986.0
2004-02-09,PETR3,89.3,89.6,91.49,88.99,47051743.0
2004-02-06,PETR3,85.0,88.4,88.79,83.2,21765111.0
2004-02-05,PETR3,86.74,85.0,87.99,84.5,31349498.0
2004-02-04,PETR3,88.6,86.74,88.8,85.95,15061676.0
2004-02-03,PETR3,87.11,88.0,88.21,86.7,23431460.0
2004-06-15,PETR3,82.31,84.3,85.01,82.31,51649830.0
2004-06-16,PETR3,85.01,84.68,87.0,83.49,29011179.0
2004-06-17,PETR3,84.99,84.7,85.22,83.43,26747190.0
2004-06-18,PETR3,84.0,84.3,85.22,83.71,12798905.0
2004-06-21,PETR3,84.1,83.48,84.4,82.81,23609161.0
2004-06-22,PETR3,83.5,83.3,84.3,82.5,16442861.0
2004-06-23,PETR3,84.3,87.4,87.4,84.2,57278832.0
2004-06-24,PETR3,87.4,87.0,88.19,86.7,33269669.0
2004-06-25,PETR3,86.7,85.51,87.39,85.22,28295464.0
2004-06-28,PETR3,86.0,84.33,86.2,84.33,24038214.0
2004-06-29,PETR3,84.01,85.5,86.19,84.01,23984910.0
2004-06-30,PETR3,85.4,85.7,86.65,84.0,29521289.0
2004-07-01,PETR3,85.01,85.3,86.55,84.21,29963580.0
2004-07-02,PETR3,85.51,84.9,86.3,84.9,28073691.0
2004-07-05,PETR3,84.8,84.4,85.45,84.4,15194954.0
2004-07-06,PETR3,84.42,83.0,85.7,83.0,25554246.0
2004-07-07,PETR3,84.0,82.5,85.0,82.5,38694099.0
2004-07-08,PETR3,82.3,82.0,83.3,81.51,29733270.0
2004-07-12,PETR3,82.5,82.4,83.2,81.8,45503068.0
2004-07-13,PETR3,83.2,82.8,83.55,82.1,33642314.0
2004-07-14,PETR3,82.01,82.4,83.3,81.9,41903942.0
2004-07-15,PETR3,83.88,85.99,86.3,83.4,38541400.0
2004-07-16,PETR3,86.51,87.2,87.99,86.51,38336277.0
2004-07-19,PETR3,86.5,85.9,87.99,85.65,21642697.0
2004-07-20,PETR3,86.3,85.3,86.5,85.3,22884417.0
2004-07-21,PETR3,86.2,85.1,86.4,85.1,32883949.0
2004-07-22,PETR3,85.0,82.41,85.4,82.41,50425114.0
2004-07-23,PETR3,82.52,82.65,83.7,82.5,42823077.0
2004-07-26,PETR3,83.7,82.0,83.97,81.68,27592498.0
2004-07-27,PETR3,82.26,84.31,84.31,82.17,22710371.0
2004-07-28,PETR3,84.31,85.3,85.91,84.25,29032280.0
2004-07-29,PETR3,85.5,86.35,86.5,85.4,30729967.0
2004-07-30,PETR3,85.4,85.7,87.4,85.4,37675680.0
2004-08-02,PETR3,85.43,85.35,86.0,84.8,27506416.0
2004-08-03,PETR3,85.7,85.3,86.15,84.91,30340261.0
2004-08-04,PETR3,85.3,86.31,86.7,83.7,45446914.0
2004-08-05,PETR3,86.0,85.99,87.5,84.5,31885242.0
2004-08-06,PETR3,85.6,86.8,86.99,84.8,25869059.0
2004-08-09,PETR3,86.3,87.5,87.6,86.2,23220182.0
2004-08-10,PETR3,87.98,88.2,88.5,87.4,18878274.0
2004-08-11,PETR3,87.5,87.7,89.99,87.3,57552442.0
2004-08-12,PETR3,87.5,88.1,89.0,87.5,34496632.0
2004-08-13,PETR3,88.99,87.35,88.99,86.01,230220689.0
2004-08-16,PETR3,87.35,89.2,89.3,87.0,22981704.0
2004-08-17,PETR3,88.8,89.5,89.7,88.8,16383879.0
2004-08-18,PETR3,89.5,90.0,90.5,89.0,30705865.0
2004-08-19,PETR3,90.5,90.7,92.16,90.4,20712310.0
2004-08-20,PETR3,90.7,93.6,93.97,90.7,37479385.0
2004-08-23,PETR3,93.97,92.5,94.29,92.41,36870122.0
2004-08-24,PETR3,93.1,91.8,93.5,91.2,43284249.0
2004-08-25,PETR3,93.5,92.39,93.5,91.5,49650011.0
2004-08-26,PETR3,91.2,90.0,91.7,90.0,26674222.0
2004-08-27,PETR3,90.31,90.7,90.7,89.91,23214186.0
2004-08-30,PETR3,89.91,90.5,90.5,88.7,15238346.0
2004-08-31,PETR3,90.8,90.4,90.8,89.0,21958933.0
2004-09-01,PETR3,90.1,91.0,91.6,90.0,16903494.0
2004-09-02,PETR3,90.0,92.6,92.6,89.95,22037381.0
2004-09-03,PETR3,92.0,91.5,92.57,91.5,19421294.0
2004-09-06,PETR3,91.39,92.59,92.59,91.0,1007123.0
2004-09-08,PETR3,92.59,93.1,93.94,92.59,20699105.0
2004-09-09,PETR3,93.0,94.5,94.79,92.71,35906188.0
2004-09-10,PETR3,93.7,93.6,94.3,93.2,18550830.0
2004-09-13,PETR3,93.7,94.11,94.35,93.7,15872358.0
2004-09-14,PETR3,94.3,95.8,96.33,94.2,21803350.0
2004-09-15,PETR3,95.6,95.1,96.1,94.8,23076833.0
2004-09-16,PETR3,96.0,95.99,96.0,94.8,18155479.0
2004-09-17,PETR3,96.0,97.15,97.2,95.7,21043191.0
2004-09-20,PETR3,98.5,97.71,98.68,97.7,17872523.0
2004-09-21,PETR3,98.0,99.2,100.0,97.27,16393249.0
2004-09-22,PETR3,100.0,98.35,101.0,97.51,17188861.0
2004-09-23,PETR3,99.1,101.29,101.29,98.45,21862211.0
2004-09-24,PETR3,101.15,102.3,103.0,101.15,17208003.0
2004-09-27,PETR3,102.3,103.4,104.0,102.3,13799489.0
2004-09-28,PETR3,103.3,104.01,104.01,102.7,22869723.0
2004-09-29,PETR3,104.0,103.65,104.1,103.1,15488640.0
2004-09-30,PETR3,104.03,103.7,104.4,103.44,19245220.0
2004-10-20,PETR3,99.82,100.15,101.3,98.6,55339446.0
2004-10-19,PETR3,103.4,100.5,103.4,100.32,38803188.0
2004-10-18,PETR3,101.0,102.78,102.78,100.81,32505804.0
2004-10-15,PETR3,99.22,101.0,101.0,99.22,15196540.0
2004-10-14,PETR3,99.25,99.0,100.0,96.1,42882074.0
2004-10-13,PETR3,104.8,99.62,104.8,98.0,65628884.0
2004-10-11,PETR3,107.0,105.5,107.0,104.31,8004114.0
2004-10-08,PETR3,107.7,106.5,108.27,106.0,30081226.0
2004-10-07,PETR3,106.9,107.3,107.4,106.1,20277754.0
2004-10-06,PETR3,105.7,106.9,107.99,105.5,27729704.0
2004-10-05,PETR3,104.2,106.41,106.41,104.0,27999602.0
2004-10-04,PETR3,107.99,104.7,107.99,104.2,19197816.0
2004-10-01,PETR3,101.98,104.6,104.95,101.49,29582429.0
2004-10-27,PETR3,102.35,102.76,103.7,102.17,29826493.0
2004-10-26,PETR3,102.15,102.45,102.45,100.5,23258030.0
2004-10-25,PETR3,102.15,102.5,102.99,101.6,19948365.0
2004-10-22,PETR3,102.85,102.99,103.7,102.02,23704504.0
2004-10-21,PETR3,100.0,102.5,102.85,100.0,54007373.0
2004-11-08,PETR3,105.0,103.6,105.0,102.01,21198418.0
2004-11-05,PETR3,102.65,104.7,104.7,102.65,27700510.0
2004-11-04,PETR3,102.6,102.77,103.1,102.2,17697118.0
2004-11-03,PETR3,102.75,101.98,103.45,101.6,23747448.0
2004-11-01,PETR3,102.4,101.9,102.5,101.7,10984682.0
2004-10-29,PETR3,101.3,102.5,102.5,100.0,38788551.0
2004-10-28,PETR3,101.3,101.66,102.0,100.81,9582501.0
2004-11-12,PETR3,103.5,104.33,105.0,103.5,16415098.0
2004-11-11,PETR3,102.81,103.5,103.5,102.7,12763649.0
2004-11-10,PETR3,103.5,103.4,103.7,102.2,35508436.0
2004-11-09,PETR3,103.7,102.7,103.7,101.99,22942872.0
2004-11-22,PETR3,99.4,99.9,100.0,98.89,21825644.0
2004-11-19,PETR3,100.0,99.4,100.25,98.22,29506585.0
2004-11-18,PETR3,100.01,99.25,100.07,98.53,42651525.0
2004-11-17,PETR3,100.0,99.95,100.8,99.4,34224579.0
2004-11-16,PETR3,103.0,99.65,103.0,99.48,32259623.0
2004-11-26,PETR3,102.2,101.7,102.5,99.0,29094179.0
2004-11-25,PETR3,101.9,102.95,103.0,101.1,12948121.0
2004-11-24,PETR3,98.5,98.5,99.4,97.0,31278172.0
2004-11-23,PETR3,100.0,98.51,100.6,98.44,21049241.0
2004-12-03,PETR3,103.0,102.29,103.0,101.1,24951651.0
2004-12-02,PETR3,105.2,102.6,105.2,101.7,22385672.0
2004-12-01,PETR3,102.71,105.2,106.5,102.5,73643720.0
2004-11-30,PETR3,100.2,102.15,102.15,100.2,55417329.0
2004-11-29,PETR3,101.25,100.75,101.51,100.2,55043230.0
2004-12-06,PETR3,102.4,103.7,104.0,102.15,30862912.0
2004-12-07,PETR3,103.29,101.5,104.0,100.81,30033887.0
2004-12-08,PETR3,100.99,101.01,101.3,100.1,24098101.0
2004-12-09,PETR3,101.01,99.0,101.3,98.51,26712304.0
2004-12-10,PETR3,99.2,100.21,101.15,98.81,11923348.0
2004-12-13,PETR3,100.21,100.45,100.8,100.1,15583877.0
2004-12-14,PETR3,101.1,101.5,101.59,100.7,15019730.0
2004-12-15,PETR3,102.49,102.4,102.49,100.3,53344158.0
2004-12-23,PETR3,104.3,106.3,106.4,103.8,56546401.0
2004-12-22,PETR3,106.2,104.9,106.3,104.31,30465169.0
2004-12-21,PETR3,102.7,106.0,106.0,102.7,23493410.0
2004-12-20,PETR3,102.62,103.3,104.0,102.2,27360899.0
2004-12-17,PETR3,103.11,102.42,104.4,102.1,22934901.0
2004-12-16,PETR3,102.39,104.0,104.04,102.0,38314168.0
2004-12-28,PETR3,106.0,106.75,106.75,106.0,12127126.0
2004-12-27,PETR3,106.0,106.0,107.0,105.8,51684832.0
2004-12-30,PETR3,107.6,106.5,107.6,106.47,12588240.0
2004-12-29,PETR3,106.65,107.7,107.85,106.6,34709993.0
2005-01-03,PETR3,107.02,102.5,107.15,102.5,20213499.0
2005-01-04,PETR3,103.16,102.26,104.3,101.91,38844113.0
2005-01-05,PETR3,102.3,101.6,102.89,100.6,29486039.0
2005-01-06,PETR3,101.8,102.6,102.6,100.91,34405526.0
2005-01-07,PETR3,104.0,103.05,104.0,101.5,18337381.0
2005-01-10,PETR3,103.28,102.7,104.5,101.8,47277255.0
2005-01-11,PETR3,102.5,103.35,104.2,102.0,14411453.0
2005-01-12,PETR3,103.5,103.08,103.8,101.1,15446638.0
2005-01-13,PETR3,103.8,104.7,104.81,102.74,58266064.0
2005-01-14,PETR3,103.5,105.22,105.7,103.5,49418992.0
2005-01-17,PETR3,104.75,104.1,105.5,103.9,18219347.0
2005-01-18,PETR3,102.3,104.03,104.6,102.3,44781954.0
2005-01-19,PETR3,104.03,104.66,105.4,103.62,29751561.0
2005-01-20,PETR3,103.62,102.6,103.8,102.32,47173079.0
2005-01-21,PETR3,102.61,103.21,104.0,102.2,30010297.0
2005-01-24,PETR3,103.21,104.5,105.0,102.5,13717468.0
2005-01-26,PETR3,105.2,106.41,106.5,105.2,19449364.0
2005-01-27,PETR3,105.2,106.3,107.0,105.0,26609673.0
2005-01-28,PETR3,105.8,104.71,105.8,104.15,17464777.0
2005-01-31,PETR3,105.01,107.3,107.3,104.6,30135533.0
2005-02-01,PETR3,106.51,106.9,107.25,105.66,36474200.0
2005-02-02,PETR3,106.91,107.9,108.35,106.91,16341365.0
2005-02-03,PETR3,107.6,109.59,109.9,107.2,21463156.0
2005-02-04,PETR3,106.0,110.9,112.17,105.5,75182443.0
2005-02-09,PETR3,120.0,118.4,120.7,117.0,61971221.0
2005-02-10,PETR3,117.0,116.16,117.5,115.5,36641171.0
2005-02-11,PETR3,115.5,115.91,117.8,115.5,74744642.0
2005-02-14,PETR3,115.5,115.02,116.75,115.0,23875406.0
2005-02-15,PETR3,114.4,114.29,115.0,113.5,50890572.0
2005-02-16,PETR3,114.48,115.21,115.8,113.51,68775426.0
2005-02-17,PETR3,115.9,115.5,117.2,115.4,37310696.0
2005-02-18,PETR3,115.5,116.1,116.35,114.65,31781272.0
2005-02-21,PETR3,115.99,116.86,117.7,115.99,12679547.0
2005-02-22,PETR3,118.0,120.5,121.85,116.5,85604297.0
2005-02-23,PETR3,121.7,122.0,122.09,119.5,24266884.0
2005-02-24,PETR3,123.12,126.67,126.67,123.12,37920219.0
2005-02-25,PETR3,125.5,129.95,130.5,125.5,69723485.0
2005-02-28,PETR3,129.2,127.0,129.93,124.4,56172085.0
2005-03-01,PETR3,125.48,121.1,125.48,120.8,42014918.0
2005-03-02,PETR3,121.5,125.7,125.98,120.5,32884750.0
2005-03-03,PETR3,127.0,128.7,130.0,127.0,28210444.0
2005-03-04,PETR3,130.0,131.05,132.9,129.8,20822129.0
2005-03-07,PETR3,131.1,132.3,132.68,130.1,24971369.0
2005-03-08,PETR3,130.99,130.55,131.2,130.1,21561343.0
2005-03-09,PETR3,129.55,127.6,132.3,127.6,25552326.0
2005-03-10,PETR3,127.0,124.5,129.2,124.0,19936429.0
2005-03-11,PETR3,125.2,122.81,126.7,122.3,24400533.0
2005-03-14,PETR3,122.81,122.2,124.0,121.75,27451656.0
2005-03-15,PETR3,121.0,119.8,122.8,119.21,35798714.0
2005-03-16,PETR3,119.0,120.85,121.34,116.51,48633625.0
2005-03-17,PETR3,118.54,122.96,123.97,118.54,42648805.0
2005-03-18,PETR3,122.55,121.5,123.4,120.0,32921902.0
2005-03-21,PETR3,120.71,121.2,121.98,120.39,11887636.0
2005-03-22,PETR3,121.0,117.1,121.2,117.1,21351267.0
2005-03-23,PETR3,116.72,115.9,118.0,115.6,53601062.0
2005-03-24,PETR3,117.9,116.4,118.0,116.18,29790949.0
2005-03-28,PETR3,116.4,115.0,116.65,115.0,28851966.0
2005-03-29,PETR3,116.01,112.5,117.0,112.01,43789875.0
2005-03-30,PETR3,113.9,114.8,115.75,112.2,32926033.0
2005-03-31,PETR3,115.75,117.5,118.04,115.2,25086368.0
2005-04-01,PETR3,118.1,119.0,119.9,118.0,31818682.0
2005-04-04,PETR3,119.5,118.2,121.0,117.7,32373656.0
2005-04-05,PETR3,118.6,116.03,119.5,115.6,29865873.0
2005-04-06,PETR3,117.0,116.0,117.0,115.1,32685891.0
2005-04-07,PETR3,117.49,115.99,117.86,114.35,32190628.0
2005-04-08,PETR3,116.2,114.5,116.4,114.4,21106636.0
2005-04-11,PETR3,114.35,114.5,115.18,113.7,12442907.0
2005-04-12,PETR3,114.0,113.5,114.97,112.0,39564997.0
2005-04-13,PETR3,114.01,111.1,114.5,111.1,39024199.0
2005-04-14,PETR3,111.61,108.5,112.5,108.5,32847924.0
2005-04-15,PETR3,107.8,107.5,110.0,107.01,42935741.0
2005-04-18,PETR3,107.0,106.4,107.7,105.8,23698282.0
2005-04-19,PETR3,107.0,109.31,109.5,107.0,11584477.0
2005-04-20,PETR3,109.46,108.01,110.5,108.01,13687985.0
2005-04-22,PETR3,110.5,106.51,111.3,106.51,11294062.0
2005-04-25,PETR3,106.7,110.51,111.25,106.7,16300891.0
2005-04-26,PETR3,110.51,111.31,111.8,109.2,16597985.0
2005-04-27,PETR3,110.5,107.4,111.1,107.11,32675507.0
2005-04-28,PETR3,107.15,105.5,107.15,104.07,20547292.0
2005-04-29,PETR3,106.3,107.5,107.5,105.02,21977477.0
2005-05-02,PETR3,107.39,107.0,108.0,104.9,15316525.0
2005-05-03,PETR3,107.0,106.67,107.64,105.55,12628228.0
2005-05-04,PETR3,109.99,108.1,109.99,106.8,31960419.0
2005-05-05,PETR3,108.52,109.8,110.2,107.81,28155924.0
2005-05-06,PETR3,110.0,112.0,113.3,110.0,14958753.0
2005-05-09,PETR3,112.0,112.1,112.7,111.2,11021264.0
2005-05-10,PETR3,112.2,110.1,112.7,110.1,21675581.0
2005-05-11,PETR3,110.5,110.4,111.44,109.52,11935718.0
2005-05-12,PETR3,111.4,107.5,111.6,107.2,24186264.0
2005-05-13,PETR3,107.1,104.3,108.2,103.9,20857921.0
2005-05-16,PETR3,105.5,105.8,106.2,104.3,16820738.0
2005-05-17,PETR3,105.1,108.8,110.0,104.8,24236587.0
2005-05-18,PETR3,109.6,109.5,110.7,108.98,36886164.0
2005-05-19,PETR3,108.99,111.15,111.3,108.5,17279284.0
2005-05-20,PETR3,111.0,111.5,112.0,110.8,13357298.0
2005-05-23,PETR3,111.5,109.4,111.5,109.31,14560390.0
2005-05-24,PETR3,107.5,110.7,111.0,107.5,19739056.0
2005-05-25,PETR3,111.0,111.45,112.3,110.5,26989980.0
2005-05-27,PETR3,112.2,113.85,113.85,112.2,39242635.0
2005-05-30,PETR3,112.5,113.88,114.79,112.5,10376569.0
2005-05-31,PETR3,113.9,112.11,114.4,112.11,41804061.0
2005-06-01,PETR3,112.2,116.4,117.0,112.2,27745823.0
2005-06-02,PETR3,117.8,117.5,118.5,116.3,29236637.0
2005-06-03,PETR3,117.79,117.21,117.8,115.7,10705270.0
2005-06-06,PETR3,113.0,117.0,117.2,113.0,36145849.0
2005-06-07,PETR3,115.0,114.0,116.0,113.9,38039584.0
2005-06-08,PETR3,117.0,114.5,117.0,114.1,19135975.0
2005-06-09,PETR3,114.1,115.63,116.5,112.9,43430289.0
2005-06-10,PETR3,116.0,115.6,117.9,115.6,25148830.0
2005-06-13,PETR3,117.0,115.72,117.0,115.5,12530153.0
2005-06-14,PETR3,116.2,117.88,118.5,116.1,86141520.0
2005-06-15,PETR3,117.0,118.0,118.87,116.4,35699258.0
2005-06-16,PETR3,119.49,119.05,119.9,117.3,31651402.0
2005-06-17,PETR3,120.1,122.29,122.4,119.13,56978927.0
2005-06-20,PETR3,122.4,124.98,125.25,122.35,15100592.0
2005-06-21,PETR3,125.0,123.5,125.0,123.0,16287724.0
2005-06-22,PETR3,123.4,125.1,125.1,122.25,25095229.0
2005-06-23,PETR3,124.7,123.74,125.96,123.11,22690000.0
2005-06-24,PETR3,124.0,121.0,124.0,120.3,14225566.0
2005-06-27,PETR3,121.0,126.0,126.5,120.3,29796868.0
2005-06-28,PETR3,126.1,124.6,126.1,124.05,15308922.0
2005-06-29,PETR3,124.6,123.4,125.3,123.2,20958507.0
2005-06-30,PETR3,123.5,121.31,124.0,121.31,27944995.0
2005-07-01,PETR3,119.61,122.45,123.4,119.61,21712833.0
2005-07-04,PETR3,121.0,122.9,123.2,121.0,5573475.0
2005-07-05,PETR3,123.0,125.5,126.8,122.2,42190619.0
2005-07-06,PETR3,124.35,125.25,126.9,124.35,32659383.0
2005-07-07,PETR3,122.08,123.24,124.39,121.0,29121906.0
2005-07-08,PETR3,124.01,125.2,126.2,123.91,41042713.0
2005-07-11,PETR3,125.0,123.5,125.5,123.5,22388229.0
2005-07-12,PETR3,124.5,124.9,125.56,123.4,59272592.0
2005-07-13,PETR3,125.0,124.8,126.0,124.5,30328119.0
2005-07-14,PETR3,125.0,122.25,125.43,121.2,36463387.0
2005-07-15,PETR3,121.5,119.31,121.8,119.0,31865560.0
2005-07-18,PETR3,119.25,118.55,119.7,118.0,29333085.0
2005-07-19,PETR3,118.0,118.3,118.8,117.7,44514633.0
2005-07-20,PETR3,117.51,119.2,119.98,117.0,32856389.0
2005-07-21,PETR3,119.21,121.7,121.7,118.3,21747870.0
2005-07-22,PETR3,120.81,123.7,124.0,120.51,35129304.0
2005-07-25,PETR3,121.84,122.49,122.75,120.6,80073010.0
2005-07-26,PETR3,121.69,122.0,123.3,121.16,31852083.0
2005-07-27,PETR3,122.75,124.7,124.7,122.5,33900347.0
2005-07-28,PETR3,125.3,127.01,127.8,124.51,30892102.0
2005-07-29,PETR3,128.0,125.3,128.0,125.1,17550754.0
2005-08-01,PETR3,125.15,128.15,129.12,125.15,29300818.0
2005-08-02,PETR3,128.15,131.0,131.3,128.15,29225817.0
2005-08-03,PETR3,131.0,131.6,133.5,131.0,26789712.0
2005-08-04,PETR3,130.99,129.7,132.0,129.41,33749133.0
2005-08-05,PETR3,131.8,131.0,131.8,130.0,32396075.0
2005-08-08,PETR3,131.43,133.0,134.1,131.21,24236198.0
2005-08-09,PETR3,133.6,135.2,135.7,132.0,40763527.0
2005-08-10,PETR3,137.0,136.3,137.2,135.48,33638653.0
2005-08-11,PETR3,136.0,139.0,140.1,136.0,47685818.0
2005-08-12,PETR3,136.97,141.31,141.49,135.79,47055843.0
2005-08-15,PETR3,143.2,140.6,143.2,138.0,62250472.0
2005-08-16,PETR3,140.7,137.8,141.46,137.6,34125772.0
2005-08-17,PETR3,137.8,135.2,138.6,135.01,53865082.0
2005-08-18,PETR3,135.0,135.5,138.59,134.8,32624108.0
2005-08-19,PETR3,135.5,137.5,138.35,133.01,83839069.0
2005-08-22,PETR3,137.51,139.5,141.35,137.51,35640521.0
2005-08-23,PETR3,139.21,137.01,140.7,137.01,22351471.0
2005-08-24,PETR3,137.01,142.0,142.0,136.8,18394131.0
2005-08-25,PETR3,142.0,141.4,142.5,140.7,51156057.0
2005-08-26,PETR3,141.65,138.5,141.8,138.0,23751361.0
2005-08-29,PETR3,141.99,141.09,141.99,140.0,17521983.0
2005-08-30,PETR3,141.99,145.0,145.0,141.5,39302317.0
2005-08-31,PETR3,144.99,148.7,148.7,144.99,64355996.0
2005-09-01,PETR3,37.15,36.75,37.4,36.68,22236051.0
2005-09-02,PETR3,37.4,36.49,37.4,36.3,33410805.0
2005-09-05,PETR3,37.0,36.7,37.2,36.35,11300471.0
2005-09-06,PETR3,36.95,37.38,37.38,36.57,27403894.0
2005-09-08,PETR3,37.2,37.17,37.2,36.72,30917778.0
2005-09-09,PETR3,37.3,38.5,38.55,37.3,19447313.0
2005-09-12,PETR3,39.0,38.55,39.15,38.1,43871272.0
2005-09-13,PETR3,38.8,38.03,38.8,38.02,27224023.0
2005-09-14,PETR3,38.2,38.5,38.7,38.12,33212828.0
2005-09-15,PETR3,39.1,39.0,39.12,38.65,19028900.0
2005-09-16,PETR3,39.0,39.5,39.55,38.69,26950564.0
2005-09-19,PETR3,39.11,40.29,40.3,39.11,32869938.0
2005-09-20,PETR3,40.2,40.5,40.5,39.95,27385152.0
2005-09-21,PETR3,39.95,41.8,41.8,39.95,39105597.0
2005-09-22,PETR3,41.83,40.6,42.05,40.3,33059468.0
2005-09-23,PETR3,40.75,40.1,40.85,40.0,25623971.0
2005-09-26,PETR3,40.01,39.85,40.2,38.85,34132439.0
2005-09-27,PETR3,39.5,40.5,40.5,39.26,56425914.0
2005-09-28,PETR3,40.8,41.0,41.25,40.6,25834966.0
2005-09-29,PETR3,41.01,40.1,41.5,39.97,21116930.0
2005-09-30,PETR3,40.01,40.25,40.25,39.41,39996752.0
2005-10-03,PETR3,40.25,40.35,40.59,40.0,17729136.0
2005-10-04,PETR3,40.36,38.5,40.45,38.5,54128830.0
2005-10-05,PETR3,38.51,36.95,38.51,36.56,29795442.0
2005-10-06,PETR3,37.01,35.4,37.01,34.5,44227302.0
2005-10-07,PETR3,35.98,35.8,36.6,35.4,32252510.0
2005-10-10,PETR3,36.15,35.35,36.25,35.2,17431827.0
2005-10-11,PETR3,35.8,36.01,36.25,35.7,40066298.0
2005-10-13,PETR3,35.0,35.3,35.56,34.45,34404409.0
2005-10-14,PETR3,35.8,35.0,35.9,34.25,14835434.0
2005-10-17,PETR3,35.5,36.0,36.0,35.16,25698427.0
2005-10-18,PETR3,36.0,34.3,36.19,34.27,29061255.0
2005-10-19,PETR3,34.0,33.5,35.15,33.45,63815342.0
2005-10-20,PETR3,35.1,33.31,35.49,32.77,50712149.0
2005-10-21,PETR3,33.53,34.35,34.41,33.4,24219838.0
2005-10-24,PETR3,34.41,36.3,36.3,34.15,48023570.0
2005-10-25,PETR3,36.0,35.93,36.4,35.47,36535042.0
2005-10-26,PETR3,35.47,36.0,36.5,35.47,33080423.0
2005-10-27,PETR3,36.0,34.75,36.2,34.66,21109246.0
2005-10-28,PETR3,35.1,35.1,35.35,34.8,41392684.0
2005-10-31,PETR3,35.5,35.65,36.0,34.98,28777987.0
2005-11-01,PETR3,35.91,36.15,37.0,35.5,37379177.0
2005-11-03,PETR3,36.6,37.35,37.7,36.4,39650108.0
2005-11-04,PETR3,37.13,35.78,37.65,35.7,53641328.0
2005-11-07,PETR3,36.24,35.42,36.6,35.07,31561151.0
2005-11-08,PETR3,35.45,36.14,36.14,34.85,31836196.0
2005-11-09,PETR3,36.21,36.0,36.5,35.05,25287050.0
2005-11-10,PETR3,35.5,34.64,36.0,34.1,33957366.0
2005-11-11,PETR3,34.8,33.77,34.8,33.11,34718975.0
2005-11-14,PETR3,33.8,34.3,34.56,33.0,17042731.0
2005-11-16,PETR3,34.0,35.34,35.34,33.8,15463787.0
2005-11-17,PETR3,35.74,35.7,36.2,35.6,21707366.0
2005-11-18,PETR3,35.6,36.07,36.1,35.45,27435061.0
2005-11-21,PETR3,36.13,36.33,36.33,35.9,11113164.0
2005-11-22,PETR3,36.0,37.69,37.69,35.76,39201424.0
2005-11-23,PETR3,37.4,38.14,38.14,37.35,23474080.0
2005-11-24,PETR3,38.0,37.85,38.1,37.3,10389028.0
2005-11-25,PETR3,37.85,37.84,38.0,37.62,13359440.0
2005-11-28,PETR3,37.96,36.2,38.2,36.1,27997734.0
2005-11-29,PETR3,36.7,37.0,37.0,35.92,31241654.0
2005-11-30,PETR3,36.89,37.6,37.6,36.15,56551756.0
2005-12-01,PETR3,37.6,38.55,38.62,37.4,31613157.0
2005-12-02,PETR3,38.8,39.6,39.89,38.7,25147022.0
2005-12-05,PETR3,39.65,39.56,40.09,39.4,50086182.0
2005-12-06,PETR3,39.6,39.95,40.05,38.9,37686072.0
2005-12-07,PETR3,39.95,39.26,40.2,38.9,19049656.0
2005-12-08,PETR3,39.85,39.71,40.45,38.61,23393405.0
2005-12-09,PETR3,39.7,39.9,40.1,39.7,15557570.0
2005-12-12,PETR3,39.98,40.14,40.8,39.73,21514635.0
2005-12-13,PETR3,40.0,40.47,40.7,39.61,20101419.0
2005-12-14,PETR3,40.1,40.88,41.0,40.1,27800771.0
2005-12-15,PETR3,40.8,40.15,40.85,39.91,16069314.0
2005-12-16,PETR3,40.45,40.3,40.8,40.12,11042755.0
2005-12-19,PETR3,40.2,40.1,40.7,40.01,28163281.0
2005-12-20,PETR3,40.0,40.15,40.19,39.57,36652404.0
2005-12-21,PETR3,40.2,40.64,40.9,40.2,21575741.0
2005-12-22,PETR3,40.5,40.9,41.09,40.5,12114520.0
2005-12-23,PETR3,41.0,40.6,41.0,39.98,7157828.0
2005-12-26,PETR3,40.6,40.6,40.6,40.19,8565112.0
2005-12-27,PETR3,40.58,40.25,40.74,39.9,18587729.0
2005-12-28,PETR3,40.52,40.75,40.9,40.22,46569986.0
2005-12-29,PETR3,40.8,41.3,41.42,40.74,20817041.0
2006-01-02,PETR3,40.5,42.3,42.3,40.45,21164274.0
2006-01-03,PETR3,42.8,43.2,43.76,42.48,54389478.0
2006-01-04,PETR3,43.0,43.79,43.79,43.0,42674704.0
2006-01-05,PETR3,43.67,43.6,43.8,42.45,38934828.0
2006-01-06,PETR3,43.8,45.0,45.0,43.76,48621893.0
2006-01-09,PETR3,45.0,44.9,45.45,44.56,38677390.0
2006-01-10,PETR3,44.95,45.2,45.35,44.18,76596517.0
2006-01-11,PETR3,45.59,47.09,47.13,45.4,41594050.0
2006-01-12,PETR3,47.0,47.5,48.59,46.61,62158652.0
2006-01-13,PETR3,47.5,47.38,48.01,46.87,44896801.0
2006-01-16,PETR3,47.3,48.9,49.25,47.23,24349609.0
2006-01-17,PETR3,48.69,48.01,49.5,47.53,73820895.0
2006-01-18,PETR3,47.01,47.6,48.08,47.01,45105652.0
2006-01-19,PETR3,48.55,48.88,49.11,48.35,33097804.0
2006-01-20,PETR3,48.64,49.2,49.4,48.51,27196869.0
2006-01-23,PETR3,49.0,49.78,49.9,48.53,53044287.0
2006-01-24,PETR3,49.85,50.35,51.19,49.85,54664042.0
2006-01-26,PETR3,49.8,50.25,50.3,49.2,93090996.0
2006-01-27,PETR3,50.5,49.79,51.4,49.53,67595151.0
2006-01-30,PETR3,50.0,51.08,51.14,49.16,44920070.0
2006-01-31,PETR3,51.5,51.69,51.69,50.4,92932947.0
2006-02-01,PETR3,51.7,51.3,51.95,50.91,43756026.0
2006-02-02,PETR3,51.1,49.29,51.35,48.6,64160671.0
2006-02-03,PETR3,49.5,48.95,49.5,48.09,50628597.0
2006-02-06,PETR3,49.0,49.86,49.95,49.0,44270213.0
2006-02-07,PETR3,49.99,47.85,49.99,47.73,35497380.0
2006-02-08,PETR3,47.9,47.1,48.13,46.8,51556780.0
2006-02-09,PETR3,47.8,46.89,47.9,46.53,69281582.0
2006-02-10,PETR3,47.79,45.6,47.9,45.27,42310653.0
2006-02-13,PETR3,45.85,44.8,46.25,44.71,37979875.0
2006-02-14,PETR3,45.0,44.77,45.4,44.2,65255237.0
2006-02-15,PETR3,45.25,44.96,46.0,44.9,70780981.0
2006-02-16,PETR3,45.6,47.08,47.2,45.51,79632196.0
2006-02-17,PETR3,48.25,47.91,48.8,47.32,58240587.0
2006-02-20,PETR3,49.0,49.0,49.4,48.1,28911393.0
2006-02-21,PETR3,49.5,48.5,49.95,48.1,98245523.0
2006-02-22,PETR3,48.99,47.68,49.2,47.26,99171178.0
2006-02-23,PETR3,47.6,48.35,48.35,46.71,52347013.0
2006-02-24,PETR3,48.36,48.6,49.2,48.36,55177593.0
2006-03-01,PETR3,47.52,48.9,48.93,47.4,51442724.0
2006-03-02,PETR3,48.9,48.95,49.28,48.3,62332598.0
2006-03-03,PETR3,49.0,49.39,49.5,48.21,51733406.0
2006-03-06,PETR3,49.4,48.0,49.97,48.0,43447597.0
2006-03-07,PETR3,48.0,46.3,48.0,46.11,61973915.0
2006-03-08,PETR3,45.7,46.2,46.51,44.7,63424537.0
2006-03-09,PETR3,46.55,45.1,46.8,44.64,50560398.0
2006-03-10,PETR3,45.78,45.0,45.92,44.57,42811741.0
2006-03-13,PETR3,45.11,45.59,46.8,45.03,37373716.0
2006-03-14,PETR3,45.59,47.1,47.2,45.0,39846433.0
2006-03-15,PETR3,47.2,47.7,48.23,47.2,66403574.0
2006-03-16,PETR3,47.85,47.8,48.0,46.73,46517367.0
2006-03-17,PETR3,47.74,47.4,48.0,46.73,29971637.0
2006-03-20,PETR3,47.0,47.39,48.06,46.95,54128476.0
2006-03-21,PETR3,47.35,46.93,47.55,46.6,50728559.0
2006-03-22,PETR3,46.0,46.2,47.16,45.6,81538962.0
2006-03-23,PETR3,46.19,46.1,46.5,45.7,29039501.0
2006-03-24,PETR3,46.45,46.39,46.8,46.11,26771206.0
2006-03-27,PETR3,46.34,46.45,46.7,45.93,41023529.0
2006-03-28,PETR3,46.2,46.0,46.95,45.77,49339464.0
2006-03-29,PETR3,46.28,46.94,47.23,45.52,68476787.0
2006-03-30,PETR3,47.0,47.19,47.73,47.0,22466172.0
2006-03-31,PETR3,47.23,46.6,47.25,46.3,20077613.0
2006-04-03,PETR3,46.72,48.21,48.31,46.72,52899152.0
2006-04-04,PETR3,47.9,47.33,47.9,46.91,34822245.0
2006-04-05,PETR3,47.01,48.09,48.1,46.8,38441619.0
2006-04-06,PETR3,48.19,48.44,48.59,47.71,27526153.0
2006-04-07,PETR3,48.44,48.4,48.44,47.5,24660435.0
2006-04-10,PETR3,48.01,48.19,48.65,47.5,47839590.0
2006-04-11,PETR3,48.49,47.55,48.58,47.3,32486739.0
2006-04-12,PETR3,47.55,47.4,47.8,47.05,49145036.0
2006-04-13,PETR3,47.55,47.22,47.66,47.0,14114376.0
2006-04-17,PETR3,47.3,48.3,48.49,47.3,39920563.0
2006-04-18,PETR3,48.5,51.05,51.05,48.5,78882677.0
2006-04-19,PETR3,51.2,51.78,52.0,50.75,80000848.0
2006-04-20,PETR3,52.0,51.59,52.4,50.56,65959370.0
2006-04-24,PETR3,52.0,50.85,52.2,50.85,42940828.0
2006-04-25,PETR3,51.11,51.0,51.79,50.3,61984844.0
2006-04-26,PETR3,51.0,51.45,52.7,50.7,72410983.0
2006-04-27,PETR3,50.8,50.36,51.5,49.8,39240923.0
2006-04-28,PETR3,50.5,51.01,51.99,50.36,36608652.0
2006-05-02,PETR3,50.48,52.75,52.75,50.45,64378393.0
2006-05-03,PETR3,52.7,52.8,52.8,51.27,85068607.0
2006-05-04,PETR3,52.47,52.3,53.13,51.7,134826957.0
2006-05-05,PETR3,52.5,54.44,54.44,52.5,74959435.0
2006-05-08,PETR3,53.97,54.19,54.33,53.3,56283984.0
2006-05-09,PETR3,54.3,55.4,55.4,53.6,103657920.0
2006-05-10,PETR3,54.05,54.95,55.19,53.9,40865632.0
2006-05-11,PETR3,55.25,54.6,55.7,54.36,84562111.0
2006-05-12,PETR3,54.3,53.99,54.4,53.4,47246739.0
2006-05-15,PETR3,53.5,53.1,53.71,51.5,63259862.0
2006-05-16,PETR3,53.01,52.61,53.77,51.9,69969269.0
2006-05-17,PETR3,52.5,51.29,53.0,50.7,65481502.0
2006-05-18,PETR3,50.95,49.7,51.67,49.5,61552385.0
2006-05-19,PETR3,50.5,49.31,50.5,47.65,45108206.0
2006-05-22,PETR3,47.86,49.74,49.74,47.19,55372607.0
2006-05-23,PETR3,49.48,48.8,50.96,48.56,79228440.0
2006-05-24,PETR3,48.5,49.29,49.59,47.55,75896829.0
2006-05-25,PETR3,49.6,49.33,49.79,48.5,66868828.0
2006-05-26,PETR3,50.0,51.29,51.29,49.52,66141043.0
2006-05-29,PETR3,51.2,51.1,51.65,50.71,24043723.0
2006-05-30,PETR3,50.71,49.51,51.05,49.41,77080099.0
2006-05-31,PETR3,50.0,49.43,50.68,49.43,188220693.0
2006-06-01,PETR3,49.71,49.5,50.33,48.79,72863946.0
2006-06-02,PETR3,50.1,50.5,51.0,49.95,57921040.0
2006-06-05,PETR3,50.96,48.9,50.96,48.46,56626723.0
2006-06-06,PETR3,48.9,47.85,48.9,47.05,61766182.0
2006-06-07,PETR3,47.85,45.21,48.02,45.21,31806501.0
2006-06-08,PETR3,45.7,45.5,46.11,43.4,42435195.0
2006-06-09,PETR3,46.0,44.51,46.49,44.35,43581616.0
2006-06-12,PETR3,45.0,42.56,45.0,42.5,51447662.0
2006-06-13,PETR3,42.2,40.65,42.6,40.46,104326339.0
2006-06-14,PETR3,40.89,41.75,42.0,40.47,78458151.0
2006-06-16,PETR3,43.5,44.29,44.53,42.7,83406873.0
2006-06-19,PETR3,44.4,43.22,44.55,42.7,95337535.0
2006-06-20,PETR3,43.18,43.1,44.09,42.96,50243040.0
2006-06-21,PETR3,43.9,44.74,44.94,42.11,48278779.0
2006-06-22,PETR3,44.9,44.4,45.8,44.09,18975959.0
2006-06-23,PETR3,44.39,45.9,46.74,43.9,39005508.0
2006-06-26,PETR3,45.9,45.7,45.9,45.18,56483445.0
2006-06-27,PETR3,45.7,45.26,46.5,45.1,16864322.0
2006-06-28,PETR3,45.26,46.15,46.41,45.26,41784121.0
2006-06-29,PETR3,46.5,47.6,47.75,46.5,46430800.0
2006-06-30,PETR3,48.19,48.4,49.1,47.65,56487498.0
2006-07-03,PETR3,48.0,48.97,49.1,47.9,43467414.0
2006-07-04,PETR3,49.24,48.2,49.24,48.0,27976241.0
2006-07-05,PETR3,47.84,48.29,48.52,47.2,57830484.0
2006-07-06,PETR3,48.5,48.2,48.73,48.09,53413353.0
2006-07-07,PETR3,48.56,48.2,48.8,47.21,22041489.0
2006-07-10,PETR3,48.25,47.7,48.25,47.0,15142982.0
2006-07-11,PETR3,47.7,48.98,48.98,47.32,29068984.0
2006-07-12,PETR3,49.13,49.0,49.8,48.68,54494683.0
2006-07-13,PETR3,48.11,48.5,48.86,48.11,21237490.0
2006-07-14,PETR3,49.0,49.5,49.61,48.11,21930411.0
2006-07-17,PETR3,49.0,47.2,49.39,47.07,41847932.0
2006-07-18,PETR3,47.9,47.1,48.2,46.35,31453964.0
2006-07-19,PETR3,47.4,48.49,48.49,46.8,41623948.0
2006-07-20,PETR3,48.7,47.12,48.8,47.09,19652925.0
2006-07-21,PETR3,48.0,46.75,48.0,46.3,33336257.0
2006-07-24,PETR3,47.0,48.5,48.69,46.8,49053338.0
2006-07-25,PETR3,48.0,48.91,49.1,48.0,50772771.0
2006-07-26,PETR3,48.71,49.45,49.89,48.58,47539919.0
2006-07-27,PETR3,49.44,49.99,50.49,49.44,49219896.0
2006-07-28,PETR3,49.9,50.34,50.45,49.7,40000949.0
2006-07-31,PETR3,50.19,49.95,50.4,49.7,23512319.0
2006-08-01,PETR3,49.65,50.12,50.39,49.35,62590416.0
2006-08-02,PETR3,50.12,51.22,51.3,50.12,27936414.0
2006-08-03,PETR3,50.88,51.36,51.8,50.6,36419831.0
2006-08-04,PETR3,51.46,51.29,52.2,50.62,38975156.0
2006-08-07,PETR3,51.19,51.79,51.97,50.96,27271972.0
2006-08-08,PETR3,51.9,51.55,52.17,51.4,35299081.0
2006-08-09,PETR3,52.0,51.49,52.24,51.27,31537931.0
2006-08-10,PETR3,50.98,51.34,51.35,50.68,22261355.0
2006-08-11,PETR3,51.1,50.8,51.55,50.0,36502308.0
2006-08-14,PETR3,50.53,49.7,50.6,49.55,44754182.0
2006-08-15,PETR3,50.0,50.34,50.76,49.7,50014889.0
2006-08-16,PETR3,50.36,50.2,50.65,49.91,69995165.0
2006-08-17,PETR3,50.2,49.01,50.2,48.7,37436543.0
2006-08-18,PETR3,49.06,49.7,49.7,48.65,21530850.0
2006-08-21,PETR3,49.59,49.29,49.88,49.29,33094135.0
2006-08-22,PETR3,49.35,49.34,49.75,48.91,50055390.0
2006-08-23,PETR3,49.4,47.61,49.54,47.61,64733076.0
2006-08-24,PETR3,48.01,48.49,48.77,46.69,56657780.0
2006-08-25,PETR3,48.3,49.0,49.13,48.3,26204845.0
2006-08-28,PETR3,48.85,48.41,48.85,48.2,44057974.0
2006-08-29,PETR3,48.52,48.16,48.85,47.63,37375643.0
2006-08-30,PETR3,48.25,48.01,48.49,47.05,27061509.0
2006-08-31,PETR3,48.0,47.52,48.5,47.47,62307283.0
2006-09-01,PETR3,48.0,48.47,48.75,47.7,28525292.0
2006-09-04,PETR3,49.45,48.98,49.45,48.35,34547236.0
2006-09-05,PETR3,48.85,48.08,48.85,47.97,33188349.0
2006-09-06,PETR3,47.97,46.44,48.2,46.27,64069095.0
2006-09-08,PETR3,46.45,45.32,46.45,45.03,36624300.0
2006-09-11,PETR3,44.84,43.69,44.84,43.0,75176889.0
2006-09-12,PETR3,44.21,43.31,44.21,43.0,55506609.0
2006-09-13,PETR3,43.71,44.97,45.08,43.2,83426291.0
2006-09-14,PETR3,44.89,43.42,44.95,43.2,57840230.0
2006-09-15,PETR3,43.61,42.8,43.94,42.35,82712906.0
2006-09-18,PETR3,43.25,44.35,44.41,43.01,39448513.0
2006-09-19,PETR3,44.35,43.49,44.41,43.05,62677858.0
2006-09-20,PETR3,43.2,42.15,43.64,41.65,84185668.0
2006-09-21,PETR3,42.3,42.65,42.9,41.51,63972827.0
2006-09-22,PETR3,42.38,42.3,43.0,42.08,25979965.0
2006-09-25,PETR3,42.3,42.5,42.77,41.1,86702354.0
2006-09-26,PETR3,42.85,43.4,43.8,42.4,84580509.0
2006-09-27,PETR3,43.4,44.7,44.7,43.0,67948711.0
2006-09-28,PETR3,44.69,45.3,45.78,44.55,80564849.0
2006-09-29,PETR3,45.3,45.35,45.54,44.9,60201888.0
2006-10-02,PETR3,45.0,44.8,46.1,44.6,46505677.0
2006-10-03,PETR3,44.59,42.69,44.59,42.51,78519131.0
2006-10-04,PETR3,42.91,43.9,43.9,42.0,93923502.0
2006-10-05,PETR3,44.4,43.85,44.73,43.43,71901161.0
2006-10-06,PETR3,43.79,44.11,44.11,43.2,55857883.0
2006-10-09,PETR3,43.5,44.59,45.34,43.5,38514652.0
2006-10-10,PETR3,44.9,44.69,44.99,44.3,40130314.0
2006-10-11,PETR3,44.6,44.57,44.78,44.19,76816511.0
2006-10-13,PETR3,45.6,46.0,46.14,45.26,101506811.0
2006-10-16,PETR3,46.0,46.59,46.68,45.47,73567494.0
2006-10-17,PETR3,46.49,45.35,46.49,45.24,54056363.0
2006-10-18,PETR3,45.61,45.25,46.07,45.03,41950380.0
2006-10-19,PETR3,45.69,46.29,46.34,44.8,71414631.0
2006-10-20,PETR3,46.34,45.69,46.35,45.44,54273393.0
2006-10-23,PETR3,45.71,45.49,45.71,44.6,63021079.0
2006-10-24,PETR3,45.41,46.66,46.8,45.2,136852510.0
2006-10-25,PETR3,46.55,48.38,48.4,46.33,93502971.0
2006-10-26,PETR3,48.27,48.0,48.84,47.54,32700960.0
2006-10-27,PETR3,47.7,47.69,48.39,47.4,41689208.0
2006-10-30,PETR3,47.69,46.8,47.69,46.75,31287815.0
2006-10-31,PETR3,47.1,47.4,47.4,46.0,39413467.0
2006-11-01,PETR3,47.01,46.75,47.38,46.5,34595972.0
2006-11-03,PETR3,46.73,47.8,47.87,46.72,36569634.0
2006-11-06,PETR3,48.01,48.69,48.69,47.8,48922036.0
2006-11-07,PETR3,48.3,48.1,48.9,47.96,91773386.0
2006-11-08,PETR3,48.0,49.44,49.44,47.7,45746680.0
2006-11-09,PETR3,49.52,49.35,50.25,49.1,56351107.0
2006-11-10,PETR3,49.69,49.95,50.23,48.9,36662623.0
2006-11-13,PETR3,49.04,48.43,49.78,48.4,85632063.0
2006-11-14,PETR3,49.0,48.99,49.46,48.3,90032031.0
2006-11-16,PETR3,49.15,48.2,49.55,48.15,62584893.0
2006-11-17,PETR3,47.8,48.3,48.3,47.14,88010548.0
2006-11-21,PETR3,48.3,49.29,49.29,48.0,47235423.0
2006-11-22,PETR3,49.45,49.38,49.55,48.42,41002562.0
2006-11-23,PETR3,49.41,49.2,49.47,49.01,21588501.0
2006-11-24,PETR3,48.75,49.15,49.49,48.75,33454674.0
2006-11-27,PETR3,48.9,49.0,49.42,48.54,61344301.0
2006-11-28,PETR3,49.01,49.3,49.57,48.3,65190971.0
2006-11-29,PETR3,49.3,50.85,51.0,49.3,100497244.0
2006-11-30,PETR3,51.07,51.0,51.4,50.7,70462317.0
2006-12-01,PETR3,51.1,50.5,51.1,49.95,41380882.0
2006-12-04,PETR3,50.5,51.49,51.55,50.15,40527191.0
2006-12-05,PETR3,51.4,52.19,52.5,51.4,55808391.0
2006-12-06,PETR3,51.99,52.13,52.69,51.9,61898256.0
2006-12-07,PETR3,52.4,52.3,52.58,51.81,50274805.0
2006-12-08,PETR3,52.5,52.5,53.0,52.1,37170731.0
2006-12-11,PETR3,52.42,52.48,52.95,52.2,36965980.0
2006-12-12,PETR3,52.5,51.98,52.7,51.9,58903461.0
2006-12-13,PETR3,52.2,52.05,52.26,51.34,62812739.0
2006-12-14,PETR3,52.6,52.35,52.8,52.0,54394736.0
2006-12-15,PETR3,52.86,52.44,52.99,52.11,44870703.0
2006-12-18,PETR3,52.66,52.1,53.49,51.93,132809557.0
2006-12-19,PETR3,52.0,52.35,52.5,50.98,87266094.0
2006-12-20,PETR3,52.99,53.3,53.39,52.45,88795309.0
2006-12-21,PETR3,53.29,52.99,53.6,52.3,55742008.0
2006-12-22,PETR3,52.8,52.55,53.25,52.4,39335302.0
2006-12-26,PETR3,52.8,53.21,53.3,52.7,43887754.0
2006-12-27,PETR3,53.3,54.3,54.3,53.2,44070328.0
2006-12-28,PETR3,54.35,54.49,55.0,53.5,66129626.0
2007-01-02,PETR3,54.59,55.75,55.75,54.59,40058419.0
2007-01-03,PETR3,55.0,53.6,55.6,53.09,180350539.0
2007-01-04,PETR3,53.4,52.0,53.5,51.9,171425087.0
2007-01-05,PETR3,51.89,51.0,52.4,50.42,128233512.0
2007-01-08,PETR3,51.3,51.3,52.06,50.81,128815966.0
2007-01-09,PETR3,50.8,50.3,51.0,49.5,78969110.0
2007-01-10,PETR3,49.5,50.2,50.2,49.1,80301626.0
2007-01-11,PETR3,50.2,50.35,51.62,49.8,129908157.0
2007-01-12,PETR3,50.3,50.52,50.7,49.9,67980355.0
2007-01-15,PETR3,50.65,50.24,50.99,50.1,48994432.0
2007-01-16,PETR3,50.0,49.15,50.0,49.05,56429850.0
2007-01-17,PETR3,49.29,49.15,49.57,48.61,99876646.0
2007-01-18,PETR3,49.3,48.25,49.9,48.2,81509150.0
2007-01-19,PETR3,48.71,50.4,50.4,48.7,74203332.0
2007-01-22,PETR3,50.52,50.55,51.1,50.14,49172098.0
2007-01-23,PETR3,50.6,52.26,52.3,50.5,65595262.0
2007-01-24,PETR3,52.31,52.64,52.7,51.22,72786401.0
2007-01-26,PETR3,52.0,52.0,52.0,51.31,64160499.0
2007-01-29,PETR3,52.05,50.7,52.05,50.6,52999444.0
2007-01-30,PETR3,50.9,51.66,51.9,50.5,84581995.0
2007-01-31,PETR3,51.4,52.0,52.0,50.9,82172291.0
2007-02-01,PETR3,52.79,51.84,52.79,51.7,88238712.0
2007-02-02,PETR3,51.79,52.45,52.56,51.47,58349269.0
2007-02-05,PETR3,52.0,52.0,52.61,51.79,64997862.0
2007-02-06,PETR3,52.49,51.29,52.49,50.9,88737392.0
2007-02-07,PETR3,51.3,50.02,51.3,49.75,85337228.0
2007-02-08,PETR3,50.0,50.99,51.0,49.63,105364266.0
2007-02-09,PETR3,50.7,50.1,51.0,50.0,107656434.0
2007-02-12,PETR3,50.11,49.44,50.16,49.3,83579246.0
2007-02-13,PETR3,49.44,50.3,50.35,49.2,71142283.0
2007-02-14,PETR3,50.9,49.45,51.0,49.3,140602981.0
2007-02-15,PETR3,49.56,49.0,50.05,48.84,58978533.0
2007-02-16,PETR3,49.15,48.99,49.38,48.6,20519576.0
2007-02-21,PETR3,48.8,49.1,49.1,48.06,51663536.0
2007-02-22,PETR3,49.4,49.8,49.89,49.1,83376350.0
2007-02-23,PETR3,49.96,50.0,50.6,49.91,72260623.0
2007-02-26,PETR3,50.24,50.24,50.65,50.17,44171480.0
2007-02-27,PETR3,48.16,48.0,49.15,47.5,117293372.0
2007-02-28,PETR3,48.2,47.85,48.5,47.2,127643453.0
2007-03-01,PETR3,47.29,47.34,47.4,45.51,88705373.0
2007-03-02,PETR3,46.99,45.99,47.21,45.79,98214844.0
2007-03-05,PETR3,44.9,45.02,45.5,44.33,100059611.0
2007-03-06,PETR3,46.1,46.5,46.75,45.8,59162004.0
2007-03-07,PETR3,46.49,45.48,47.2,45.48,58728004.0
2007-03-08,PETR3,47.0,47.12,47.56,46.7,37509751.0
2007-03-09,PETR3,47.76,47.3,48.0,46.9,47770389.0
2007-03-12,PETR3,47.77,46.8,48.0,46.66,58213548.0
2007-03-13,PETR3,46.45,45.98,46.99,45.75,90730667.0
2007-03-14,PETR3,45.95,46.19,46.29,45.04,59225924.0
2007-03-15,PETR3,46.88,45.7,46.88,45.52,46669877.0
2007-03-16,PETR3,45.86,44.85,46.21,44.85,50592182.0
2007-03-19,PETR3,46.0,45.55,46.0,45.25,57140191.0
2007-03-20,PETR3,46.1,46.35,46.6,45.67,72420278.0
2007-03-21,PETR3,46.6,47.9,48.09,46.5,60484750.0
2007-03-22,PETR3,48.5,48.72,49.12,48.26,52741791.0
2007-03-23,PETR3,49.0,49.0,49.5,48.7,56602766.0
2007-03-26,PETR3,49.3,49.35,49.45,48.55,38914959.0
2007-03-27,PETR3,49.1,48.8,49.41,48.7,54162604.0
2007-03-28,PETR3,49.1,48.8,49.52,48.75,52292154.0
2007-03-29,PETR3,49.1,51.51,52.1,49.1,141065279.0
2007-03-30,PETR3,51.5,51.74,52.1,50.83,99599662.0
2007-04-02,PETR3,51.3,51.45,51.62,51.06,49348700.0
2007-04-03,PETR3,51.28,50.75,51.5,50.5,69673526.0
2007-04-04,PETR3,50.45,51.53,51.69,50.29,65892628.0
2007-04-05,PETR3,51.2,51.9,52.21,51.11,54855846.0
2007-04-09,PETR3,51.8,51.8,52.66,51.71,67037480.0
2007-04-10,PETR3,51.6,52.5,52.57,51.53,82562946.0
2007-04-11,PETR3,52.5,51.9,53.0,51.85,55861270.0
2007-04-12,PETR3,51.54,52.9,53.07,51.54,76423001.0
2007-04-13,PETR3,53.05,53.6,53.8,52.86,62112310.0
2007-04-16,PETR3,53.98,54.49,54.84,53.86,55027844.0
2007-04-17,PETR3,54.41,53.7,54.85,53.3,47331112.0
2007-04-18,PETR3,53.37,53.0,53.67,52.97,61586347.0
2007-04-19,PETR3,52.7,52.28,52.7,51.05,72009726.0
2007-04-20,PETR3,53.17,52.5,53.17,52.04,39587482.0
2007-04-23,PETR3,53.02,52.41,53.02,52.05,51641245.0
2007-04-24,PETR3,52.4,52.1,52.49,51.65,54269536.0
2007-04-25,PETR3,52.36,53.3,53.68,52.2,49434572.0
2007-04-26,PETR3,53.3,52.4,53.6,52.4,61575061.0
2007-04-27,PETR3,52.1,52.0,52.3,51.5,61075486.0
2007-04-30,PETR3,52.0,51.2,52.68,51.2,73586176.0
2007-05-02,PETR3,51.99,51.5,51.99,51.26,80734225.0
2007-05-03,PETR3,51.72,52.41,52.41,51.6,64790880.0
2007-05-04,PETR3,52.35,51.8,52.69,51.56,97537435.0
2007-05-07,PETR3,51.79,50.7,51.79,50.6,35238020.0
2007-05-08,PETR3,50.68,50.98,51.37,49.93,97387910.0
2007-05-09,PETR3,51.0,51.01,51.3,50.49,77994991.0
2007-05-10,PETR3,51.18,50.3,51.2,50.02,66744586.0
2007-05-11,PETR3,50.9,51.26,51.69,50.48,63048775.0
2007-05-14,PETR3,50.44,50.85,51.64,50.3,58806925.0
2007-05-15,PETR3,51.06,50.8,51.5,50.44,53610453.0
2007-05-16,PETR3,51.17,52.09,52.15,50.78,77083807.0
2007-05-17,PETR3,52.0,52.06,52.7,51.53,66986382.0
2007-05-18,PETR3,52.2,52.5,52.8,51.85,57652570.0
2007-05-21,PETR3,52.62,52.88,53.44,52.4,63579735.0
2007-05-22,PETR3,52.85,52.95,53.12,52.65,69079657.0
2007-05-23,PETR3,53.0,53.4,53.75,53.0,73268084.0
2007-05-24,PETR3,53.3,52.13,54.11,51.82,75032725.0
2007-05-25,PETR3,52.51,52.5,52.86,51.86,51189354.0
2007-05-28,PETR3,52.83,52.81,53.0,52.3,30138231.0
2007-05-29,PETR3,52.8,51.78,53.1,51.78,70625824.0
2007-05-30,PETR3,51.3,52.7,52.7,50.9,105742694.0
2007-05-31,PETR3,52.94,51.76,53.0,51.76,64537663.0
2007-06-01,PETR3,52.5,53.19,53.19,52.25,37747105.0
2007-06-04,PETR3,52.53,53.9,53.9,52.5,77806304.0
2007-06-05,PETR3,53.8,54.4,54.67,53.6,67304596.0
2007-06-06,PETR3,54.0,53.09,54.0,53.09,71937737.0
2007-06-08,PETR3,52.51,53.36,53.99,52.2,89388949.0
2007-06-11,PETR3,53.8,54.49,54.63,53.47,72784907.0
2007-06-12,PETR3,54.22,54.5,55.1,54.0,96226469.0
2007-06-13,PETR3,54.5,55.88,56.0,54.5,131702365.0
2007-06-14,PETR3,55.95,56.96,57.0,55.95,87492878.0
2007-06-15,PETR3,57.23,57.8,58.27,57.23,92348897.0
2007-06-18,PETR3,58.5,58.2,58.5,57.92,104462448.0
2007-06-19,PETR3,57.99,58.75,59.23,57.8,75393613.0
2007-06-20,PETR3,58.83,58.1,59.23,58.0,84087736.0
2007-06-21,PETR3,58.26,58.5,59.13,58.1,86297937.0
2007-06-22,PETR3,58.49,58.67,59.0,58.16,65442136.0
2007-06-25,PETR3,58.58,58.61,59.25,57.66,178152620.0
2007-06-26,PETR3,58.75,58.09,59.1,57.75,71719293.0
2007-06-27,PETR3,57.71,58.35,58.71,57.42,40596221.0
2007-06-28,PETR3,58.36,58.15,59.06,58.0,99110081.0
2007-06-29,PETR3,58.56,58.78,59.55,58.15,70668166.0
2007-07-02,PETR3,59.5,60.15,60.2,58.72,57045121.0
2007-07-03,PETR3,59.8,61.4,61.5,59.8,40808299.0
2007-07-04,PETR3,61.2,61.35,62.09,60.9,28448018.0
2007-07-05,PETR3,61.06,62.2,62.39,61.0,97515701.0
2007-07-06,PETR3,62.21,62.85,63.18,62.14,68526148.0
2007-07-10,PETR3,63.18,61.7,63.29,61.3,143559052.0
2007-07-11,PETR3,61.86,62.05,62.62,61.24,61652722.0
2007-07-12,PETR3,62.7,63.7,63.99,62.17,82853071.0
2007-07-13,PETR3,63.28,64.33,65.0,63.0,74499148.0
2007-07-16,PETR3,64.49,63.7,64.49,63.16,84505707.0
2007-07-17,PETR3,63.6,64.39,64.78,63.6,77809329.0
2007-07-18,PETR3,64.3,64.62,64.75,64.01,65046912.0
2007-07-19,PETR3,65.0,65.35,65.7,65.0,69194701.0
2007-07-20,PETR3,65.4,64.74,65.4,64.25,62245441.0
2007-07-23,PETR3,64.89,66.2,66.2,64.4,89846593.0
2007-07-24,PETR3,65.31,62.66,65.6,61.83,103206532.0
2007-07-25,PETR3,63.39,63.81,64.36,61.0,148985667.0
2007-07-26,PETR3,62.1,61.03,63.0,59.73,126890331.0
2007-07-27,PETR3,61.0,58.93,62.68,58.93,72311409.0
2007-07-30,PETR3,60.11,61.99,62.47,59.96,66576978.0
2007-07-31,PETR3,62.62,61.01,63.79,61.01,93120239.0
2007-08-01,PETR3,60.5,60.2,61.28,59.15,119199411.0
2007-08-02,PETR3,60.68,60.7,61.5,59.92,51560018.0
2007-08-03,PETR3,60.5,58.45,61.0,58.12,101906267.0
2007-08-06,PETR3,58.08,58.81,59.22,56.7,96702442.0
2007-08-07,PETR3,58.55,59.3,60.49,58.11,141356005.0
2007-08-08,PETR3,59.61,61.16,61.96,59.61,100527652.0
2007-08-09,PETR3,59.5,59.0,60.3,58.8,92077308.0
2007-08-10,PETR3,58.0,57.96,59.72,57.6,139158625.0
2007-08-13,PETR3,58.86,58.16,59.7,57.61,105987150.0
2007-08-14,PETR3,58.17,57.9,59.88,57.61,116763984.0
2007-08-15,PETR3,57.52,56.52,59.13,56.0,144215958.0
2007-08-16,PETR3,54.89,55.7,55.71,51.8,237742574.0
2007-08-17,PETR3,56.7,54.26,57.01,53.49,210890545.0
2007-08-20,PETR3,54.9,54.4,55.43,53.49,125916329.0
2007-08-21,PETR3,54.5,54.52,55.05,53.72,75617539.0
2007-08-22,PETR3,55.5,56.96,57.69,55.2,157190124.0
2007-08-23,PETR3,57.0,57.35,58.4,56.3,120619546.0
2007-08-24,PETR3,57.2,58.14,58.18,56.56,102438561.0
2007-08-27,PETR3,57.9,58.0,58.58,57.21,62219937.0
2007-08-28,PETR3,57.21,56.95,57.89,56.7,77131773.0
2007-08-29,PETR3,57.2,57.7,58.15,57.2,113818555.0
2007-08-30,PETR3,57.7,58.51,59.17,56.57,97555837.0
2007-08-31,PETR3,59.86,61.0,61.85,59.6,148408769.0
2007-09-03,PETR3,61.0,61.3,61.95,60.91,14231383.0
2007-09-04,PETR3,61.3,62.5,63.16,61.0,86312974.0
2007-09-05,PETR3,61.51,62.25,62.66,61.5,92883282.0
2007-09-06,PETR3,62.71,63.2,64.05,62.71,73643444.0
2007-09-10,PETR3,62.5,61.71,62.81,61.35,96108722.0
2007-09-11,PETR3,62.51,63.61,64.18,62.25,86073972.0
2007-09-12,PETR3,63.3,63.8,65.17,63.3,88236220.0
2007-09-13,PETR3,64.06,64.55,65.5,64.06,65596546.0
2007-09-14,PETR3,63.51,63.25,65.11,63.18,61877505.0
2007-09-17,PETR3,63.3,63.48,63.9,62.32,74400714.0
2007-09-18,PETR3,64.22,66.0,66.92,64.01,95732674.0
2007-09-19,PETR3,67.02,66.3,67.83,66.06,85285752.0
2007-09-20,PETR3,67.0,66.01,67.02,65.72,94748604.0
2007-09-21,PETR3,67.0,68.55,68.55,67.0,149505200.0
2007-09-24,PETR3,68.92,70.0,70.05,68.58,184407330.0
2007-09-25,PETR3,69.64,68.8,69.64,68.41,132780701.0
2007-09-26,PETR3,69.0,69.33,70.0,68.1,114066130.0
2007-09-27,PETR3,70.0,70.78,70.78,69.4,185073927.0
2007-09-28,PETR3,70.5,69.3,70.83,68.78,101847915.0
2007-10-01,PETR3,69.2,70.46,71.0,69.2,143468160.0
2007-10-02,PETR3,70.55,70.76,71.4,69.51,117707401.0
2007-10-03,PETR3,70.15,68.56,71.05,68.56,181973854.0
2007-10-04,PETR3,69.0,69.2,69.93,66.94,77264147.0
2007-10-05,PETR3,70.0,71.87,72.34,70.0,107236914.0
2007-10-08,PETR3,71.34,72.19,72.19,70.65,134228653.0
2007-10-09,PETR3,72.19,73.46,73.63,72.18,224783061.0
2007-10-10,PETR3,73.39,75.59,75.65,73.0,250539219.0
2007-10-11,PETR3,75.55,74.95,77.24,73.78,130395561.0
2007-10-15,PETR3,76.05,77.5,77.8,76.05,121696026.0
2007-10-16,PETR3,76.95,76.5,78.4,76.5,283473804.0
2007-10-17,PETR3,76.6,77.7,77.8,75.15,176872116.0
2007-10-18,PETR3,76.98,77.0,77.47,76.04,125417067.0
2007-10-19,PETR3,76.6,73.0,77.05,72.55,138604814.0
2007-10-22,PETR3,71.5,72.29,72.83,70.16,108951945.0
2007-10-23,PETR3,73.0,74.69,74.69,72.29,79383434.0
2007-10-24,PETR3,74.48,77.3,77.3,73.15,158534531.0
2007-10-25,PETR3,77.49,78.1,78.1,76.2,196544303.0
2007-10-26,PETR3,78.18,81.26,81.26,78.18,136564021.0
2007-10-29,PETR3,82.0,83.48,84.25,82.0,250748426.0
2007-10-30,PETR3,82.99,80.15,83.44,79.85,222208699.0
2007-10-31,PETR3,81.2,82.78,83.95,80.25,177927555.0
2007-11-01,PETR3,81.01,81.66,82.47,80.17,164389261.0
2007-11-05,PETR3,80.46,78.17,80.6,78.17,206025800.0
2007-11-06,PETR3,80.61,81.48,81.55,79.31,171051182.0
2007-11-07,PETR3,80.99,81.52,83.68,80.65,165465227.0
2007-11-08,PETR3,85.0,93.3,97.0,84.51,467591242.0
2007-11-09,PETR3,104.5,95.91,105.0,90.0,492925534.0
2007-11-12,PETR3,91.72,89.01,94.2,88.69,160040329.0
2007-11-13,PETR3,89.0,90.62,91.71,85.16,202635317.0
2007-11-14,PETR3,92.3,92.51,94.75,92.2,160007133.0
2007-11-16,PETR3,89.9,92.05,92.74,89.9,178075527.0
2007-11-19,PETR3,92.05,90.3,92.05,89.41,154326377.0
2007-11-21,PETR3,91.0,88.7,92.85,88.31,234144348.0
2007-11-22,PETR3,89.9,89.35,90.0,88.19,102179708.0
2007-11-23,PETR3,90.0,89.4,91.35,89.3,135471621.0
2007-11-26,PETR3,90.03,88.0,91.7,88.0,148440391.0
2007-11-27,PETR3,85.5,86.81,88.37,83.91,129549817.0
2007-11-28,PETR3,88.61,86.51,89.88,86.23,160674497.0
2007-11-29,PETR3,88.01,86.51,88.6,85.4,181459697.0
2007-11-30,PETR3,86.51,84.6,88.4,84.6,278065993.0
2007-12-03,PETR3,87.0,86.0,87.0,84.14,161140582.0
2007-12-04,PETR3,85.6,87.49,88.53,85.5,89949346.0
2007-12-05,PETR3,88.53,92.3,92.48,88.53,173553919.0
2007-12-06,PETR3,92.4,94.25,94.25,92.4,160219825.0
2007-12-07,PETR3,96.3,93.9,99.02,93.56,135408582.0
2007-12-10,PETR3,94.16,92.8,94.16,92.26,159820069.0
2007-12-11,PETR3,93.3,94.49,95.91,92.86,206109353.0
2007-12-12,PETR3,95.0,99.02,100.4,93.5,315260928.0
2007-12-13,PETR3,96.0,96.31,98.75,95.64,108345047.0
2007-12-14,PETR3,97.51,95.7,98.86,95.03,182945852.0
2007-12-17,PETR3,95.7,90.85,95.7,90.85,224873202.0
2007-12-18,PETR3,93.05,93.1,94.1,90.59,104247863.0
2007-12-19,PETR3,94.01,95.8,95.99,92.9,136760285.0
2007-12-20,PETR3,95.97,97.9,98.81,95.11,157604157.0
2007-12-21,PETR3,101.0,100.61,101.8,99.8,173562151.0
2007-12-26,PETR3,103.4,103.5,103.8,101.04,171341900.0
2007-12-27,PETR3,103.8,103.35,104.2,101.63,120216618.0
2007-12-28,PETR3,103.7,105.0,105.0,102.7,191910307.0
2008-01-02,PETR3,103.0,104.31,105.0,102.8,135750367.0
2008-01-03,PETR3,103.75,102.8,104.58,102.5,207356051.0
2008-01-04,PETR3,103.0,96.7,103.5,96.6,294578190.0
2008-01-07,PETR3,97.65,93.38,97.93,93.38,151968370.0
2008-01-08,PETR3,95.69,99.0,100.95,95.62,129122582.0
2008-01-09,PETR3,98.39,100.68,100.69,97.65,176642800.0
2008-01-10,PETR3,100.01,98.6,101.53,97.11,248480945.0
2008-01-11,PETR3,98.58,97.0,99.5,97.0,157077534.0
2008-01-14,PETR3,97.54,96.5,97.9,95.75,114632611.0
2008-01-15,PETR3,95.78,91.8,96.1,91.06,147832371.0
2008-01-16,PETR3,90.59,87.8,92.0,86.08,177979136.0
2008-01-17,PETR3,87.96,83.11,88.9,81.5,160710065.0
2008-01-18,PETR3,84.9,84.4,86.28,81.54,185405950.0
2008-01-21,PETR3,79.9,78.0,79.9,76.95,123684176.0
2008-01-22,PETR3,80.9,86.26,88.9,78.93,359053111.0
2008-01-23,PETR3,86.09,84.6,86.09,82.0,175074903.0
2008-01-24,PETR3,88.0,91.2,92.76,86.52,206424429.0
2008-01-28,PETR3,90.25,97.12,97.12,89.51,210322537.0
2008-01-29,PETR3,98.0,97.0,98.7,95.4,152767957.0
2008-01-30,PETR3,95.74,99.45,99.45,95.27,137634706.0
2008-01-31,PETR3,96.55,96.4,96.61,93.98,213761267.0
2008-02-01,PETR3,99.19,98.1,99.19,96.0,104391571.0
2008-02-06,PETR3,94.2,94.24,95.7,93.77,194615145.0
2008-02-07,PETR3,93.6,97.36,98.5,93.53,187934575.0
2008-02-08,PETR3,97.52,97.64,99.08,96.85,105966291.0
2008-02-11,PETR3,98.2,99.52,100.7,98.11,184271933.0
2008-02-12,PETR3,100.7,99.62,102.78,99.62,160348525.0
2008-02-13,PETR3,100.02,101.6,102.25,99.96,174407914.0
2008-02-14,PETR3,102.99,100.93,103.26,100.57,156135562.0
2008-02-15,PETR3,100.34,99.88,100.84,98.65,90473984.0
2008-02-18,PETR3,101.9,101.86,102.0,100.5,42167471.0
2008-02-19,PETR3,102.51,101.9,104.24,101.6,98346428.0
2008-02-20,PETR3,101.0,103.05,103.86,101.0,153758197.0
2008-02-21,PETR3,103.73,101.46,104.0,101.0,145585984.0
2008-02-22,PETR3,101.3,101.16,103.5,99.19,95591887.0
2008-02-25,PETR3,100.9,101.99,102.14,100.06,106564545.0
2008-02-26,PETR3,101.01,102.21,103.36,99.7,224695420.0
2008-02-27,PETR3,101.49,103.89,104.79,101.3,341881085.0
2008-02-28,PETR3,103.89,104.05,104.6,103.0,138981102.0
2008-02-29,PETR3,102.51,97.7,103.6,97.7,287740940.0
2008-03-03,PETR3,98.03,98.2,100.2,95.28,222693696.0
2008-03-04,PETR3,96.7,94.3,97.46,93.15,237170062.0
2008-03-05,PETR3,95.6,97.0,97.84,94.97,199977500.0
2008-03-06,PETR3,97.07,95.38,98.2,95.38,137856685.0
2008-03-07,PETR3,94.86,94.08,96.09,92.86,108120544.0
2008-03-10,PETR3,94.12,92.58,95.23,92.43,98924548.0
2008-03-11,PETR3,94.11,96.2,96.4,93.42,213377030.0
2008-03-12,PETR3,96.55,95.9,97.51,95.0,114771453.0
2008-03-13,PETR3,95.0,94.52,95.0,92.53,186756101.0
2008-03-14,PETR3,94.81,93.99,95.94,91.9,208604712.0
2008-03-17,PETR3,90.0,89.0,90.65,87.38,183034153.0
2008-03-18,PETR3,90.85,90.01,90.99,88.89,120572128.0
2008-03-19,PETR3,90.2,83.8,90.69,83.8,193990453.0
2008-03-20,PETR3,83.29,83.25,83.95,81.37,148059786.0
2008-03-24,PETR3,83.41,84.68,86.8,83.3,126997838.0
2008-03-25,PETR3,86.49,89.57,89.57,85.5,239777048.0
2008-03-26,PETR3,89.51,90.5,91.5,87.81,183705957.0
2008-03-27,PETR3,90.92,88.35,91.45,87.82,73707411.0
2008-03-28,PETR3,89.2,88.14,89.87,87.52,79278700.0
2008-03-31,PETR3,89.03,89.67,90.4,87.35,171604717.0
2008-04-01,PETR3,90.98,91.31,91.33,88.58,140095053.0
2008-04-02,PETR3,91.69,93.5,94.5,91.5,103321763.0
2008-04-03,PETR3,93.4,94.86,96.28,92.21,123608141.0
2008-04-04,PETR3,95.01,94.88,96.95,94.3,78840982.0
2008-04-07,PETR3,95.5,94.55,96.96,93.82,113169943.0
2008-04-08,PETR3,94.48,96.68,96.8,93.52,86673474.0
2008-04-09,PETR3,96.0,96.6,98.05,95.8,61019862.0
2008-04-10,PETR3,97.29,97.03,97.36,95.5,61309514.0
2008-04-11,PETR3,96.19,95.11,96.76,94.81,52089035.0
2008-04-14,PETR3,94.49,102.41,104.7,93.52,473054807.0
2008-04-15,PETR3,101.85,103.11,104.06,100.35,307175334.0
2008-04-16,PETR3,103.7,101.65,104.2,100.65,207282641.0
2008-04-17,PETR3,101.15,103.6,104.2,100.55,225068274.0
2008-04-18,PETR3,104.2,104.4,105.47,102.6,120215405.0
2008-04-22,PETR3,106.06,105.61,107.4,105.49,126949787.0
2008-04-23,PETR3,105.7,104.21,106.42,104.13,101936427.0
2008-04-24,PETR3,104.0,102.0,105.19,101.1,234211516.0
2008-04-25,PETR3,103.0,103.0,104.48,101.5,216226025.0
2008-04-28,PETR3,51.89,51.85,52.65,51.3,152439128.0
2008-04-29,PETR3,51.79,49.74,51.79,49.65,160996604.0
2008-04-30,PETR3,50.16,50.6,52.18,49.02,342878966.0
2008-05-02,PETR3,52.49,51.51,52.6,50.62,233007128.0
2008-05-05,PETR3,52.0,52.8,52.9,51.45,294801595.0
2008-05-06,PETR3,52.49,54.29,54.29,52.26,210023561.0
2008-05-07,PETR3,54.2,53.81,55.06,53.08,251789162.0
2008-05-08,PETR3,53.98,53.9,54.8,53.13,112134581.0
2008-05-09,PETR3,53.79,54.74,54.74,53.09,126233667.0
2008-05-12,PETR3,54.59,54.92,55.21,53.66,285978732.0
2008-05-13,PETR3,56.76,56.24,56.85,55.5,233854471.0
2008-05-14,PETR3,56.0,55.36,56.5,55.02,196051832.0
2008-05-15,PETR3,55.9,56.4,56.43,54.8,204221787.0
2008-05-16,PETR3,57.3,57.9,57.9,56.51,194696470.0
2008-05-19,PETR3,58.05,59.69,60.06,57.91,291151777.0
2008-05-20,PETR3,59.16,61.5,61.5,59.06,261797820.0
2008-05-21,PETR3,62.53,62.3,63.9,61.83,299668649.0
2008-05-23,PETR3,60.15,59.95,60.99,58.88,330570814.0
2008-05-26,PETR3,60.39,61.7,61.7,60.07,88669036.0
2008-05-27,PETR3,61.15,59.2,61.29,58.37,304660637.0
2008-05-28,PETR3,58.7,60.49,60.55,57.8,195840024.0
2008-05-29,PETR3,60.13,58.01,61.03,58.01,285880783.0
2008-05-30,PETR3,59.82,57.4,59.82,57.4,357519800.0
2008-06-02,PETR3,57.79,58.44,58.97,56.81,234810916.0
2008-06-03,PETR3,58.2,55.49,58.39,55.28,210227999.0
2008-06-04,PETR3,55.19,53.5,55.19,52.92,208252890.0
2008-06-05,PETR3,53.95,56.14,56.14,53.6,170396476.0
2008-06-06,PETR3,56.49,56.15,57.8,55.61,251316389.0
2008-06-09,PETR3,56.31,55.96,56.85,54.9,127311695.0
2008-06-10,PETR3,55.0,54.3,56.05,53.45,163588882.0
2008-06-11,PETR3,54.6,54.4,55.46,54.3,205204421.0
2008-06-12,PETR3,54.61,54.54,55.47,53.99,181123348.0
2008-06-13,PETR3,55.34,55.61,56.25,54.99,183227500.0
2008-06-16,PETR3,56.09,55.79,56.6,55.3,234372623.0
2008-06-17,PETR3,56.21,56.02,56.55,55.51,163686486.0
2008-06-18,PETR3,55.42,55.3,56.0,54.65,162808091.0
2008-06-19,PETR3,55.27,53.39,55.3,53.1,174604282.0
2008-06-20,PETR3,53.34,52.4,53.99,52.16,138961638.0
2008-06-23,PETR3,52.79,53.41,54.07,52.31,99256695.0
2008-06-24,PETR3,53.4,53.2,54.33,52.99,88257900.0
2008-06-25,PETR3,53.31,54.69,55.14,52.0,241030522.0
2008-06-26,PETR3,53.31,54.8,55.17,53.31,224775854.0
2008-06-27,PETR3,55.19,55.0,55.56,54.4,170109733.0
2008-06-30,PETR3,55.59,56.45,57.03,55.35,168170640.0
2008-07-01,PETR3,56.0,56.3,57.31,55.67,128765962.0
2008-07-02,PETR3,56.3,54.0,57.2,53.97,151913661.0
2008-07-03,PETR3,54.49,51.85,54.75,51.75,108982680.0
2008-07-04,PETR3,51.8,52.6,53.15,51.75,62790867.0
2008-07-07,PETR3,53.12,51.26,53.7,51.0,127665850.0
2008-07-08,PETR3,51.3,49.73,51.36,48.67,167428153.0
2008-07-10,PETR3,49.2,49.03,49.69,47.85,212195741.0
2008-07-11,PETR3,49.03,49.46,50.59,48.98,162402404.0
2008-07-14,PETR3,50.2,49.6,50.25,49.42,104406166.0
2008-07-15,PETR3,48.86,48.79,49.36,47.71,219829921.0
2008-07-16,PETR3,48.79,48.03,48.9,47.0,236468228.0
2008-07-17,PETR3,48.02,46.0,48.45,45.4,197662500.0
2008-07-18,PETR3,46.79,46.01,46.99,45.4,113462980.0
2008-07-21,PETR3,46.61,47.03,47.38,46.2,138711025.0
2008-07-22,PETR3,46.54,45.52,46.85,45.17,123922732.0
2008-07-23,PETR3,45.39,44.01,45.65,43.94,157408304.0
2008-07-24,PETR3,43.84,41.87,44.32,41.69,141346562.0
2008-07-25,PETR3,41.8,41.71,42.45,40.74,131302405.0
2008-07-28,PETR3,42.01,42.08,43.4,42.01,107846006.0
2008-07-29,PETR3,42.05,42.54,42.9,41.56,148117616.0
2008-07-30,PETR3,43.02,44.61,44.9,42.3,214664724.0
2008-07-31,PETR3,44.43,43.94,44.85,43.55,157409550.0
2008-08-01,PETR3,43.99,42.28,44.18,42.12,93067029.0
2008-08-04,PETR3,42.17,40.11,42.17,39.85,112372126.0
2008-08-05,PETR3,40.6,39.65,41.01,39.0,221625124.0
2008-08-06,PETR3,40.21,40.71,41.6,39.86,116447613.0
2008-08-07,PETR3,41.85,41.32,42.6,40.95,76939070.0
2008-08-08,PETR3,40.98,41.0,41.6,40.23,88393575.0
2008-08-11,PETR3,41.26,39.86,41.8,39.48,107088833.0
2008-08-12,PETR3,40.4,40.2,41.4,40.09,90692962.0
2008-08-13,PETR3,40.0,41.25,42.08,39.2,177665113.0
2008-08-14,PETR3,41.99,40.9,41.99,40.6,86872540.0
2008-08-15,PETR3,40.44,40.05,40.9,39.6,93904420.0
2008-08-18,PETR3,40.05,38.9,40.65,38.77,46773083.0
2008-08-19,PETR3,38.4,40.04,40.86,38.0,129654892.0
2008-08-20,PETR3,40.54,42.0,42.39,40.54,147003067.0
2008-08-21,PETR3,42.5,43.31,43.82,42.5,94949786.0
2008-08-22,PETR3,43.31,43.11,43.94,42.36,107983673.0
2008-08-25,PETR3,42.4,41.65,43.16,41.63,88241562.0
2008-08-26,PETR3,41.65,42.01,42.8,41.0,97056980.0
2008-08-27,PETR3,42.76,43.2,43.32,42.54,96806483.0
2008-08-28,PETR3,43.9,43.3,44.1,42.68,112309604.0
2008-08-29,PETR3,43.56,42.66,44.02,42.66,90167412.0
2008-09-01,PETR3,42.55,41.81,42.55,41.5,38461975.0
2008-09-02,PETR3,41.19,40.81,41.68,40.46,167147581.0
2008-09-03,PETR3,40.82,40.09,41.42,39.3,121372514.0
2008-09-04,PETR3,40.49,38.62,40.85,38.2,120535379.0
2008-09-05,PETR3,38.0,38.7,38.94,37.0,191728743.0
2008-09-08,PETR3,40.0,36.9,40.41,36.9,265975391.0
2008-09-09,PETR3,36.58,34.32,36.69,34.3,163077206.0
2008-09-10,PETR3,35.0,35.11,35.93,32.91,232703853.0
2008-09-11,PETR3,36.0,38.7,38.7,35.0,289772961.0
2008-09-12,PETR3,39.5,40.42,40.74,38.51,131632196.0
2008-09-15,PETR3,37.01,36.4,38.91,36.4,159417626.0
2008-09-16,PETR3,35.0,38.49,38.65,34.01,156243420.0
2008-09-17,PETR3,38.29,36.71,39.14,36.3,222324296.0
2008-09-18,PETR3,38.2,39.3,40.63,37.2,210774466.0
2008-09-19,PETR3,42.87,42.88,43.62,40.48,198854893.0
2008-09-22,PETR3,43.3,42.98,44.95,42.61,201618607.0
2008-09-23,PETR3,42.36,40.99,43.53,40.24,220269088.0
2008-09-24,PETR3,41.41,42.12,43.12,41.0,119408729.0
2008-09-25,PETR3,43.03,44.05,44.28,42.63,143955299.0
2008-09-26,PETR3,43.1,43.01,43.39,41.7,127555228.0
2008-09-29,PETR3,41.5,39.5,42.31,36.4,308060257.0
2008-09-30,PETR3,40.01,42.22,42.22,39.02,167679190.0
2008-10-01,PETR3,41.89,41.6,42.48,39.6,202959849.0
2008-10-02,PETR3,41.19,38.9,41.25,37.5,201864186.0
2008-10-03,PETR3,39.49,38.2,41.5,37.43,172577641.0
2008-10-06,PETR3,34.95,37.15,37.3,30.73,175335450.0
2008-10-07,PETR3,36.32,34.95,38.44,34.15,208862034.0
2008-10-08,PETR3,33.0,33.31,36.99,32.0,466123684.0
2008-10-09,PETR3,35.31,31.04,35.4,31.04,265809168.0
2008-10-10,PETR3,29.44,30.1,31.2,28.14,203187672.0
2008-10-13,PETR3,32.11,33.61,33.63,30.46,234935260.0
2008-10-14,PETR3,35.32,34.0,36.32,32.5,187956254.0
2008-10-15,PETR3,32.26,29.29,32.5,27.84,279433876.0
2008-10-16,PETR3,29.12,26.75,29.4,25.32,214364645.0
2008-10-17,PETR3,27.17,27.42,29.72,26.25,149511214.0
2008-10-20,PETR3,28.2,30.65,31.01,28.2,81784871.0
2008-10-21,PETR3,29.98,30.35,31.4,28.9,117358285.0
2008-10-22,PETR3,28.4,27.95,29.5,27.42,142455368.0
2008-10-23,PETR3,27.45,27.0,28.5,26.0,154730733.0
2008-10-24,PETR3,24.69,24.25,26.69,23.61,193789364.0
2008-10-27,PETR3,23.73,22.0,23.89,22.0,95527134.0
2008-10-28,PETR3,23.3,24.19,24.19,21.3,140113884.0
2008-10-29,PETR3,25.0,26.0,27.09,24.2,228983746.0
2008-10-30,PETR3,27.01,28.11,28.15,26.6,180291564.0
2008-10-31,PETR3,27.29,28.61,29.5,26.76,138356835.0
2008-11-03,PETR3,29.1,28.19,29.38,27.75,81494440.0
2008-11-04,PETR3,29.21,31.0,31.6,28.8,149768086.0
2008-11-05,PETR3,30.6,29.81,31.51,29.42,160893458.0
2008-11-06,PETR3,28.62,27.77,29.73,26.92,126009689.0
2008-11-07,PETR3,28.45,28.21,29.25,27.5,70499210.0
2008-11-10,PETR3,30.0,29.29,30.5,28.55,92002165.0
2008-11-11,PETR3,28.69,28.75,29.36,27.8,60512799.0
2008-11-12,PETR3,27.87,24.94,27.9,24.94,118383709.0
2008-11-13,PETR3,24.94,25.63,26.08,23.88,87935125.0
2008-11-14,PETR3,26.0,25.1,26.21,24.42,81917999.0
2008-11-17,PETR3,24.1,25.06,25.24,24.07,50986596.0
2008-11-18,PETR3,24.2,23.3,24.97,22.91,55767571.0
2008-11-19,PETR3,22.97,22.3,23.94,22.2,56782796.0
2008-11-21,PETR3,20.81,20.21,21.4,19.54,183464393.0
2008-11-24,PETR3,21.42,22.71,23.29,21.23,189626779.0
2008-11-25,PETR3,22.22,23.1,23.65,21.9,148055397.0
2008-11-26,PETR3,22.44,24.22,24.59,22.35,109622427.0
2008-11-27,PETR3,23.89,23.62,24.56,23.59,34852649.0
2008-11-28,PETR3,23.48,23.75,24.45,22.95,79358012.0
2008-12-01,PETR3,23.27,21.76,23.27,21.52,85984471.0
2008-12-02,PETR3,22.02,21.64,22.5,21.5,60222434.0
2008-12-03,PETR3,21.8,22.84,22.99,20.78,90737767.0
2008-12-04,PETR3,23.08,21.79,23.14,21.79,77055643.0
2008-12-05,PETR3,21.44,21.5,21.59,20.2,146121617.0
2008-12-08,PETR3,22.75,24.46,24.46,22.48,151476551.0
2008-12-09,PETR3,24.4,24.2,25.25,23.75,113436911.0
2008-12-10,PETR3,24.88,26.66,27.1,24.88,185222624.0
2008-12-11,PETR3,27.19,26.93,28.85,26.8,180072482.0
2008-12-12,PETR3,25.8,27.6,27.6,25.73,96947370.0
2008-12-15,PETR3,28.08,27.75,29.1,27.28,91292645.0
2008-12-16,PETR3,28.75,28.85,28.99,28.2,89188796.0
2008-12-17,PETR3,28.9,29.64,30.33,28.65,188789205.0
2008-12-18,PETR3,29.88,28.1,30.07,27.86,174540880.0
2008-12-19,PETR3,27.5,27.89,28.47,27.1,79475267.0
2008-12-22,PETR3,27.93,26.12,28.46,26.11,116510827.0
2008-12-23,PETR3,26.58,25.89,26.75,25.82,43333770.0
2008-12-26,PETR3,25.91,26.85,26.99,25.91,27790384.0
2008-12-29,PETR3,27.25,27.09,27.4,26.34,54018362.0
2008-12-30,PETR3,27.1,27.49,27.76,26.4,105747114.0
2009-01-02,PETR3,27.8,29.86,30.08,27.8,118446636.0
2009-01-05,PETR3,29.6,30.52,31.06,29.16,120780979.0
2009-01-06,PETR3,30.9,31.02,31.58,30.34,98865293.0
2009-01-07,PETR3,30.21,29.4,30.45,29.0,95216357.0
2009-01-08,PETR3,29.39,30.95,30.95,28.8,91476318.0
2009-01-09,PETR3,30.9,30.9,31.5,30.17,80463544.0
2009-01-12,PETR3,30.01,28.64,30.05,28.43,108339158.0
2009-01-13,PETR3,28.1,28.74,29.7,27.85,73755734.0
2009-01-14,PETR3,28.51,27.68,29.1,27.5,117969534.0
2009-01-15,PETR3,28.5,28.59,28.59,26.63,183997664.0
2009-01-16,PETR3,28.95,29.0,29.35,28.4,114151364.0
2009-01-19,PETR3,29.15,28.47,29.26,28.35,20665746.0
2009-01-20,PETR3,28.25,27.45,28.98,27.45,63714408.0
2009-01-21,PETR3,27.79,29.01,29.16,27.59,74347244.0
2009-01-22,PETR3,29.4,28.31,29.41,27.51,130474238.0
2009-01-23,PETR3,27.46,28.24,28.97,27.1,83420767.0
2009-01-26,PETR3,28.4,28.59,29.3,27.79,85507973.0
2009-01-27,PETR3,28.59,28.35,28.84,28.2,87910906.0
2009-01-28,PETR3,29.27,30.45,30.69,28.9,187290849.0
2009-01-29,PETR3,30.0,30.02,30.47,29.65,80056677.0
2009-01-30,PETR3,29.9,30.37,31.17,29.65,78131288.0
2009-02-02,PETR3,29.61,29.76,30.45,29.61,73111508.0
2009-02-03,PETR3,30.07,30.91,31.05,29.83,71577474.0
2009-02-04,PETR3,31.16,31.16,32.28,30.8,136596338.0
2009-02-05,PETR3,31.08,31.5,32.0,30.5,127425318.0
2009-02-06,PETR3,31.69,33.2,33.57,31.5,225607417.0
2009-02-09,PETR3,33.0,33.61,34.9,32.9,233402250.0
2009-02-10,PETR3,34.1,33.38,34.85,33.06,196801904.0
2009-02-11,PETR3,33.61,33.0,34.49,32.55,124339826.0
2009-02-12,PETR3,32.34,32.75,33.49,31.89,119849054.0
2009-02-13,PETR3,33.79,33.92,34.3,33.13,94241065.0
2009-02-16,PETR3,33.8,34.25,34.25,33.35,47905767.0
2009-02-17,PETR3,33.05,32.31,33.36,32.08,175920232.0
2009-02-18,PETR3,32.7,31.57,32.84,30.96,136188182.0
2009-02-19,PETR3,31.83,32.2,32.71,31.8,134669613.0
2009-02-20,PETR3,31.2,31.5,32.02,30.75,136819908.0
2009-02-25,PETR3,31.5,32.25,33.11,31.0,190332589.0
2009-02-26,PETR3,33.0,32.5,33.85,32.5,146172744.0
2009-02-27,PETR3,31.67,32.7,33.86,31.65,299905913.0
2009-03-02,PETR3,32.19,30.68,32.29,30.65,179231966.0
2009-03-03,PETR3,31.15,30.5,31.5,29.9,176291901.0
2009-03-04,PETR3,31.76,32.51,33.2,31.57,289723358.0
2009-03-05,PETR3,31.92,32.1,33.09,31.7,139451270.0
2009-03-06,PETR3,32.8,31.51,33.53,30.75,217195645.0
2009-03-09,PETR3,30.8,31.59,32.8,30.8,166154223.0
2009-03-10,PETR3,32.5,33.32,33.87,32.28,331358807.0
2009-03-11,PETR3,33.7,33.53,34.24,33.08,153784980.0
2009-03-12,PETR3,33.69,34.3,34.5,33.27,200568570.0
2009-03-13,PETR3,34.6,34.4,34.89,33.98,168428993.0
2009-03-16,PETR3,34.64,33.6,34.77,33.4,151174525.0
2009-03-17,PETR3,33.7,34.6,34.77,33.15,112003333.0
2009-03-18,PETR3,34.25,35.0,35.47,33.7,118664095.0
2009-03-19,PETR3,35.61,36.32,36.9,35.6,346116919.0
2009-03-20,PETR3,36.32,36.32,37.88,35.2,238702827.0
2009-03-23,PETR3,37.6,38.97,39.3,37.41,265675653.0
2009-03-24,PETR3,38.65,38.15,38.85,37.64,207623441.0
2009-03-25,PETR3,38.47,38.33,38.79,37.18,181033857.0
2009-03-26,PETR3,39.0,38.18,39.37,37.95,149475705.0
2009-03-27,PETR3,37.5,37.05,37.65,36.8,113827652.0
2009-03-30,PETR3,36.21,35.78,36.3,35.34,148009259.0
2009-03-31,PETR3,36.3,35.38,36.47,35.36,176897645.0
2009-04-01,PETR3,34.87,36.6,36.85,34.7,173567038.0
2009-04-02,PETR3,37.83,38.4,39.0,37.77,259471761.0
2009-04-03,PETR3,38.25,38.5,38.8,37.81,279858901.0
2009-04-06,PETR3,38.0,38.07,38.4,37.74,201886573.0
2009-04-07,PETR3,37.63,37.72,38.39,37.54,128868034.0
2009-04-08,PETR3,38.1,37.6,38.1,37.01,198603821.0
2009-04-09,PETR3,38.5,38.8,39.1,38.0,160224079.0
2009-04-13,PETR3,38.56,38.9,39.24,38.18,188687414.0
2009-04-14,PETR3,38.6,38.58,39.67,38.35,170884074.0
2009-04-15,PETR3,38.22,37.6,38.5,37.06,245135554.0
2009-04-16,PETR3,38.08,37.8,38.18,37.5,220512704.0
2009-04-17,PETR3,37.5,37.35,38.04,37.15,114558579.0
2009-04-20,PETR3,36.7,36.2,37.02,35.83,167355162.0
2009-04-22,PETR3,36.5,35.79,36.53,35.66,216385893.0
2009-04-23,PETR3,36.2,36.51,36.66,35.9,134535943.0
2009-04-24,PETR3,36.75,36.6,37.1,36.31,114676657.0
2009-04-27,PETR3,36.25,35.71,36.25,35.38,208973517.0
2009-04-28,PETR3,35.34,35.8,35.95,34.95,124930029.0
2009-04-29,PETR3,36.3,36.91,37.19,35.8,126659431.0
2009-04-30,PETR3,37.47,36.84,37.67,36.47,199915041.0
2009-05-04,PETR3,37.73,40.0,40.0,37.51,359389674.0
2009-05-05,PETR3,39.9,40.5,40.77,39.76,172272956.0
2009-05-06,PETR3,40.88,41.05,42.05,40.88,275902466.0
2009-05-07,PETR3,41.5,40.26,41.99,39.86,150102316.0
2009-05-08,PETR3,41.25,41.66,41.77,40.66,193769322.0
2009-05-11,PETR3,40.8,41.3,41.54,40.41,143252097.0
2009-05-12,PETR3,41.92,40.45,42.2,40.2,262610981.0
2009-05-13,PETR3,39.74,39.35,39.97,39.17,136933148.0
2009-05-14,PETR3,39.35,39.52,39.71,39.01,126406472.0
2009-05-15,PETR3,39.12,38.98,39.37,38.55,155164808.0
2009-05-18,PETR3,39.44,40.85,40.94,38.76,168204968.0
2009-05-19,PETR3,40.99,41.0,41.57,40.5,122968448.0
2009-05-20,PETR3,41.57,41.5,42.35,41.15,239900469.0
2009-05-21,PETR3,40.9,40.7,41.17,40.15,165469290.0
2009-05-22,PETR3,41.28,41.2,41.8,40.7,114575208.0
2009-05-25,PETR3,41.35,41.37,41.8,41.2,15316622.0
2009-05-26,PETR3,41.37,42.35,42.35,40.71,144665378.0
2009-05-27,PETR3,42.45,42.49,43.09,42.17,126838455.0
2009-05-28,PETR3,43.0,43.5,43.78,42.6,223730894.0
2009-05-29,PETR3,44.0,43.16,44.5,42.99,314805605.0
2009-06-01,PETR3,44.0,44.4,44.73,44.0,181485435.0
2009-06-02,PETR3,43.8,43.1,44.45,43.0,236599400.0
2009-06-03,PETR3,42.89,41.19,42.89,40.74,373698055.0
2009-06-04,PETR3,41.75,42.48,42.5,41.29,200505962.0
2009-06-05,PETR3,43.58,42.34,43.58,41.91,154271291.0
2009-06-08,PETR3,41.7,42.4,42.81,41.3,129910438.0
2009-06-09,PETR3,42.3,42.0,42.55,41.51,94595042.0
2009-06-10,PETR3,42.7,42.35,42.7,41.82,123402163.0
2009-06-12,PETR3,42.79,42.24,42.85,42.1,141982071.0
2009-06-15,PETR3,42.0,41.4,42.0,40.67,252638978.0
2009-06-16,PETR3,41.71,40.5,41.86,40.16,216302376.0
2009-06-17,PETR3,40.1,39.67,40.2,39.29,193538284.0
2009-06-18,PETR3,39.81,39.35,39.88,39.22,104136946.0
2009-06-19,PETR3,39.71,39.84,40.0,39.46,148133787.0
2009-06-22,PETR3,39.23,38.2,39.23,37.84,248056074.0
2009-06-23,PETR3,38.47,38.72,38.72,37.97,198866311.0
2009-06-24,PETR3,39.3,38.21,39.4,38.07,182358031.0
2009-06-25,PETR3,38.0,39.75,39.75,37.96,196400082.0
2009-06-26,PETR3,39.65,39.81,40.04,39.2,101321655.0
2009-06-29,PETR3,40.01,40.75,40.75,40.01,107830664.0
2009-06-30,PETR3,40.65,40.09,41.08,39.75,137241607.0
2009-07-01,PETR3,40.49,39.06,40.7,39.06,222947702.0
2009-07-02,PETR3,38.7,38.23,38.7,37.9,108008572.0
2009-07-03,PETR3,38.25,37.9,38.35,37.89,18272266.0
2009-07-06,PETR3,37.0,36.51,37.27,36.09,219071710.0
2009-07-07,PETR3,36.44,36.15,36.61,35.75,145023840.0
2009-07-08,PETR3,35.75,35.64,36.43,34.71,161603390.0
2009-07-10,PETR3,35.93,36.47,36.47,35.43,112849578.0
2009-07-13,PETR3,36.65,36.4,36.8,35.41,64322673.0
2009-07-14,PETR3,36.74,36.25,37.22,36.1,175642524.0
2009-07-15,PETR3,36.9,37.6,37.94,36.72,146687788.0
2009-07-16,PETR3,37.33,38.0,38.39,37.1,86930056.0
2009-07-17,PETR3,37.71,38.8,38.8,37.71,96717745.0
2009-07-20,PETR3,39.33,39.6,39.7,39.02,101114303.0
2009-07-21,PETR3,39.75,39.54,40.04,38.96,82817083.0
2009-07-22,PETR3,39.14,39.18,39.65,38.94,76892737.0
2009-07-23,PETR3,39.79,40.2,40.66,38.7,328062986.0
2009-07-24,PETR3,40.0,40.15,40.5,39.89,91688299.0
2009-07-27,PETR3,40.31,40.1,40.55,39.54,100421296.0
2009-07-28,PETR3,39.52,39.29,39.7,38.81,137874489.0
2009-07-29,PETR3,38.7,37.85,38.86,37.72,172435789.0
2009-07-30,PETR3,38.41,38.22,38.8,38.22,134088150.0
2009-07-31,PETR3,38.35,38.55,38.91,38.08,75467165.0
2009-08-03,PETR3,38.99,39.75,39.86,38.99,77438766.0
2009-08-04,PETR3,39.49,39.09,39.9,38.91,138104175.0
2009-08-05,PETR3,39.1,39.35,39.35,38.56,88097406.0
2009-08-06,PETR3,39.34,38.8,39.79,38.53,109246512.0
2009-08-07,PETR3,38.8,39.04,39.3,38.6,96683980.0
2009-08-10,PETR3,38.7,39.1,39.1,38.51,82514121.0
2009-08-11,PETR3,38.78,37.86,38.93,37.86,89109510.0
2009-08-12,PETR3,38.0,38.7,38.78,37.95,108110174.0
2009-08-13,PETR3,38.45,39.3,39.37,38.45,133048940.0
2009-08-14,PETR3,39.4,39.1,39.5,38.58,140498307.0
2009-08-17,PETR3,38.43,38.7,38.7,37.9,231990533.0
2009-08-18,PETR3,38.9,38.9,39.05,38.68,129524547.0
2009-08-19,PETR3,38.5,39.4,39.4,38.19,114212065.0
2009-08-20,PETR3,39.72,39.8,39.92,39.4,76213196.0
2009-08-21,PETR3,40.4,40.61,40.75,40.25,110988466.0
2009-08-24,PETR3,40.84,40.34,41.3,40.05,139525443.0
2009-08-25,PETR3,40.54,40.11,40.86,40.11,87903438.0
2009-08-26,PETR3,40.23,39.87,40.31,39.57,89483328.0
2009-08-27,PETR3,39.99,39.3,39.99,38.52,166138064.0
2009-08-28,PETR3,39.4,39.29,39.56,38.38,181670023.0
2009-08-31,PETR3,38.64,37.53,38.64,36.52,372204825.0
2009-09-01,PETR3,37.84,37.33,38.26,36.9,331382429.0
2009-09-02,PETR3,37.15,37.86,38.26,37.15,253903986.0
2009-09-03,PETR3,38.14,37.77,38.59,37.45,190194442.0
2009-09-04,PETR3,37.89,38.45,38.67,37.2,160861281.0
2009-09-08,PETR3,39.06,39.28,39.4,38.67,128250422.0
2009-09-09,PETR3,39.71,39.8,39.95,39.28,148932991.0
2009-09-10,PETR3,39.6,40.17,40.28,39.0,118656413.0
2009-09-11,PETR3,40.19,39.75,40.29,39.42,69999971.0
2009-09-14,PETR3,39.4,39.86,40.11,39.19,104166380.0
2009-09-15,PETR3,40.13,40.28,40.38,39.93,149937210.0
2009-09-16,PETR3,40.43,41.0,41.0,40.1,192373750.0
2009-09-17,PETR3,40.66,41.05,41.5,40.66,161900899.0
2009-09-18,PETR3,40.77,41.09,41.26,40.63,136821530.0
2009-09-21,PETR3,40.89,41.15,41.17,40.35,123964383.0
2009-09-22,PETR3,41.45,41.33,41.64,41.15,101534784.0
2009-09-23,PETR3,41.32,40.46,41.58,40.46,137212940.0
2009-09-24,PETR3,40.89,39.65,40.89,39.54,239480580.0
2009-09-25,PETR3,39.44,39.75,40.28,39.36,97896335.0
2009-09-28,PETR3,40.03,40.8,40.95,39.92,115759413.0
2009-09-29,PETR3,40.91,40.84,41.0,40.22,98426178.0
2009-09-30,PETR3,41.09,40.85,41.23,40.51,162576714.0
2009-10-01,PETR3,40.45,39.99,40.85,39.82,106437618.0
2009-10-02,PETR3,39.37,39.82,40.11,39.3,203556255.0
2009-10-05,PETR3,39.92,39.97,40.16,39.5,156445422.0
2009-10-06,PETR3,40.3,40.32,40.73,39.99,140705933.0
2009-10-07,PETR3,40.19,40.5,40.8,39.98,100028051.0
2009-10-08,PETR3,40.95,41.55,41.57,40.66,122195136.0
2009-10-09,PETR3,41.35,41.6,41.9,41.2,124552464.0
2009-10-13,PETR3,41.5,41.83,42.08,41.5,115013891.0
2009-10-14,PETR3,42.06,42.45,42.49,41.98,159547683.0
2009-10-15,PETR3,42.25,43.05,43.13,42.2,144166087.0
2009-10-16,PETR3,42.26,42.8,43.3,42.26,131871463.0
2009-10-19,PETR3,43.29,43.98,44.24,42.82,119459100.0
2009-10-20,PETR3,43.04,43.2,43.76,42.29,241273165.0
2009-10-21,PETR3,43.01,43.0,44.2,42.92,208694741.0
2009-10-22,PETR3,43.31,43.16,43.7,42.81,140819198.0
2009-10-23,PETR3,43.55,42.41,43.79,42.2,125482622.0
2009-10-26,PETR3,42.35,42.6,43.28,42.11,116394381.0
2009-10-27,PETR3,42.7,41.53,42.9,41.53,140736263.0
2009-10-28,PETR3,41.42,40.25,42.0,40.02,177945656.0
2009-10-29,PETR3,41.08,41.8,42.05,40.5,137222216.0
2009-10-30,PETR3,41.66,40.5,42.25,39.69,189279749.0
2009-11-03,PETR3,39.86,41.05,41.56,39.86,131341738.0
2009-11-04,PETR3,41.75,41.2,41.95,41.11,102649984.0
2009-11-05,PETR3,41.1,42.18,42.18,41.08,109945810.0
2009-11-06,PETR3,42.25,41.6,42.51,41.3,80178277.0
2009-11-09,PETR3,42.49,42.7,42.75,42.12,111848863.0
2009-11-10,PETR3,42.73,43.3,43.45,42.47,122958407.0
2009-11-11,PETR3,43.6,43.6,43.97,43.22,149625715.0
2009-11-12,PETR3,43.25,42.4,43.75,42.4,174628205.0
2009-11-13,PETR3,42.51,42.8,43.3,42.44,107626289.0
2009-11-16,PETR3,43.11,43.0,43.7,43.0,126193626.0
2009-11-17,PETR3,43.15,44.15,44.15,43.0,136807378.0
2009-11-18,PETR3,44.4,43.78,44.87,43.65,213439511.0
2009-11-19,PETR3,43.28,43.9,44.3,42.51,176643013.0
2009-11-23,PETR3,44.06,44.0,44.48,43.72,133017534.0
2009-11-24,PETR3,44.01,44.28,44.28,43.34,120884757.0
2009-11-25,PETR3,44.3,44.85,45.0,43.99,108521292.0
2009-11-26,PETR3,44.15,43.6,44.31,43.5,70859095.0
2009-11-27,PETR3,43.65,44.23,44.23,43.12,81083604.0
2009-11-30,PETR3,44.38,44.11,44.51,43.8,168913556.0
2009-12-01,PETR3,44.8,45.1,45.21,44.15,152443016.0
2009-12-02,PETR3,45.0,44.6,45.33,44.36,163450843.0
2009-12-03,PETR3,45.19,44.02,45.19,44.02,160351693.0
2009-12-04,PETR3,43.85,43.13,44.72,42.81,151479029.0
2009-12-07,PETR3,43.42,43.27,43.42,42.9,119453554.0
2009-12-08,PETR3,42.9,42.1,43.41,41.8,168780490.0
2009-12-09,PETR3,42.5,42.19,42.64,41.55,123991341.0
2009-12-10,PETR3,42.57,42.4,42.64,41.88,130285202.0
2009-12-11,PETR3,42.78,42.1,42.78,41.88,234248931.0
2009-12-14,PETR3,42.17,41.72,42.25,41.68,176863964.0
2009-12-15,PETR3,41.55,42.13,42.13,41.23,162595159.0
2009-12-16,PETR3,42.5,42.4,42.6,42.0,118891489.0
2009-12-17,PETR3,41.92,41.41,42.05,41.18,129727558.0
2009-12-18,PETR3,41.5,41.34,41.93,41.06,144291394.0
2009-12-21,PETR3,41.51,40.2,41.89,40.2,138630360.0
2009-12-22,PETR3,40.6,41.0,41.0,40.25,160870744.0
2009-12-23,PETR3,40.75,41.15,41.28,40.4,128743319.0
2009-12-28,PETR3,41.45,41.15,41.5,41.0,41005886.0
2009-12-29,PETR3,41.45,41.56,41.56,41.04,89035634.0
2009-12-30,PETR3,40.91,41.65,41.65,40.9,161230117.0
2010-01-04,PETR3,41.7,41.65,41.86,41.4,207036829.0
2010-01-05,PETR3,41.85,41.4,41.86,41.15,159977423.0
2010-01-06,PETR3,41.19,41.81,42.05,41.05,144237111.0
2010-01-07,PETR3,41.51,41.56,42.87,41.3,118812850.0
2010-01-08,PETR3,41.8,41.25,41.86,41.14,129151707.0
2010-01-11,PETR3,41.51,41.29,41.89,41.12,147751364.0
2010-01-12,PETR3,40.98,40.77,41.0,40.39,87058760.0
2010-01-13,PETR3,40.86,40.4,41.01,39.72,256270476.0
2010-01-14,PETR3,40.25,39.75,40.4,39.61,129781469.0
2010-01-15,PETR3,39.5,39.99,40.2,39.41,183091012.0
2010-01-18,PETR3,40.1,40.9,41.17,40.08,93081585.0
2010-01-19,PETR3,40.5,40.67,40.86,40.3,130263765.0
2010-01-20,PETR3,40.21,39.55,40.29,39.42,121604331.0
2010-01-21,PETR3,39.61,38.44,40.5,38.19,149440201.0
2010-01-22,PETR3,38.15,38.53,38.72,37.95,167874410.0
2010-01-26,PETR3,37.75,37.84,38.11,37.25,169852098.0
2010-01-27,PETR3,37.83,38.0,38.3,37.25,116516957.0
2010-01-28,PETR3,38.5,38.8,38.85,37.9,143925698.0
2010-01-29,PETR3,38.99,38.22,39.41,37.96,164332856.0
2010-02-01,PETR3,38.49,38.32,38.63,38.05,112589955.0
2010-02-02,PETR3,38.7,38.3,38.73,38.13,137691742.0
2010-02-03,PETR3,38.34,38.29,38.43,37.85,94747355.0
2010-02-04,PETR3,37.94,36.45,38.12,36.3,203654712.0
2010-02-05,PETR3,36.19,35.8,36.41,34.95,212893987.0
2010-02-08,PETR3,36.03,36.14,36.72,35.65,146110398.0
2010-02-09,PETR3,36.6,36.76,37.07,36.3,319790563.0
2010-02-10,PETR3,36.65,37.28,37.34,36.32,309551412.0
2010-02-11,PETR3,37.61,37.81,38.2,37.1,282890200.0
2010-02-12,PETR3,37.27,38.25,38.25,37.17,202716073.0
2010-02-17,PETR3,38.55,38.39,38.66,37.97,169092433.0
2010-02-18,PETR3,38.22,38.7,38.7,37.89,191893195.0
2010-02-19,PETR3,38.32,38.6,38.74,38.15,165662950.0
2010-02-22,PETR3,38.89,38.88,39.0,38.5,192806872.0
2010-02-23,PETR3,38.57,38.15,38.82,37.82,194006401.0
2010-02-24,PETR3,38.31,38.14,38.35,37.47,109879483.0
2010-02-25,PETR3,37.49,38.32,38.32,37.17,215694508.0
2010-02-26,PETR3,38.4,38.7,38.7,37.92,208562020.0
2010-03-01,PETR3,38.82,39.05,39.05,38.2,184063686.0
2010-03-02,PETR3,39.47,39.28,39.52,39.1,169285773.0
2010-03-03,PETR3,39.42,39.41,40.05,39.25,201773858.0
2010-03-04,PETR3,39.7,39.19,39.78,38.89,137545891.0
2010-03-05,PETR3,39.6,39.99,40.15,39.47,136805447.0
2010-03-08,PETR3,40.01,39.97,40.19,39.64,131639766.0
2010-03-09,PETR3,39.7,40.71,41.0,39.67,277230048.0
2010-03-10,PETR3,40.95,41.3,41.38,40.83,251075620.0
2010-03-11,PETR3,41.18,41.3,41.7,41.04,156331962.0
2010-03-12,PETR3,41.5,41.49,41.71,41.29,160692423.0
2010-03-15,PETR3,41.17,41.08,41.56,40.7,234273478.0
2010-03-16,PETR3,41.3,41.54,41.54,40.84,129659000.0
2010-03-17,PETR3,41.79,41.55,41.8,41.16,109139323.0
2010-03-18,PETR3,41.43,41.4,41.8,41.01,195614966.0
2010-03-19,PETR3,41.36,40.55,41.4,40.5,455885575.0
2010-03-22,PETR3,40.0,40.55,40.55,39.5,139802390.0
2010-03-23,PETR3,40.58,39.9,40.62,39.75,117660264.0
2010-03-24,PETR3,39.8,40.3,40.82,39.6,164021378.0
2010-03-25,PETR3,40.49,39.45,40.65,39.39,135492967.0
2010-03-26,PETR3,39.73,39.25,39.75,38.82,262190784.0
2010-03-29,PETR3,39.5,39.45,39.87,38.74,149192396.0
2010-03-30,PETR3,39.81,39.3,40.0,39.28,73682702.0
2010-03-31,PETR3,39.28,39.7,39.7,39.03,159200998.0
2010-04-01,PETR3,39.85,40.15,40.23,39.85,101058690.0
2010-04-05,PETR3,40.26,40.4,40.58,40.08,96479334.0
2010-04-06,PETR3,40.23,40.59,40.84,40.21,95109936.0
2010-04-07,PETR3,40.49,40.39,40.67,39.95,100379564.0
2010-04-08,PETR3,40.09,40.18,40.35,39.89,136075759.0
2010-04-09,PETR3,40.27,39.7,40.55,39.7,136507679.0
2010-04-12,PETR3,39.7,38.54,39.9,38.45,140249660.0
2010-04-13,PETR3,38.63,38.37,38.8,37.96,179348887.0
2010-04-14,PETR3,38.5,38.65,38.65,38.25,161481133.0
2010-04-15,PETR3,38.79,37.97,38.79,37.77,129154897.0
2010-04-16,PETR3,37.74,37.07,37.79,36.9,155679333.0
2010-04-19,PETR3,36.84,37.7,37.75,36.68,144167107.0
2010-04-20,PETR3,38.04,38.55,38.75,37.96,202349071.0
2010-04-22,PETR3,38.2,38.1,38.39,37.6,143032497.0
2010-04-23,PETR3,37.85,38.28,38.55,37.73,88471715.0
2010-04-26,PETR3,38.44,37.51,38.45,37.51,94905482.0
2010-04-27,PETR3,37.3,36.33,37.31,36.15,179841363.0
2010-04-28,PETR3,36.69,36.4,37.12,35.89,171923809.0
2010-04-29,PETR3,36.95,37.09,37.16,36.61,126665642.0
2010-04-30,PETR3,36.79,36.95,37.26,36.4,134373534.0
2010-05-03,PETR3,36.53,35.4,36.93,35.4,195471421.0
2010-05-04,PETR3,35.09,34.21,35.2,33.74,260859900.0
2010-05-05,PETR3,34.0,34.1,34.82,33.64,216718683.0
2010-05-06,PETR3,34.1,34.01,34.99,32.61,317373050.0
2010-05-07,PETR3,34.2,33.66,34.56,33.0,218563964.0
2010-05-10,PETR3,35.1,34.24,35.3,34.07,153728323.0
2010-05-11,PETR3,34.0,33.52,34.26,33.52,104990407.0
2010-05-12,PETR3,33.99,33.86,34.1,33.63,139361038.0
2010-05-13,PETR3,34.1,33.9,34.33,33.1,143749283.0
2010-05-14,PETR3,33.55,34.03,34.03,33.01,167806388.0
2010-05-17,PETR3,34.0,33.63,34.25,33.19,178267593.0
2010-05-18,PETR3,33.91,32.91,34.0,32.84,102539247.0
2010-05-19,PETR3,32.87,32.19,33.2,32.19,167429392.0
2010-05-20,PETR3,31.69,31.06,31.99,31.06,239806751.0
2010-05-21,PETR3,31.15,31.44,31.99,30.86,212095801.0
2010-05-24,PETR3,31.33,30.9,31.59,30.9,88119638.0
2010-05-25,PETR3,30.0,30.39,30.59,29.52,170479307.0
2010-05-26,PETR3,30.85,31.05,31.63,30.7,149461571.0
2010-05-27,PETR3,31.7,32.04,32.29,31.7,148220401.0
2010-05-28,PETR3,32.05,32.41,32.48,31.9,157011802.0
2010-05-31,PETR3,32.26,34.08,34.08,32.26,129813920.0
2010-06-01,PETR3,33.25,32.98,33.93,32.75,278539337.0
2010-06-02,PETR3,32.79,33.32,33.69,32.75,99782351.0
2010-06-04,PETR3,33.14,33.8,34.41,32.9,173416321.0
2010-06-07,PETR3,33.9,33.99,34.6,33.8,148320566.0
2010-06-08,PETR3,34.18,34.4,34.6,33.97,123728353.0
2010-06-09,PETR3,34.67,34.55,35.48,34.5,160833214.0
2010-06-10,PETR3,35.14,34.94,35.45,34.65,164049167.0
2010-06-11,PETR3,34.55,34.55,34.86,34.29,111987984.0
2010-06-14,PETR3,35.0,33.67,35.0,33.67,112045288.0
2010-06-15,PETR3,33.81,33.88,33.99,33.38,86816856.0
2010-06-16,PETR3,33.65,34.58,34.7,33.51,184084094.0
2010-06-17,PETR3,34.45,34.39,34.77,34.04,173798755.0
2010-06-18,PETR3,34.5,34.25,34.5,33.91,121775157.0
2010-06-21,PETR3,34.45,34.17,34.9,34.05,196887344.0
2010-06-22,PETR3,34.24,33.24,34.36,33.24,197185443.0
2010-06-23,PETR3,33.46,32.62,33.68,32.45,243444248.0
2010-06-24,PETR3,32.49,31.62,32.49,31.6,175513381.0
2010-06-25,PETR3,31.55,32.02,32.35,31.42,106768130.0
2010-06-28,PETR3,32.11,31.36,32.31,31.36,61125642.0
2010-06-29,PETR3,30.86,31.04,31.22,30.73,148493010.0
2010-06-30,PETR3,31.01,31.0,31.81,30.92,101306804.0
2010-07-01,PETR3,31.01,30.19,31.33,30.02,143728875.0
2010-07-02,PETR3,30.5,30.3,30.58,30.13,89347400.0
2010-07-05,PETR3,30.5,30.0,30.61,30.0,25375317.0
2010-07-06,PETR3,30.65,30.99,31.06,30.44,107250855.0
2010-07-07,PETR3,30.97,31.45,31.6,30.55,126928387.0
2010-07-08,PETR3,31.61,31.8,31.8,31.28,95723733.0
2010-07-12,PETR3,31.82,31.47,31.97,31.31,57873331.0
2010-07-13,PETR3,31.61,31.19,31.7,31.06,92797986.0
2010-07-14,PETR3,31.01,31.29,31.44,30.86,58649241.0
2010-07-15,PETR3,31.3,31.02,31.3,30.79,73352997.0
2010-07-16,PETR3,31.0,30.58,31.0,30.58,56892427.0
2010-07-19,PETR3,30.66,30.8,30.91,30.48,48171575.0
2010-07-20,PETR3,30.68,31.9,31.95,30.47,102758548.0
2010-07-21,PETR3,32.15,31.54,32.21,31.33,79835228.0
2010-07-22,PETR3,31.95,31.87,32.26,31.75,87392896.0
2010-07-23,PETR3,31.9,31.78,31.98,31.51,59435945.0
2010-07-26,PETR3,31.79,31.93,32.05,31.66,37000360.0
2010-07-27,PETR3,32.07,31.8,32.18,31.67,60881593.0
2010-07-28,PETR3,31.71,31.5,31.94,31.4,99333628.0
2010-07-29,PETR3,31.64,31.28,31.72,31.28,76820384.0
2010-07-30,PETR3,31.27,32.04,32.04,31.05,140156492.0
2010-08-02,PETR3,32.19,32.68,32.91,31.98,95933787.0
2010-08-03,PETR3,32.51,33.5,33.8,32.51,107112258.0
2010-08-04,PETR3,33.74,33.9,34.03,33.42,191827819.0
2010-08-05,PETR3,33.78,33.8,33.93,33.54,113190110.0
2010-08-06,PETR3,33.75,33.52,33.9,33.28,91797765.0
2010-08-09,PETR3,33.75,33.15,33.84,33.15,67052669.0
2010-08-10,PETR3,32.88,32.9,33.09,32.49,118599972.0
2010-08-11,PETR3,32.5,31.65,32.5,31.63,140662894.0
2010-08-12,PETR3,31.33,31.7,32.08,31.29,94954163.0
2010-08-13,PETR3,31.69,31.76,31.92,31.54,79996911.0
2010-08-16,PETR3,31.55,31.69,31.83,31.48,97525105.0
2010-08-17,PETR3,31.88,32.31,32.61,31.8,150136325.0
2010-08-18,PETR3,32.2,31.51,32.3,31.35,159718123.0
2010-08-19,PETR3,30.7,30.36,31.0,30.27,180154087.0
2010-08-20,PETR3,30.27,30.3,30.55,29.91,163958841.0
2010-08-23,PETR3,30.54,30.18,30.54,30.1,96872431.0
2010-08-24,PETR3,29.9,29.56,30.35,29.5,86275448.0
2010-08-25,PETR3,29.5,29.74,29.78,28.85,118749752.0
2010-08-26,PETR3,30.2,29.1,30.25,29.1,117846736.0
2010-08-27,PETR3,29.48,29.95,29.95,29.0,100322005.0
2010-08-30,PETR3,29.55,29.15,29.75,28.96,78049475.0
2010-08-31,PETR3,29.0,29.59,29.59,28.93,132731688.0
2010-09-01,PETR3,29.8,31.25,31.25,29.66,152717333.0
2010-09-02,PETR3,30.76,31.24,32.2,30.64,204871585.0
2010-09-03,PETR3,32.06,32.71,32.81,31.81,331011657.0
2010-09-06,PETR3,32.99,33.34,33.34,32.62,92034130.0
2010-09-08,PETR3,32.34,31.86,32.55,31.68,168160404.0
2010-09-09,PETR3,31.98,31.25,32.03,30.83,190744743.0
2010-09-10,PETR3,31.28,31.02,31.56,30.94,217111947.0
2010-09-13,PETR3,31.47,31.66,31.89,31.15,207291096.0
2010-09-14,PETR3,31.55,30.14,31.71,30.14,179463770.0
2010-09-15,PETR3,29.11,29.98,30.05,29.05,307737159.0
2010-09-16,PETR3,29.51,29.97,30.09,29.51,141518898.0
2010-09-17,PETR3,29.7,30.19,30.19,29.7,123379336.0
2010-09-20,PETR3,30.13,30.8,30.99,29.77,154919073.0
2010-09-21,PETR3,30.74,29.8,30.92,29.8,137374074.0
2010-09-22,PETR3,29.1,29.68,29.86,29.1,237994727.0
2010-09-23,PETR3,29.6,30.25,31.2,29.55,427853702.0
2010-09-24,PETR3,30.3,29.65,30.4,29.48,446813413.0
2010-09-27,PETR3,29.65,30.25,30.45,29.42,619582445.0
2010-09-28,PETR3,30.45,30.08,30.48,30.08,317455828.0
2010-09-29,PETR3,30.08,30.95,30.95,30.08,1185204160.0
2010-09-30,PETR3,30.86,30.4,31.28,30.27,473176165.0
2010-10-01,PETR3,30.61,30.6,30.86,30.35,206184876.0
2010-10-04,PETR3,30.51,30.56,30.9,30.5,223998568.0
2010-10-05,PETR3,30.8,30.39,30.87,29.74,382374094.0
2010-10-06,PETR3,30.27,29.18,30.29,28.88,376800396.0
2010-10-07,PETR3,29.33,28.31,29.33,27.58,406824747.0
2010-10-08,PETR3,27.95,29.0,29.0,27.91,262902304.0
2010-10-11,PETR3,29.0,28.74,29.15,28.62,116807790.0
2010-10-13,PETR3,28.97,28.6,28.97,28.45,219595258.0
2010-10-14,PETR3,28.6,29.1,29.15,28.27,419017481.0
2010-10-15,PETR3,29.19,28.64,29.29,28.5,389124811.0
2010-10-18,PETR3,28.51,28.7,28.77,28.28,296546530.0
2010-10-19,PETR3,28.25,27.65,28.43,26.98,223725174.0
2010-10-20,PETR3,27.76,27.5,27.87,27.5,160535566.0
2010-10-21,PETR3,27.45,26.68,27.62,26.57,278026888.0
2010-10-22,PETR3,27.0,26.75,27.23,26.35,227280837.0
2010-10-25,PETR3,26.9,27.21,27.35,26.82,124920970.0
2010-10-26,PETR3,27.14,28.45,28.69,26.97,242132854.0
2010-10-27,PETR3,28.29,28.79,29.51,27.87,224657019.0
2010-10-28,PETR3,29.14,28.8,29.35,28.47,214185853.0
2010-10-29,PETR3,29.04,28.55,29.1,28.45,204541994.0
2010-11-01,PETR3,28.8,29.1,29.3,28.59,119999766.0
2010-11-03,PETR3,29.29,29.3,29.49,29.01,238436650.0
2010-11-04,PETR3,29.7,30.2,30.24,29.5,202059797.0
2010-11-05,PETR3,30.01,29.95,30.33,29.9,102257342.0
2010-11-08,PETR3,29.76,30.29,30.32,29.76,101606539.0
2010-11-09,PETR3,30.41,29.9,30.56,29.9,139477660.0
2010-11-10,PETR3,29.8,29.94,30.04,29.61,158335854.0
2010-11-11,PETR3,29.82,29.5,29.88,29.4,122225328.0
2010-11-12,PETR3,29.1,28.52,29.29,28.49,121695995.0
2010-11-16,PETR3,28.5,27.96,28.54,27.7,164872288.0
2010-11-17,PETR3,28.0,28.09,28.31,27.87,81104382.0
2010-11-18,PETR3,28.59,28.53,28.71,28.25,106477096.0
2010-11-19,PETR3,28.44,28.45,28.45,27.97,83442310.0
2010-11-22,PETR3,28.35,27.6,28.45,27.57,100710075.0
2010-11-23,PETR3,27.3,27.33,27.49,27.06,165594522.0
2010-11-24,PETR3,27.51,27.88,28.02,27.37,133661928.0
2010-11-25,PETR3,27.91,27.5,28.0,27.5,42380243.0
2010-11-26,PETR3,27.16,27.23,27.46,27.05,95840112.0
2010-11-29,PETR3,27.11,27.5,27.51,27.11,156160505.0
2010-11-30,PETR3,27.44,27.37,27.78,27.17,207546614.0
2010-12-01,PETR3,27.76,28.16,28.16,27.64,119761390.0
2010-12-02,PETR3,28.35,28.21,28.57,28.13,103678786.0
2010-12-03,PETR3,28.21,28.58,28.58,28.05,91322513.0
2010-12-06,PETR3,28.58,28.72,28.91,28.52,71631866.0
2010-12-07,PETR3,29.08,28.01,29.19,28.01,203516583.0
2010-12-08,PETR3,28.01,27.69,28.24,27.48,134562831.0
2010-12-09,PETR3,27.75,28.09,28.2,27.75,169220274.0
2010-12-10,PETR3,28.2,28.33,28.4,28.07,111898902.0
2010-12-13,PETR3,28.5,28.69,28.78,28.33,72094775.0
2010-12-14,PETR3,28.48,28.49,28.67,28.32,118731279.0
2010-12-15,PETR3,28.22,27.96,28.3,27.96,136625775.0
2010-12-16,PETR3,28.1,27.97,28.24,27.86,75022732.0
2010-12-17,PETR3,27.89,28.62,28.62,27.78,86233920.0
2010-12-20,PETR3,28.69,28.33,28.83,28.33,200619763.0
2010-12-21,PETR3,28.61,28.45,28.72,28.4,85548974.0
2010-12-22,PETR3,28.2,28.49,28.49,28.1,91603875.0
2010-12-23,PETR3,28.21,28.54,28.59,28.21,57187218.0
2010-12-27,PETR3,28.39,28.74,28.91,28.22,69174738.0
2010-12-28,PETR3,29.02,29.61,29.66,29.0,141897072.0
2010-12-29,PETR3,29.65,30.1,30.27,29.65,121607545.0
2010-12-30,PETR3,30.39,30.55,30.72,30.22,262530050.0
2011-01-03,PETR3,30.72,30.3,30.87,30.12,155042182.0
2011-01-04,PETR3,30.3,30.06,30.4,29.54,302087992.0
2011-01-05,PETR3,29.8,30.63,30.67,29.71,169609779.0
2011-01-06,PETR3,30.55,30.45,30.85,30.31,210587431.0
2011-01-07,PETR3,30.39,30.0,30.51,29.91,161389049.0
2011-01-10,PETR3,29.94,30.21,30.37,29.75,159317178.0
2011-01-11,PETR3,30.35,30.5,30.75,30.25,209820246.0
2011-01-12,PETR3,30.57,31.47,31.58,30.57,256664070.0
2011-01-13,PETR3,31.54,30.5,31.76,30.5,199241391.0
2011-01-14,PETR3,30.53,30.77,31.0,30.2,98012365.0
2011-01-17,PETR3,30.81,30.47,30.83,30.47,134882766.0
2011-01-18,PETR3,30.77,30.95,30.95,30.51,188925976.0
2011-01-19,PETR3,31.0,30.14,31.05,30.14,138533441.0
2011-01-20,PETR3,30.11,30.1,30.44,29.67,161078190.0
2011-01-21,PETR3,30.2,29.87,30.4,29.81,148794911.0
2011-01-24,PETR3,30.1,30.01,30.18,29.53,132864736.0
2011-01-26,PETR3,29.99,29.5,30.34,29.43,154856349.0
2011-01-27,PETR3,29.6,29.61,29.94,29.39,143403310.0
2011-01-28,PETR3,29.61,29.35,29.82,28.96,144730978.0
2011-01-31,PETR3,29.55,30.05,30.09,29.31,234926193.0
2011-02-01,PETR3,30.2,30.69,30.75,30.07,219224078.0
2011-02-02,PETR3,30.71,31.0,31.39,30.53,318392257.0
2011-02-03,PETR3,30.97,31.52,31.61,30.95,274615807.0
2011-02-04,PETR3,31.35,31.0,31.65,30.98,183680096.0
2011-02-07,PETR3,31.2,30.51,31.33,30.51,129120432.0
2011-02-08,PETR3,30.41,30.02,30.8,30.02,230150160.0
2011-02-09,PETR3,30.05,29.12,30.15,29.12,130048918.0
2011-02-10,PETR3,29.09,29.42,29.96,29.09,134600463.0
2011-02-11,PETR3,29.6,29.57,29.97,29.37,109498031.0
2011-02-14,PETR3,29.6,30.17,30.37,29.47,111377756.0
2011-02-15,PETR3,29.96,30.63,31.13,29.8,229955739.0
2011-02-16,PETR3,31.09,30.91,31.2,30.65,140549897.0
2011-02-17,PETR3,31.0,30.65,31.1,30.56,73079740.0
2011-02-18,PETR3,30.57,30.94,31.09,30.57,99592498.0
2011-02-21,PETR3,30.95,30.95,31.24,30.81,56566983.0
2011-02-22,PETR3,31.08,31.54,31.94,31.05,369510055.0
2011-02-23,PETR3,31.75,33.01,33.29,31.61,539091286.0
2011-02-24,PETR3,33.66,32.41,33.92,32.32,375292093.0
2011-02-25,PETR3,32.5,32.86,32.9,32.0,245940433.0
2011-02-28,PETR3,32.59,32.6,32.78,31.99,259791803.0
2011-03-01,PETR3,32.52,32.15,32.9,32.02,171298693.0
2011-03-02,PETR3,32.4,33.2,33.3,32.05,249873699.0
2011-03-03,PETR3,33.19,33.16,33.35,32.73,142423134.0
2011-03-04,PETR3,33.14,33.65,33.7,33.0,249616164.0
2011-03-09,PETR3,33.2,32.81,33.49,32.75,117055743.0
2011-03-10,PETR3,32.73,32.1,32.73,31.82,266747238.0
2011-03-11,PETR3,31.99,32.22,32.67,31.54,204877730.0
2011-03-14,PETR3,32.09,32.45,32.54,31.75,92872490.0
2011-03-15,PETR3,31.65,32.13,32.34,31.44,194087463.0
2011-03-16,PETR3,32.13,31.8,32.64,31.52,251230413.0
2011-03-17,PETR3,32.21,32.22,32.4,31.93,137655274.0
2011-03-18,PETR3,32.42,31.97,32.44,31.9,209391236.0
2011-03-21,PETR3,32.45,32.25,32.6,32.02,147637480.0
2011-03-22,PETR3,32.11,32.6,32.94,32.1,224297343.0
2011-03-23,PETR3,32.4,32.99,33.06,32.4,143176206.0
2011-03-24,PETR3,33.0,32.75,33.23,32.61,105375970.0
2011-03-25,PETR3,32.77,33.0,33.14,32.61,102147905.0
2011-03-28,PETR3,32.9,32.5,33.18,32.5,78893084.0
2011-03-29,PETR3,32.69,32.42,32.86,32.4,108550819.0
2011-03-30,PETR3,32.62,32.42,32.8,32.34,127585513.0
2011-03-31,PETR3,32.49,32.62,32.75,32.41,137278475.0
2011-04-01,PETR3,32.68,33.09,33.09,32.62,135530941.0
2011-04-04,PETR3,33.2,32.8,33.2,32.65,102085969.0
2011-04-05,PETR3,32.75,32.33,32.75,32.2,167584457.0
2011-04-06,PETR3,32.4,32.08,32.41,31.99,101510617.0
2011-04-07,PETR3,31.99,31.65,32.08,31.41,149370038.0
2011-04-08,PETR3,31.91,31.47,32.0,31.31,127142467.0
2011-04-11,PETR3,31.66,31.02,31.9,30.84,119750937.0
2011-04-12,PETR3,30.68,29.92,30.89,29.8,220892403.0
2011-04-13,PETR3,30.12,29.3,30.14,29.14,198953282.0
2011-04-14,PETR3,29.2,28.82,29.52,28.82,169189141.0
2011-04-15,PETR3,29.02,29.64,29.71,28.96,229213005.0
2011-04-18,PETR3,29.14,28.46,29.42,28.46,165166477.0
2011-04-19,PETR3,28.82,28.77,29.19,28.62,138975398.0
2011-04-20,PETR3,29.37,29.48,29.48,28.9,147701324.0
2011-04-25,PETR3,29.45,29.35,29.61,29.19,63231899.0
2011-04-26,PETR3,29.36,29.36,29.58,29.05,114606890.0
2011-04-27,PETR3,29.28,28.93,29.4,28.68,132917698.0
2011-04-28,PETR3,28.65,28.75,28.82,28.39,251057150.0
2011-04-29,PETR3,28.66,28.89,28.89,28.41,105758606.0
2011-05-02,PETR3,28.9,28.69,29.02,28.66,110447581.0
2011-05-03,PETR3,28.71,28.46,28.9,28.46,193418425.0
2011-05-04,PETR3,28.72,28.31,28.79,28.2,130992747.0
2011-05-05,PETR3,28.04,27.54,28.35,27.22,189647499.0
2011-05-06,PETR3,27.95,27.22,28.0,27.22,118883748.0
2011-05-09,PETR3,27.4,27.7,27.93,27.31,121461394.0
2011-05-10,PETR3,27.89,27.73,28.0,27.57,109393451.0
2011-05-11,PETR3,27.59,27.21,27.79,27.21,170914883.0
2011-05-12,PETR3,26.5,26.76,26.99,26.43,147583525.0
2011-05-13,PETR3,26.79,26.4,26.9,26.4,148208491.0
2011-05-16,PETR3,26.39,27.02,27.5,26.25,177213631.0
2011-05-17,PETR3,27.0,27.45,27.56,26.78,140484501.0
2011-05-18,PETR3,27.5,27.05,27.79,27.05,148061228.0
2011-05-19,PETR3,27.31,26.56,27.31,26.55,126390432.0
2011-05-20,PETR3,26.65,27.0,27.13,26.43,67805121.0
2011-05-23,PETR3,26.51,26.7,26.79,26.3,99734342.0
2011-05-24,PETR3,26.99,26.81,27.22,26.72,92856043.0
2011-05-25,PETR3,26.8,26.91,27.25,26.65,74963955.0
2011-05-26,PETR3,26.97,27.19,27.21,26.78,99981371.0
2011-05-27,PETR3,27.35,27.29,27.5,27.09,71295206.0
2011-05-30,PETR3,27.5,26.98,27.5,26.98,17427706.0
2011-05-31,PETR3,27.29,26.83,27.37,26.68,161463346.0
2011-06-01,PETR3,26.83,26.8,26.95,26.52,193742653.0
2011-06-02,PETR3,26.82,26.58,26.82,26.35,186882679.0
2011-06-03,PETR3,26.4,26.33,26.87,26.33,134616700.0
2011-06-06,PETR3,26.5,25.77,26.56,25.65,139807009.0
2011-06-07,PETR3,25.88,25.52,25.93,25.43,148950657.0
2011-06-08,PETR3,25.43,25.8,26.0,25.39,151823442.0
2011-06-09,PETR3,25.81,26.26,26.52,25.72,102320631.0
2011-06-10,PETR3,26.26,26.2,26.44,26.02,141685745.0
2011-06-13,PETR3,26.22,25.73,26.35,25.73,78816506.0
2011-06-14,PETR3,25.88,26.15,26.25,25.88,165536207.0
2011-06-15,PETR3,25.77,25.81,26.15,25.72,143512151.0
2011-06-16,PETR3,25.8,25.87,26.34,25.62,111045886.0
2011-06-17,PETR3,26.19,25.67,26.19,25.63,133017163.0
2011-06-20,PETR3,25.6,25.5,25.95,25.38,166444673.0
2011-06-21,PETR3,25.6,25.75,25.78,25.45,95912499.0
2011-06-22,PETR3,25.66,25.71,26.21,25.65,138397163.0
2011-06-24,PETR3,25.52,25.2,25.7,25.18,129317019.0
2011-06-27,PETR3,25.23,25.43,25.6,25.11,102725332.0
2011-06-28,PETR3,25.48,25.85,25.85,25.45,109109291.0
2011-06-29,PETR3,25.95,25.75,26.0,25.58,70689783.0
2011-06-30,PETR3,26.09,26.25,26.25,25.91,123816836.0
2011-07-01,PETR3,26.15,26.3,26.37,25.94,142841404.0
2011-07-04,PETR3,26.36,26.25,26.36,26.16,29876258.0
2011-07-05,PETR3,26.21,26.01,26.45,25.96,73542830.0
2011-07-06,PETR3,25.9,25.96,26.13,25.65,113670284.0
2011-07-07,PETR3,26.2,26.07,26.29,26.02,79095834.0
2011-07-08,PETR3,25.91,25.93,26.27,25.83,92395461.0
2011-07-11,PETR3,25.69,25.5,25.8,25.43,78337384.0
2011-07-12,PETR3,25.45,25.5,25.74,25.3,72761929.0
2011-07-13,PETR3,25.68,25.8,25.89,25.5,124008974.0
2011-07-14,PETR3,25.68,25.3,25.85,25.17,116014299.0
2011-07-15,PETR3,25.32,25.38,25.52,25.21,189051459.0
2011-07-18,PETR3,25.21,25.2,25.44,25.12,88205875.0
2011-07-19,PETR3,25.33,25.01,25.45,24.92,107760347.0
2011-07-20,PETR3,25.11,24.81,25.24,24.8,79821053.0
2011-07-21,PETR3,24.96,25.45,25.59,24.85,118511665.0
2011-07-22,PETR3,25.51,25.5,25.77,25.38,98285017.0
2011-07-25,PETR3,25.48,26.06,26.25,25.47,176623033.0
2011-07-26,PETR3,26.11,26.38,26.55,26.11,173655642.0
2011-07-27,PETR3,26.28,26.35,26.57,26.1,151235364.0
2011-07-28,PETR3,26.52,26.06,26.52,26.06,126442117.0
2011-07-29,PETR3,25.81,26.05,26.2,25.75,106889686.0
2011-08-01,PETR3,26.31,26.15,26.45,26.02,128666922.0
2011-08-02,PETR3,26.05,25.6,26.32,25.6,103571797.0
2011-08-03,PETR3,25.51,24.7,25.87,24.7,161024869.0
2011-08-04,PETR3,24.3,22.97,24.68,22.97,345051859.0
2011-08-05,PETR3,23.2,22.53,23.41,22.08,310300911.0
2011-08-08,PETR3,21.61,20.75,21.84,20.0,237798172.0
2011-08-09,PETR3,20.87,21.33,21.9,20.74,251230314.0
2011-08-10,PETR3,21.02,21.9,22.11,20.92,221028676.0
2011-08-11,PETR3,22.14,22.6,22.75,21.51,219107997.0
2011-08-12,PETR3,22.88,22.45,22.88,22.31,154259411.0
2011-08-15,PETR3,22.78,23.3,23.3,22.64,112380580.0
2011-08-16,PETR3,22.9,23.02,23.07,22.65,165829514.0
2011-08-17,PETR3,23.03,23.1,23.15,22.67,154862353.0
2011-08-18,PETR3,22.57,22.2,22.75,21.76,232956565.0
2011-08-19,PETR3,21.85,21.84,22.34,21.65,205866524.0
2011-08-22,PETR3,22.03,21.48,22.23,21.41,132797109.0
2011-08-23,PETR3,21.69,22.1,22.17,21.37,139721205.0
2011-08-24,PETR3,22.0,22.2,22.4,21.81,185613053.0
2011-08-25,PETR3,22.17,21.8,22.3,21.65,108519302.0
2011-08-26,PETR3,21.65,21.81,22.0,21.42,103232251.0
2011-08-29,PETR3,22.05,22.6,22.7,22.05,94794651.0
2011-08-30,PETR3,22.44,22.6,22.79,22.31,140022254.0
2011-08-31,PETR3,22.84,22.95,22.97,22.46,159012570.0
2011-09-01,PETR3,23.18,23.17,23.49,22.95,163645644.0
2011-09-02,PETR3,22.94,22.47,23.09,21.93,193994915.0
2011-09-05,PETR3,22.02,21.95,22.13,21.81,48715166.0
2011-09-06,PETR3,21.64,22.51,22.62,21.57,148387254.0
2011-09-08,PETR3,22.9,22.8,23.0,22.58,96774822.0
2011-09-09,PETR3,22.56,22.03,22.75,22.0,77418741.0
2011-09-12,PETR3,21.86,22.26,22.31,21.6,90575966.0
2011-09-13,PETR3,22.39,22.3,22.5,22.08,83974871.0
2011-09-14,PETR3,22.39,22.6,22.92,22.16,92267551.0
2011-09-15,PETR3,22.61,22.63,22.92,22.55,91651646.0
2011-09-16,PETR3,22.61,22.61,22.79,22.47,70500983.0
2011-09-19,PETR3,22.15,22.91,22.93,22.15,83855958.0
2011-09-20,PETR3,22.85,22.65,23.26,22.65,78471299.0
2011-09-21,PETR3,22.83,22.68,23.27,22.68,125420337.0
2011-09-22,PETR3,22.01,21.4,22.27,21.19,173425074.0
2011-09-23,PETR3,21.32,21.0,21.69,20.99,111630460.0
2011-09-26,PETR3,21.2,21.72,21.73,20.81,83119502.0
2011-09-27,PETR3,22.0,21.47,22.13,21.45,63365316.0
2011-09-28,PETR3,21.69,21.21,21.7,21.21,98981694.0
2011-09-29,PETR3,21.45,21.11,21.55,21.11,106997939.0
2011-09-30,PETR3,21.0,20.9,21.22,20.7,140717658.0
2011-10-03,PETR3,20.76,20.06,20.85,20.06,119202179.0
2011-10-04,PETR3,19.69,20.14,20.14,19.44,135807154.0
2011-10-05,PETR3,20.13,19.8,20.25,19.55,137537646.0
2011-10-06,PETR3,20.1,20.59,20.9,19.93,176935923.0
2011-10-07,PETR3,20.84,19.9,20.84,19.76,118262643.0
2011-10-10,PETR3,20.15,20.66,20.66,19.98,100582168.0
2011-10-11,PETR3,20.59,20.8,20.9,20.26,116247127.0
2011-10-13,PETR3,21.26,21.04,21.32,20.6,132291146.0
2011-10-14,PETR3,21.15,21.41,21.41,20.97,56390665.0
2011-10-17,PETR3,21.13,20.95,21.43,20.52,120170402.0
2011-10-18,PETR3,20.82,21.12,21.21,20.59,101055550.0
2011-10-19,PETR3,21.18,20.95,21.2,20.75,96182897.0
2011-10-20,PETR3,20.95,20.46,20.95,20.14,133803187.0
2011-10-21,PETR3,20.53,21.0,21.12,20.52,94655444.0
2011-10-24,PETR3,21.06,21.5,21.6,20.98,113881013.0
2011-10-25,PETR3,21.36,21.69,21.88,21.22,122151952.0
2011-10-26,PETR3,21.85,21.82,22.02,21.52,98365456.0
2011-10-27,PETR3,22.5,22.8,23.15,22.33,206214039.0
2011-10-28,PETR3,22.75,23.28,23.28,22.59,204202256.0
2011-10-31,PETR3,23.31,23.08,23.67,22.82,231341701.0
2011-11-01,PETR3,22.09,22.75,22.92,22.09,145589972.0
2011-11-03,PETR3,23.23,23.67,23.73,23.01,120194053.0
2011-11-04,PETR3,23.51,23.9,23.99,23.41,87770095.0
2011-11-07,PETR3,23.76,24.62,24.74,23.76,133219852.0
2011-11-08,PETR3,24.74,24.4,24.85,24.27,129722512.0
2011-11-09,PETR3,23.95,23.25,24.05,23.23,136972637.0
2011-11-10,PETR3,23.58,23.5,23.78,23.33,105360351.0
2011-11-11,PETR3,23.84,23.85,24.12,23.7,102337271.0
2011-11-14,PETR3,23.72,23.75,24.04,23.5,71430575.0
2011-11-16,PETR3,23.8,24.13,24.26,23.58,137260939.0
2011-11-17,PETR3,23.81,23.43,24.18,23.38,106726918.0
2011-11-18,PETR3,23.71,23.63,23.81,23.35,120487908.0
2011-11-21,PETR3,23.2,23.5,23.68,23.05,116174494.0
2011-11-22,PETR3,23.5,23.5,23.8,23.38,87477559.0
2011-11-23,PETR3,23.23,23.31,23.51,23.19,137658660.0
2011-11-24,PETR3,23.49,23.43,23.63,23.23,42347247.0
2011-11-25,PETR3,23.15,22.81,23.51,22.81,84969333.0
2011-11-28,PETR3,23.31,23.48,23.62,23.18,86057352.0
2011-11-29,PETR3,23.47,23.27,23.98,23.26,164560995.0
2011-11-30,PETR3,23.89,24.12,24.3,23.72,240914235.0
2011-12-01,PETR3,24.3,24.7,24.7,24.12,152115818.0
2011-12-02,PETR3,24.88,24.63,24.95,24.45,127739181.0
2011-12-05,PETR3,24.9,25.17,25.39,24.71,133665490.0
2011-12-06,PETR3,25.02,25.39,25.47,25.02,153461942.0
2011-12-07,PETR3,25.54,25.33,25.54,25.03,113802898.0
2011-12-08,PETR3,25.5,24.34,25.5,24.01,204537246.0
2011-12-09,PETR3,24.46,24.75,24.96,24.35,112367226.0
2011-12-12,PETR3,24.48,24.04,24.59,23.79,121171325.0
2011-12-13,PETR3,24.22,24.1,24.52,23.95,149993935.0
2011-12-14,PETR3,23.91,23.3,24.07,23.3,173051173.0
2011-12-15,PETR3,23.59,23.06,24.0,22.87,166657228.0
2011-12-16,PETR3,23.29,22.8,23.29,22.78,129595948.0
2011-12-19,PETR3,22.71,22.7,23.15,22.61,132317347.0
2011-12-20,PETR3,23.0,23.74,23.74,22.86,158060922.0
2011-12-21,PETR3,23.41,23.45,23.55,22.99,139285754.0
2011-12-22,PETR3,23.5,23.79,23.96,23.46,113436462.0
2011-12-23,PETR3,23.83,23.9,24.04,23.78,123103807.0
2011-12-26,PETR3,23.86,23.78,23.95,23.78,22523925.0
2011-12-27,PETR3,23.72,23.77,23.97,23.68,74180947.0
2011-12-28,PETR3,23.89,22.79,23.89,22.79,81711589.0
2011-12-29,PETR3,22.82,23.0,23.14,22.4,160302619.0
2012-01-02,PETR3,23.13,23.21,23.61,22.74,87068120.0
2012-01-03,PETR3,23.21,24.02,24.02,23.21,128327006.0
2012-01-04,PETR3,23.8,24.17,24.28,23.57,112037539.0
2012-01-05,PETR3,24.1,24.02,24.31,23.76,190114717.0
2012-01-06,PETR3,24.1,24.0,24.35,23.91,83550467.0
2012-01-09,PETR3,24.0,24.48,24.48,23.95,97756314.0
2012-01-10,PETR3,24.8,24.82,24.91,24.61,127593815.0
2012-01-11,PETR3,24.78,24.85,25.0,24.51,99980756.0
2012-01-12,PETR3,25.0,25.16,25.47,24.68,237490038.0
2012-01-13,PETR3,25.15,25.37,25.43,24.94,224439796.0
2012-01-16,PETR3,25.37,25.97,26.04,25.24,75984775.0
2012-01-17,PETR3,26.2,25.78,26.2,25.78,294035513.0
2012-01-18,PETR3,25.85,26.44,26.47,25.74,208626784.0
2012-01-19,PETR3,26.6,26.39,26.73,26.32,168677830.0
2012-01-20,PETR3,26.27,26.35,26.35,25.94,116307004.0
2012-01-23,PETR3,26.2,27.3,27.79,26.07,283170074.0
2012-01-24,PETR3,27.3,27.73,28.26,27.15,237286905.0
2012-01-26,PETR3,27.91,27.19,28.19,27.19,214847510.0
2012-01-27,PETR3,27.21,26.86,27.48,26.82,126174229.0
2012-01-30,PETR3,26.55,26.8,26.91,26.5,110280522.0
2012-01-31,PETR3,27.1,26.91,27.24,26.55,165612560.0
2012-02-01,PETR3,27.12,27.2,27.48,26.93,164924721.0
2012-02-02,PETR3,27.17,26.8,27.47,26.72,224833238.0
2012-02-03,PETR3,26.74,26.86,27.25,26.64,175844265.0
2012-02-06,PETR3,26.84,27.18,27.18,26.6,81425150.0
2012-02-07,PETR3,27.09,27.75,27.83,26.9,118658838.0
2012-02-08,PETR3,27.76,27.59,28.06,27.45,118895567.0
2012-02-09,PETR3,27.62,27.53,27.98,27.26,145362857.0
2012-02-10,PETR3,25.9,25.25,26.3,25.22,406828501.0
2012-02-13,PETR3,25.8,25.99,26.17,25.36,172105359.0
2012-02-14,PETR3,26.1,24.89,26.1,24.7,216867038.0
2012-02-15,PETR3,25.19,24.67,25.27,24.27,254661572.0
2012-02-16,PETR3,24.6,25.49,25.49,24.42,184327022.0
2012-02-17,PETR3,25.5,25.36,25.71,25.1,214969562.0
2012-02-22,PETR3,25.26,25.36,25.47,24.45,117701340.0
2012-02-23,PETR3,25.06,25.35,25.49,25.04,161887010.0
2012-02-24,PETR3,25.55,25.95,26.06,25.49,152949379.0
2012-02-27,PETR3,26.05,25.55,26.32,25.42,243393233.0
2012-02-28,PETR3,25.75,25.65,26.04,25.58,192144771.0
2012-02-29,PETR3,25.76,25.7,26.03,25.46,186730825.0
2012-03-01,PETR3,25.95,26.2,26.2,25.68,148359030.0
2012-03-02,PETR3,26.3,26.6,26.6,26.09,138544700.0
2012-03-05,PETR3,26.36,25.82,26.5,25.64,158279344.0
2012-03-06,PETR3,25.25,24.84,25.37,24.62,161657469.0
2012-03-07,PETR3,25.27,25.05,25.29,24.82,94949026.0
2012-03-08,PETR3,25.59,25.08,25.69,25.05,102420085.0
2012-03-09,PETR3,25.18,24.87,25.38,24.87,127883973.0
2012-03-12,PETR3,24.64,24.68,25.01,24.63,178268964.0
2012-03-13,PETR3,24.98,25.65,25.65,24.77,147966006.0
2012-03-14,PETR3,25.79,25.77,26.17,25.6,296761944.0
2012-03-15,PETR3,25.52,25.1,25.94,25.09,136737626.0
2012-03-16,PETR3,25.2,25.2,25.25,24.51,181897947.0
2012-03-19,PETR3,25.24,25.25,25.52,24.94,82446414.0
2012-03-20,PETR3,24.95,24.88,25.04,24.7,142727506.0
2012-03-21,PETR3,24.85,24.75,25.05,24.7,91732090.0
2012-03-22,PETR3,24.6,24.34,24.74,24.19,136106222.0
2012-03-23,PETR3,24.58,24.42,24.71,24.28,113363506.0
2012-03-26,PETR3,24.7,24.98,25.05,24.67,133429693.0
2012-03-27,PETR3,24.83,24.65,25.0,24.5,139641085.0
2012-03-28,PETR3,24.52,24.17,24.54,23.81,149977566.0
2012-03-29,PETR3,23.85,24.16,24.19,23.77,179186557.0
2012-03-30,PETR3,24.25,24.3,24.33,23.96,171412152.0
2012-04-02,PETR3,24.4,24.33,24.61,23.95,132948433.0
2012-04-03,PETR3,24.28,23.62,24.29,23.55,136083504.0
2012-04-04,PETR3,23.3,22.99,23.39,22.93,165941291.0
2012-04-05,PETR3,22.92,23.06,23.36,22.84,77956025.0
2012-04-09,PETR3,22.75,22.57,22.82,22.53,54534656.0
2012-04-10,PETR3,22.51,22.16,22.8,22.06,71204821.0
2012-04-11,PETR3,22.5,22.35,22.54,22.1,156244159.0
2012-04-12,PETR3,22.53,23.02,23.07,22.37,89006457.0
2012-04-13,PETR3,22.92,22.44,23.02,22.42,131929989.0
2012-04-16,PETR3,22.66,22.37,22.9,22.17,98370932.0
2012-04-17,PETR3,22.64,22.36,22.65,22.21,109294193.0
2012-04-18,PETR3,22.39,22.72,22.89,22.13,156479156.0
2012-04-19,PETR3,22.67,22.34,22.85,22.34,64884847.0
2012-04-20,PETR3,22.56,22.38,22.75,22.38,72197976.0
2012-04-23,PETR3,22.14,22.15,22.23,21.95,88747462.0
2012-04-24,PETR3,22.19,22.2,22.27,21.97,51548092.0
2012-04-25,PETR3,22.4,22.07,22.48,21.72,101236551.0
2012-04-26,PETR3,22.0,22.28,22.36,21.75,135219256.0
2012-04-27,PETR3,22.49,22.1,22.49,21.94,94459548.0
2012-04-30,PETR3,22.07,22.39,22.39,22.03,135379542.0
2012-05-02,PETR3,22.47,23.06,23.12,22.4,159403257.0
2012-05-03,PETR3,23.08,22.34,23.32,22.25,146599584.0
2012-05-04,PETR3,22.26,21.4,22.36,21.06,204188550.0
2012-05-07,PETR3,21.45,21.5,21.65,20.9,158356551.0
2012-05-08,PETR3,21.45,21.1,21.47,20.85,107944936.0
2012-05-09,PETR3,20.85,20.98,21.11,20.59,125561444.0
2012-05-10,PETR3,21.06,20.78,21.35,20.78,71763573.0
2012-05-11,PETR3,20.59,20.39,20.92,20.38,78726528.0
2012-05-14,PETR3,20.0,19.81,20.22,19.8,151251326.0
2012-05-15,PETR3,19.93,19.28,20.22,19.28,133094115.0
2012-05-16,PETR3,20.15,19.98,20.48,19.74,204222166.0
2012-05-17,PETR3,20.15,19.2,20.18,19.2,162581040.0
2012-05-18,PETR3,19.4,19.78,19.99,19.23,176697340.0
2012-05-21,PETR3,19.95,21.22,21.22,19.95,162918931.0
2012-05-22,PETR3,21.09,20.53,21.28,20.47,153720119.0
2012-05-23,PETR3,20.5,20.02,20.63,19.68,110563358.0
2012-05-24,PETR3,20.12,19.49,20.34,19.38,159792448.0
2012-05-25,PETR3,19.5,19.32,19.83,19.3,89086802.0
2012-05-28,PETR3,19.69,19.5,19.95,19.49,38164622.0
2012-05-29,PETR3,19.85,19.66,20.03,19.49,125713526.0
2012-05-30,PETR3,19.35,19.21,19.56,19.16,98875548.0
2012-05-31,PETR3,19.27,19.8,19.8,18.91,164065280.0
2012-06-01,PETR3,19.29,19.7,19.83,19.18,94629108.0
2012-06-04,PETR3,19.59,19.97,20.1,19.5,94229387.0
2012-06-05,PETR3,20.0,19.6,20.18,19.59,99467383.0
2012-06-06,PETR3,19.94,20.0,20.21,19.8,140458995.0
2012-06-08,PETR3,20.1,19.74,20.1,19.48,184531796.0
2012-06-11,PETR3,19.96,19.15,20.08,19.15,178978302.0
2012-06-12,PETR3,19.25,19.25,19.42,19.07,124327188.0
2012-06-13,PETR3,19.34,19.63,19.67,19.12,176510830.0
2012-06-14,PETR3,19.3,18.87,19.45,18.83,200176802.0
2012-06-15,PETR3,19.0,19.14,19.14,18.49,201464057.0
2012-06-18,PETR3,19.06,19.5,19.65,18.86,115150977.0
2012-06-19,PETR3,19.66,20.44,20.78,19.59,206591068.0
2012-06-20,PETR3,20.53,20.71,20.98,20.39,153476085.0
2012-06-21,PETR3,20.85,19.97,20.9,19.97,116495002.0
2012-06-22,PETR3,20.2,20.16,20.32,19.77,119842022.0
2012-06-25,PETR3,19.2,18.48,19.44,18.37,206148601.0
2012-06-26,PETR3,18.72,18.55,18.79,18.3,182607774.0
2012-06-27,PETR3,18.6,18.24,18.78,18.23,102889434.0
2012-06-28,PETR3,18.29,18.3,18.63,18.05,85852655.0
2012-06-29,PETR3,18.75,18.9,18.97,18.6,91430781.0
2012-07-02,PETR3,18.7,18.95,19.05,18.54,143794130.0
2012-07-03,PETR3,19.07,19.69,19.79,18.99,228093116.0
2012-07-04,PETR3,19.6,19.6,19.9,19.42,43001619.0
2012-07-05,PETR3,19.79,20.34,20.5,19.75,163819553.0
2012-07-06,PETR3,20.0,19.88,20.14,19.72,84782369.0
2012-07-10,PETR3,19.66,18.95,19.8,18.9,147639019.0
2012-07-11,PETR3,19.04,19.09,19.4,18.8,110517009.0
2012-07-12,PETR3,18.85,19.17,19.28,18.55,102139976.0
2012-07-13,PETR3,20.1,20.25,20.36,19.92,121888105.0
2012-07-16,PETR3,20.15,19.95,20.45,19.74,118123583.0
2012-07-17,PETR3,19.96,19.89,20.2,19.72,81268502.0
2012-07-18,PETR3,19.77,19.9,19.93,19.62,84466165.0
2012-07-19,PETR3,19.9,20.27,20.37,19.9,90909777.0
2012-07-20,PETR3,20.01,19.75,20.19,19.68,76157433.0
2012-07-23,PETR3,19.49,19.45,19.56,18.97,66689991.0
2012-07-24,PETR3,19.55,19.3,19.68,19.06,78400240.0
2012-07-25,PETR3,19.51,19.55,19.67,19.18,65924923.0
2012-07-26,PETR3,19.85,19.75,19.93,19.47,111100126.0
2012-07-27,PETR3,20.01,20.8,20.8,19.87,110659348.0
2012-07-30,PETR3,20.67,21.0,21.0,20.34,96452636.0
2012-07-31,PETR3,20.9,20.05,20.95,19.96,139671865.0
2012-08-01,PETR3,20.14,20.4,20.54,19.63,170891810.0
2012-08-02,PETR3,20.07,20.16,20.64,19.96,159221740.0
2012-08-03,PETR3,20.54,20.67,20.97,20.44,200661100.0
2012-08-06,PETR3,19.62,20.7,20.98,19.47,201679263.0
2012-08-07,PETR3,20.98,21.0,21.47,20.75,270824073.0
2012-08-08,PETR3,21.25,22.14,22.2,21.0,298946344.0
2012-08-09,PETR3,21.71,22.02,22.12,21.71,97703090.0
2012-08-10,PETR3,21.8,22.01,22.18,21.12,83490748.0
2012-08-13,PETR3,22.0,21.95,22.28,21.83,74203267.0
2012-08-14,PETR3,22.1,21.82,22.4,21.8,141789675.0
2012-08-15,PETR3,21.7,22.0,22.2,21.7,128328081.0
2012-08-16,PETR3,22.25,22.46,22.55,22.16,127045265.0
2012-08-17,PETR3,22.63,22.52,22.67,22.31,101918390.0
2012-08-20,PETR3,22.48,22.5,22.69,22.38,114776404.0
2012-08-21,PETR3,22.91,22.13,22.91,22.04,162566341.0
2012-08-22,PETR3,21.97,22.37,22.43,21.97,116064700.0
2012-08-23,PETR3,22.24,22.12,22.43,21.97,151067474.0
2012-08-24,PETR3,21.84,21.96,22.3,21.84,120498528.0
2012-08-27,PETR3,21.98,22.15,22.2,21.79,63092236.0
2012-08-28,PETR3,21.9,22.05,22.27,21.9,87648851.0
2012-08-29,PETR3,22.02,21.97,22.3,21.81,132027733.0
2012-08-30,PETR3,21.76,21.71,21.96,21.58,138118768.0
2012-08-31,PETR3,21.87,21.3,21.98,21.3,158030273.0
2012-09-03,PETR3,21.42,21.4,21.62,21.1,61041006.0
2012-09-04,PETR3,21.35,21.1,21.46,21.04,93923395.0
2012-09-05,PETR3,21.25,21.3,21.45,20.92,74878822.0
2012-09-06,PETR3,21.45,21.84,21.94,21.33,96394313.0
2012-09-10,PETR3,22.22,22.02,22.34,21.94,119560068.0
2012-09-11,PETR3,21.96,22.48,22.62,21.96,144368399.0
2012-09-12,PETR3,22.67,22.88,22.92,22.49,142939824.0
2012-09-13,PETR3,22.73,23.9,23.93,22.67,274067893.0
2012-09-14,PETR3,23.96,24.35,24.93,23.9,474984224.0
2012-09-17,PETR3,24.3,24.2,24.98,23.9,231365609.0
2012-09-18,PETR3,24.2,24.06,24.4,23.94,159071555.0
2012-09-19,PETR3,23.97,23.4,24.24,23.4,221856130.0
2012-09-20,PETR3,23.28,23.6,23.96,23.16,195406039.0
2012-09-21,PETR3,23.81,23.45,23.99,23.45,139667934.0
2012-09-24,PETR3,23.4,23.71,23.71,23.31,148730343.0
2012-09-25,PETR3,23.75,23.5,23.93,23.3,160509378.0
2012-09-26,PETR3,23.4,23.6,23.63,23.25,114567124.0
2012-09-27,PETR3,23.62,23.58,23.81,23.49,177460965.0
2012-09-28,PETR3,23.34,23.3,23.49,23.03,162215931.0
2012-10-01,PETR3,23.29,23.35,23.69,23.14,105729140.0
2012-10-02,PETR3,23.5,23.53,23.61,23.16,146740585.0
2012-10-03,PETR3,23.51,23.17,23.64,23.06,109951669.0
2012-10-04,PETR3,23.11,23.25,23.43,22.82,93807286.0
2012-10-05,PETR3,23.45,23.1,23.5,23.0,92951735.0
2012-10-08,PETR3,23.02,23.31,23.36,22.87,71596736.0
2012-10-09,PETR3,23.31,23.1,23.42,22.97,66065980.0
2012-10-10,PETR3,23.06,22.95,23.24,22.88,59853530.0
2012-10-11,PETR3,23.0,23.35,23.45,23.0,68048631.0
2012-10-15,PETR3,23.48,23.68,23.68,23.28,105331601.0
2012-10-16,PETR3,23.8,23.68,23.97,23.37,101818312.0
2012-10-17,PETR3,23.68,23.45,23.74,23.11,147813880.0
2012-10-18,PETR3,23.44,23.5,23.52,23.13,166786705.0
2012-10-19,PETR3,23.39,23.03,23.53,23.03,98281065.0
2012-10-22,PETR3,22.97,22.95,23.33,22.83,129683647.0
2012-10-23,PETR3,22.8,22.5,22.83,22.23,124139465.0
2012-10-24,PETR3,22.57,22.27,22.62,22.27,56099960.0
2012-10-25,PETR3,22.27,22.52,22.83,22.16,65472379.0
2012-10-26,PETR3,22.41,22.89,23.18,22.33,147930501.0
2012-10-29,PETR3,22.26,22.1,22.32,21.85,101072574.0
2012-10-30,PETR3,22.22,22.3,22.38,22.15,38399025.0
2012-10-31,PETR3,22.41,21.5,22.49,21.46,206738329.0
2012-11-01,PETR3,21.53,21.65,21.76,21.35,162870251.0
2012-11-05,PETR3,21.52,22.0,22.0,21.15,91889182.0
2012-11-06,PETR3,22.21,22.44,22.5,21.95,142257184.0
2012-11-07,PETR3,22.32,21.89,22.41,21.69,161595540.0
2012-11-08,PETR3,21.89,21.26,22.05,21.19,119114836.0
2012-11-09,PETR3,21.26,21.44,21.73,21.15,141356879.0
2012-11-12,PETR3,21.47,21.07,21.51,21.02,124044200.0
2012-11-13,PETR3,20.92,21.11,21.29,20.8,123072943.0
2012-11-14,PETR3,20.89,20.4,21.06,20.15,121362053.0
2012-11-16,PETR3,20.15,19.62,20.46,19.3,135603599.0
2012-11-19,PETR3,19.95,19.75,20.08,19.62,118804516.0
2012-11-21,PETR3,20.02,19.2,20.21,19.2,189832746.0
2012-11-22,PETR3,19.34,19.25,19.45,18.9,61033945.0
2012-11-23,PETR3,19.12,19.82,19.82,19.0,152183580.0
2012-11-26,PETR3,19.62,19.37,19.66,19.19,92747120.0
2012-11-27,PETR3,19.37,19.07,19.79,18.96,192571415.0
2012-11-28,PETR3,18.86,19.2,19.29,18.83,185468539.0
2012-11-29,PETR3,19.5,19.53,19.6,19.12,203016673.0
2012-11-30,PETR3,19.42,19.1,19.64,18.92,205716919.0
2012-12-03,PETR3,19.21,19.43,19.43,19.03,152539936.0
2012-12-04,PETR3,19.37,19.16,19.5,19.05,176096937.0
2012-12-05,PETR3,19.18,19.29,19.34,19.04,156751305.0
2012-12-06,PETR3,19.2,19.04,19.29,18.98,109622479.0
2012-12-07,PETR3,19.09,19.45,19.45,18.97,97550175.0
2012-12-10,PETR3,19.34,19.93,19.93,19.25,128793446.0
2012-12-11,PETR3,20.04,20.24,20.25,19.92,178812982.0
2012-12-12,PETR3,20.16,20.06,20.28,19.88,189112125.0
2012-12-13,PETR3,19.83,19.77,20.2,19.64,144911377.0
2012-12-14,PETR3,19.78,20.55,20.59,19.73,260564521.0
2012-12-17,PETR3,20.35,20.22,20.42,20.03,190370682.0
2012-12-18,PETR3,20.18,20.4,20.54,20.0,191611147.0
2012-12-19,PETR3,20.56,21.13,21.16,20.56,321765137.0
2012-12-20,PETR3,21.02,21.27,21.27,20.75,245197479.0
2012-12-21,PETR3,20.91,20.88,20.99,20.52,209794919.0
2012-12-26,PETR3,20.71,20.19,20.79,20.19,136790317.0
2012-12-27,PETR3,20.1,19.5,20.3,19.41,202518442.0
2012-12-28,PETR3,19.63,19.55,19.68,19.35,295779142.0
2013-01-02,PETR3,20.07,19.84,20.35,19.83,205657535.0
2013-01-03,PETR3,19.98,20.58,20.58,19.84,159423451.0
2013-01-04,PETR3,20.48,20.78,20.91,20.41,331675103.0
2013-01-07,PETR3,20.66,20.38,20.94,20.24,214114114.0
2013-01-08,PETR3,20.39,19.8,20.64,19.74,210342820.0
2013-01-09,PETR3,19.91,20.0,20.23,19.77,233455048.0
2013-01-10,PETR3,20.13,20.13,20.19,19.84,144104439.0
2013-01-11,PETR3,20.21,20.18,20.34,19.99,101907915.0
2013-01-14,PETR3,20.33,20.2,20.59,20.06,103252281.0
2013-01-15,PETR3,20.21,20.13,20.49,20.08,120208599.0
2013-01-16,PETR3,20.19,20.2,20.2,19.92,89097085.0
2013-01-17,PETR3,20.2,20.06,20.3,20.06,96947895.0
2013-01-18,PETR3,20.18,19.9,20.23,19.9,88577040.0
2013-01-21,PETR3,19.98,19.71,19.98,19.64,61035485.0
2013-01-22,PETR3,19.78,19.9,19.99,19.21,133581686.0
2013-01-23,PETR3,19.9,19.83,20.02,19.8,96890931.0
2013-01-24,PETR3,19.77,19.92,20.06,19.73,97580116.0
2013-01-28,PETR3,20.05,19.6,20.15,19.53,131545867.0
2013-01-29,PETR3,19.6,19.34,19.6,19.07,100582116.0
2013-01-30,PETR3,19.2,18.35,19.2,18.32,317386661.0
2013-01-31,PETR3,18.45,18.23,18.5,18.03,186197115.0
2013-02-01,PETR3,18.25,18.62,18.77,18.25,117277858.0
2013-02-04,PETR3,18.44,18.1,18.46,18.0,241090543.0
2013-02-05,PETR3,17.45,16.6,17.6,16.44,921807552.0
2013-02-06,PETR3,16.59,16.39,16.75,16.3,206570106.0
2013-02-07,PETR3,16.49,16.1,16.79,15.98,289239616.0
2013-02-08,PETR3,16.12,16.0,16.23,15.85,221514133.0
2013-02-13,PETR3,15.97,15.87,15.98,15.75,153249278.0
2013-02-14,PETR3,15.84,15.79,15.92,15.65,144474006.0
2013-02-15,PETR3,15.74,15.7,15.84,15.57,112912198.0
2013-02-18,PETR3,15.7,15.97,15.97,15.61,77389247.0
2013-02-19,PETR3,15.98,15.95,16.1,15.88,222180845.0
2013-02-20,PETR3,16.03,15.52,16.03,15.42,170310469.0
2013-02-21,PETR3,15.32,15.17,15.51,15.0,196622436.0
2013-02-22,PETR3,15.3,15.1,15.39,14.85,175401042.0
2013-02-25,PETR3,15.2,14.9,15.2,14.86,183295701.0
2013-02-26,PETR3,14.75,14.7,14.87,14.5,178738317.0
2013-02-27,PETR3,14.79,14.73,14.95,14.48,138414281.0
2013-02-28,PETR3,14.72,14.49,14.86,14.47,201820992.0
2013-03-01,PETR3,14.41,14.68,14.75,14.28,155533579.0
2013-03-04,PETR3,14.6,14.23,14.88,14.23,158555791.0
2013-03-05,PETR3,14.35,14.25,14.5,14.15,129682373.0
2013-03-06,PETR3,15.7,16.41,16.54,15.51,738083892.0
2013-03-07,PETR3,16.78,17.22,17.73,16.7,555740750.0
2013-03-08,PETR3,17.18,16.7,17.52,16.51,192892391.0
2013-03-11,PETR3,16.8,17.19,17.19,16.34,167223814.0
2013-03-12,PETR3,17.13,16.94,17.44,16.85,168499215.0
2013-03-13,PETR3,16.86,16.9,17.34,16.86,196470145.0
2013-03-14,PETR3,17.05,17.43,17.43,16.79,227048081.0
2013-03-15,PETR3,17.35,17.8,17.8,17.17,272086044.0
2013-03-18,PETR3,17.49,17.64,17.81,17.3,181742659.0
2013-03-19,PETR3,17.6,17.47,17.79,17.15,182389242.0
2013-03-20,PETR3,17.47,17.25,17.47,17.12,164355331.0
2013-03-21,PETR3,17.19,16.95,17.25,16.95,115125952.0
2013-03-22,PETR3,16.97,17.01,17.13,16.91,84947805.0
2013-03-25,PETR3,17.15,16.89,17.15,16.78,81838250.0
2013-03-26,PETR3,16.98,16.9,17.15,16.78,71016348.0
2013-03-27,PETR3,16.87,16.9,16.91,16.68,91897301.0
2013-03-28,PETR3,16.85,16.85,16.99,16.64,81939450.0
2013-04-01,PETR3,16.68,16.58,16.8,16.58,80005496.0
2013-04-02,PETR3,16.56,16.16,16.74,16.16,102227098.0
2013-04-03,PETR3,16.23,16.6,16.6,16.2,155130809.0
2013-04-04,PETR3,16.57,16.28,16.73,16.2,184663141.0
2013-04-05,PETR3,16.17,16.32,16.43,16.05,94715905.0
2013-04-08,PETR3,16.4,16.0,16.4,15.94,79426643.0
2013-04-09,PETR3,16.11,16.85,16.92,16.0,156930739.0
2013-04-10,PETR3,16.86,17.0,17.32,16.86,128074066.0
2013-04-11,PETR3,16.92,16.61,17.15,16.51,136138414.0
2013-04-12,PETR3,16.59,16.41,16.61,16.02,123506323.0
2013-04-15,PETR3,16.02,15.65,16.2,15.65,151681949.0
2013-04-16,PETR3,15.85,15.95,16.12,15.74,158078592.0
2013-04-17,PETR3,15.65,15.45,15.99,15.29,209766020.0
2013-04-18,PETR3,15.57,16.09,16.17,15.42,115625493.0
2013-04-19,PETR3,16.36,16.74,16.74,16.25,156776587.0
2013-04-22,PETR3,16.73,17.16,17.16,16.5,170882780.0
2013-04-23,PETR3,17.1,17.6,17.9,16.96,214069360.0
2013-04-24,PETR3,17.53,18.06,18.22,17.47,294898496.0
2013-04-25,PETR3,18.18,17.9,18.27,17.85,307240991.0
2013-04-26,PETR3,17.79,18.04,18.2,17.75,128396784.0
2013-04-29,PETR3,18.99,19.16,19.47,18.9,398415345.0
2013-04-30,PETR3,19.0,19.18,19.23,18.71,251698984.0
2013-05-02,PETR3,19.0,19.25,19.48,18.89,177452169.0
2013-05-03,PETR3,19.4,19.0,19.63,19.0,117257304.0
2013-05-06,PETR3,19.09,19.43,19.43,18.94,192969985.0
2013-05-07,PETR3,19.39,19.59,19.66,19.23,137763059.0
2013-05-08,PETR3,19.67,19.25,19.79,19.16,125313940.0
2013-05-09,PETR3,19.3,19.29,19.6,19.16,137730363.0
2013-05-10,PETR3,19.06,19.2,19.34,18.87,90887001.0
2013-05-13,PETR3,18.96,18.75,19.11,18.71,134614093.0
2013-05-14,PETR3,18.98,18.8,19.0,18.53,117759310.0
2013-05-15,PETR3,18.74,18.91,18.94,18.56,104144854.0
2013-05-16,PETR3,18.86,18.81,19.21,18.69,133320910.0
2013-05-17,PETR3,18.9,19.06,19.28,18.89,139346517.0
2013-05-20,PETR3,19.03,19.33,19.36,18.74,204336169.0
2013-05-21,PETR3,19.31,19.38,19.48,19.0,85167123.0
2013-05-22,PETR3,19.39,18.84,19.43,18.66,177613912.0
2013-05-23,PETR3,18.52,18.7,18.7,18.32,144387047.0
2013-05-24,PETR3,18.66,18.69,18.85,18.45,210088174.0
2013-05-27,PETR3,18.63,18.55,18.78,18.55,36937740.0
2013-05-28,PETR3,18.78,18.92,19.15,18.72,188544428.0
2013-05-29,PETR3,18.83,18.73,19.03,18.7,149653695.0
2013-05-31,PETR3,18.95,18.97,19.35,18.77,239898841.0
2013-06-03,PETR3,19.05,19.02,19.21,18.85,168795444.0
2013-06-04,PETR3,19.13,18.93,19.19,18.75,125729170.0
2013-06-05,PETR3,18.9,18.1,18.9,18.05,187667004.0
2013-06-06,PETR3,18.29,18.12,18.29,17.96,139350162.0
2013-06-07,PETR3,17.85,17.62,18.05,17.58,223949826.0
2013-06-10,PETR3,17.68,17.73,17.93,17.63,112826726.0
2013-06-11,PETR3,17.6,17.21,17.6,17.04,149919181.0
2013-06-12,PETR3,17.31,16.72,17.48,16.68,156552645.0
2013-06-13,PETR3,16.69,17.35,17.5,16.62,156351457.0
2013-06-14,PETR3,17.33,16.53,17.35,16.53,108134080.0
2013-06-17,PETR3,16.95,16.71,17.12,16.65,275510892.0
2013-06-18,PETR3,16.6,16.46,16.76,16.39,195048327.0
2013-06-19,PETR3,16.52,16.05,16.71,15.95,256351761.0
2013-06-20,PETR3,15.84,16.05,16.2,15.5,395886147.0
2013-06-21,PETR3,16.0,15.29,16.05,15.29,269331223.0
2013-06-24,PETR3,14.87,14.75,15.08,14.5,178861198.0
2013-06-25,PETR3,15.1,14.7,15.2,14.61,130663867.0
2013-06-26,PETR3,14.85,14.8,15.1,14.72,183813110.0
2013-06-27,PETR3,14.8,14.89,15.03,14.79,112249712.0
2013-06-28,PETR3,14.9,14.81,14.98,14.45,191615509.0
2013-07-01,PETR3,14.85,14.72,15.02,14.55,117534648.0
2013-07-02,PETR3,14.65,14.14,14.93,13.99,200538148.0
2013-07-03,PETR3,14.09,14.43,14.88,13.96,431650156.0
2013-07-04,PETR3,14.71,14.57,14.84,14.47,107013604.0
2013-07-05,PETR3,14.46,13.68,14.54,13.5,267899557.0
2013-07-08,PETR3,13.76,13.55,13.85,13.5,114994579.0
2013-07-10,PETR3,13.75,13.8,14.11,13.61,117241410.0
2013-07-11,PETR3,14.18,14.8,14.9,14.1,309085260.0
2013-07-12,PETR3,14.7,14.55,15.15,14.55,278447416.0
2013-07-15,PETR3,14.5,14.74,14.92,14.5,111898448.0
2013-07-16,PETR3,14.87,14.97,15.06,14.64,102180470.0
2013-07-17,PETR3,15.18,15.35,15.54,15.15,176709963.0
2013-07-18,PETR3,15.3,15.53,15.81,15.3,161840655.0
2013-07-19,PETR3,15.6,15.48,15.78,15.47,121460188.0
2013-07-22,PETR3,15.57,15.8,16.04,15.57,112569967.0
2013-07-23,PETR3,15.87,16.1,16.2,15.83,133451866.0
2013-07-24,PETR3,16.08,15.96,16.36,15.77,124674672.0
2013-07-25,PETR3,15.85,16.23,16.23,15.82,172521473.0
2013-07-26,PETR3,16.04,16.2,16.37,15.98,111950898.0
2013-07-29,PETR3,16.2,15.88,16.27,15.73,90868945.0
2013-07-30,PETR3,15.94,15.49,15.98,15.44,146444382.0
2013-07-31,PETR3,15.45,15.38,15.64,15.25,94336007.0
2013-08-01,PETR3,15.76,16.1,16.25,15.7,123547224.0
2013-08-02,PETR3,16.1,16.0,16.33,15.91,106141203.0
2013-08-05,PETR3,16.0,15.78,16.2,15.65,84136629.0
2013-08-06,PETR3,15.75,15.33,15.77,15.26,105265372.0
2013-08-07,PETR3,15.23,15.32,15.59,15.21,81077979.0
2013-08-08,PETR3,15.4,15.81,15.95,15.27,117145361.0
2013-08-09,PETR3,15.9,16.08,16.2,15.69,175569763.0
2013-08-12,PETR3,16.38,15.84,16.68,15.77,235390034.0
2013-08-13,PETR3,16.03,15.84,16.14,15.63,159510377.0
2013-08-14,PETR3,15.81,16.12,16.32,15.77,245051636.0
2013-08-15,PETR3,15.9,17.07,17.3,15.86,347268336.0
2013-08-16,PETR3,17.0,17.19,17.38,16.66,182927134.0
2013-08-19,PETR3,16.94,16.93,17.18,16.74,173005726.0
2013-08-20,PETR3,16.85,16.32,16.96,16.32,118099429.0
2013-08-21,PETR3,16.29,16.51,16.89,16.19,190599825.0
2013-08-22,PETR3,17.0,17.39,17.56,16.93,313698931.0
2013-08-23,PETR3,17.23,17.5,17.71,17.21,206615475.0
2013-08-26,PETR3,17.5,17.14,17.69,17.14,117712772.0
2013-08-27,PETR3,16.98,16.57,17.12,16.56,181839246.0
2013-08-28,PETR3,16.6,16.17,16.75,16.12,127262460.0
2013-08-29,PETR3,16.26,15.97,16.49,15.97,97450696.0
2013-08-30,PETR3,16.06,15.97,16.2,15.71,215736148.0
2013-09-02,PETR3,16.38,16.15,16.43,16.05,108509231.0
2013-09-03,PETR3,15.99,15.9,16.41,15.84,161515037.0
2013-09-04,PETR3,15.77,16.16,16.19,15.73,110664923.0
2013-09-05,PETR3,16.15,16.69,16.98,15.9,343454511.0
2013-09-06,PETR3,16.99,16.85,17.09,16.58,157982056.0
2013-09-09,PETR3,16.89,17.3,17.33,16.87,237436286.0
2013-09-10,PETR3,17.27,17.5,17.62,17.27,261961693.0
2013-09-11,PETR3,17.39,17.47,17.65,17.3,176252233.0
2013-09-12,PETR3,17.3,16.86,17.51,16.8,278591704.0
2013-09-13,PETR3,16.86,17.17,17.3,16.82,122505300.0
2013-09-16,PETR3,17.45,17.44,17.61,17.2,100832290.0
2013-09-17,PETR3,17.48,17.6,17.6,17.29,139190128.0
2013-09-18,PETR3,17.55,17.85,17.94,17.05,205797258.0
2013-09-19,PETR3,18.0,17.95,18.23,17.64,207479533.0
2013-09-20,PETR3,17.95,17.7,17.95,17.46,162443218.0
2013-09-23,PETR3,17.7,17.62,17.92,17.52,137424799.0
2013-09-24,PETR3,17.7,17.4,17.75,17.36,136112541.0
2013-09-25,PETR3,17.35,17.37,17.47,17.15,111681779.0
2013-09-26,PETR3,17.39,17.41,17.48,17.26,158787710.0
2013-09-27,PETR3,17.41,17.34,17.62,17.25,109661211.0
2013-09-30,PETR3,17.2,16.96,17.75,16.96,303995622.0
2013-10-01,PETR3,17.15,17.34,17.34,16.97,121706245.0
2013-10-02,PETR3,17.3,17.28,17.49,17.23,62622630.0
2013-10-03,PETR3,17.29,17.17,17.4,17.1,127716590.0
2013-10-04,PETR3,16.99,17.39,17.39,16.81,161441613.0
2013-10-07,PETR3,17.3,17.3,17.45,17.19,104348316.0
2013-10-08,PETR3,17.26,16.92,17.38,16.78,165710070.0
2013-10-09,PETR3,17.03,16.83,17.1,16.69,107962992.0
2013-10-10,PETR3,17.05,17.02,17.13,16.81,115118853.0
2013-10-11,PETR3,17.0,17.0,17.12,16.8,86957361.0
2013-10-14,PETR3,16.95,17.07,17.15,16.8,99654742.0
2013-10-15,PETR3,17.06,17.15,17.17,16.92,156427918.0
2013-10-16,PETR3,17.23,16.98,17.27,16.85,189706926.0
2013-10-17,PETR3,16.93,17.01,17.23,16.93,104318833.0
2013-10-18,PETR3,17.02,16.86,17.25,16.76,124837326.0
2013-10-21,PETR3,16.83,17.69,17.8,16.54,195638623.0
2013-10-22,PETR3,17.65,17.4,17.85,17.39,132431461.0
2013-10-23,PETR3,17.4,17.09,17.65,17.09,113289836.0
2013-10-24,PETR3,17.1,17.06,17.3,16.85,79396000.0
2013-10-25,PETR3,17.01,17.3,17.45,16.93,360296099.0
2013-10-28,PETR3,18.1,19.0,19.0,17.86,499241317.0
2013-10-29,PETR3,18.94,18.87,19.0,18.51,227785535.0
2013-10-30,PETR3,18.9,18.96,19.0,18.26,506981249.0
2013-10-31,PETR3,19.05,19.54,19.68,18.9,257640138.0
2013-11-01,PETR3,19.3,19.04,19.51,18.87,247188466.0
2013-11-04,PETR3,19.22,19.5,19.5,19.14,142705072.0
2013-11-05,PETR3,19.45,19.4,19.66,19.25,148384641.0
2013-11-06,PETR3,19.49,19.6,19.6,19.24,168583319.0
2013-11-07,PETR3,19.38,19.15,19.79,19.15,138023543.0
2013-11-08,PETR3,19.08,18.75,19.27,18.67,186084735.0
2013-11-11,PETR3,18.75,19.3,19.3,18.65,151380101.0
2013-11-12,PETR3,19.41,18.61,19.41,18.58,142444248.0
2013-11-13,PETR3,18.63,19.09,19.16,18.27,166040613.0
2013-11-14,PETR3,19.11,19.6,19.68,19.08,138075913.0
2013-11-18,PETR3,19.64,20.34,20.35,19.56,272851623.0
2013-11-19,PETR3,20.29,20.04,20.29,19.66,258801464.0
2013-11-21,PETR3,19.3,20.01,20.1,19.2,294133827.0
2013-11-22,PETR3,19.74,19.82,20.2,19.74,136477366.0
2013-11-25,PETR3,19.88,19.45,20.02,19.45,155235465.0
2013-11-26,PETR3,19.04,18.2,19.09,18.2,238908045.0
2013-11-27,PETR3,18.38,18.23,18.46,17.88,143312207.0
2013-11-28,PETR3,18.23,17.73,18.23,17.7,141465735.0
2013-11-29,PETR3,18.04,18.32,18.79,17.82,264823760.0
2013-12-02,PETR3,16.88,16.42,17.08,16.4,600807399.0
2013-12-03,PETR3,16.5,16.57,17.0,16.05,384250811.0
2013-12-04,PETR3,16.8,16.42,16.85,16.41,179905217.0
2013-12-05,PETR3,16.54,16.5,16.77,16.43,175782539.0
2013-12-06,PETR3,16.56,16.15,16.65,16.04,182765406.0
2013-12-09,PETR3,16.26,16.07,16.36,16.05,102063437.0
2013-12-10,PETR3,16.13,16.12,16.25,16.07,79785075.0
2013-12-11,PETR3,16.19,15.66,16.2,15.66,104270221.0
2013-12-12,PETR3,15.7,15.7,15.87,15.61,99398561.0
2013-12-13,PETR3,15.83,15.85,15.99,15.69,124218968.0
2013-12-16,PETR3,15.99,16.1,16.18,15.78,127615215.0
2013-12-17,PETR3,15.95,15.57,16.06,15.57,131930872.0
2013-12-18,PETR3,15.75,15.71,15.87,15.58,146100289.0
2013-12-19,PETR3,15.91,16.05,16.05,15.64,91858170.0
2013-12-20,PETR3,16.11,15.8,16.11,15.67,169369165.0
2013-12-23,PETR3,15.87,15.87,16.05,15.71,98324823.0
2013-12-26,PETR3,16.04,15.8,16.04,15.73,112405298.0
2013-12-27,PETR3,15.86,15.91,15.94,15.69,92346110.0
2013-12-30,PETR3,16.0,15.99,16.3,15.91,77371269.0
2014-01-02,PETR3,16.06,15.82,16.15,15.73,151572680.0
2014-01-03,PETR3,15.9,15.34,15.9,15.34,251890164.0
2014-01-06,PETR3,15.39,15.69,15.69,15.18,153998192.0
2014-01-07,PETR3,15.75,15.2,15.88,15.2,148566277.0
2014-01-08,PETR3,15.27,15.21,15.41,15.2,107585578.0
2014-01-09,PETR3,15.23,14.8,15.28,14.74,136759009.0
2014-01-10,PETR3,14.89,15.01,15.25,14.75,122035782.0
2014-01-13,PETR3,15.1,14.71,15.11,14.67,139860016.0
2014-01-14,PETR3,14.68,14.65,14.79,14.6,104805553.0
2014-01-15,PETR3,14.74,15.12,15.18,14.65,147555351.0
2014-01-16,PETR3,15.14,14.71,15.23,14.7,188903108.0
2014-01-17,PETR3,14.86,14.61,14.89,14.57,129260369.0
2014-01-20,PETR3,14.6,14.3,14.7,14.24,67563132.0
2014-01-21,PETR3,14.45,14.35,14.58,14.25,95000246.0
2014-01-22,PETR3,14.53,14.79,14.87,14.31,111898869.0
2014-01-23,PETR3,14.74,14.45,14.92,14.45,110377261.0
2014-01-24,PETR3,14.44,14.08,14.44,13.96,145910022.0
2014-01-27,PETR3,14.17,14.02,14.26,13.92,145218078.0
2014-01-28,PETR3,14.39,14.02,14.42,14.0,124479625.0
2014-01-29,PETR3,14.04,13.75,14.1,13.68,202543974.0
2014-01-30,PETR3,13.85,13.64,14.03,13.58,111498015.0
2014-01-31,PETR3,13.56,13.77,14.05,13.48,188736805.0
2014-02-03,PETR3,13.67,13.1,13.74,13.1,327508614.0
2014-02-04,PETR3,13.2,13.27,13.39,13.04,130656524.0
2014-02-05,PETR3,13.27,12.96,13.46,12.74,155161501.0
2014-02-06,PETR3,13.15,13.3,13.49,13.06,117053402.0
2014-02-07,PETR3,13.36,13.53,13.62,13.22,144607230.0
2014-02-10,PETR3,13.53,13.62,13.74,13.4,96589323.0
2014-02-11,PETR3,13.74,14.03,14.15,13.64,118853089.0
2014-02-12,PETR3,14.11,14.0,14.17,13.88,82024406.0
2014-02-13,PETR3,13.83,13.72,13.87,13.52,99360090.0
2014-02-14,PETR3,13.85,13.73,13.85,13.58,60428579.0
2014-02-17,PETR3,13.72,13.47,13.77,13.43,36708532.0
2014-02-18,PETR3,13.5,13.29,13.69,13.29,97047402.0
2014-02-19,PETR3,13.24,13.4,13.4,13.14,109440675.0
2014-02-20,PETR3,13.22,13.36,13.55,13.21,78555030.0
2014-02-21,PETR3,13.4,13.4,13.5,13.29,109874072.0
2014-02-24,PETR3,13.41,13.64,13.74,13.21,76694308.0
2014-02-25,PETR3,13.64,13.28,13.84,13.28,85013278.0
2014-02-26,PETR3,13.34,12.9,13.34,12.9,161880040.0
2014-02-27,PETR3,13.07,13.33,13.34,12.87,97022048.0
2014-02-28,PETR3,13.42,12.99,13.44,12.97,181776153.0
2014-03-05,PETR3,13.13,12.71,13.16,12.71,151459953.0
2014-03-06,PETR3,12.81,12.93,13.14,12.71,108010641.0
2014-03-07,PETR3,12.9,12.7,13.19,12.64,307604066.0
2014-03-10,PETR3,12.68,12.48,12.76,12.32,220769670.0
2014-03-11,PETR3,12.48,12.48,12.61,12.4,227574201.0
2014-03-12,PETR3,12.4,12.58,12.83,12.4,167467238.0
2014-03-13,PETR3,12.67,12.41,12.77,12.38,97990464.0
2014-03-14,PETR3,12.43,12.1,12.47,12.1,182634036.0
2014-03-17,PETR3,12.2,12.02,12.29,12.02,135019467.0
2014-03-18,PETR3,12.1,12.37,12.5,12.01,211117457.0
2014-03-19,PETR3,12.35,12.8,12.97,12.34,149163112.0
2014-03-20,PETR3,12.75,13.43,13.55,12.68,267997947.0
2014-03-21,PETR3,12.93,13.5,13.65,12.9,243805867.0
2014-03-24,PETR3,13.68,13.94,14.0,13.44,213158335.0
2014-03-25,PETR3,13.9,14.05,14.11,13.67,141868774.0
2014-03-26,PETR3,14.13,13.78,14.2,13.78,127698617.0
2014-03-27,PETR3,13.88,14.82,14.83,13.88,426871654.0
2014-03-28,PETR3,14.8,15.01,15.05,14.52,213919049.0
2014-03-31,PETR3,15.1,14.96,15.1,14.76,159883199.0
2014-04-01,PETR3,14.96,15.05,15.08,14.7,193663704.0
2014-04-02,PETR3,15.04,15.66,15.83,15.03,297998508.0
2014-04-03,PETR3,15.17,15.05,15.21,14.65,268426974.0
2014-04-04,PETR3,15.2,14.9,15.36,14.89,207861692.0
2014-04-07,PETR3,15.15,15.85,15.92,15.08,350202154.0
2014-04-08,PETR3,16.08,15.4,16.43,15.12,399006338.0
2014-04-09,PETR3,15.4,15.23,15.4,14.83,208822224.0
2014-04-10,PETR3,15.15,15.17,15.42,15.01,108326000.0
2014-04-11,PETR3,15.06,15.61,15.61,14.86,128209186.0
2014-04-14,PETR3,15.7,15.36,15.74,15.26,85800769.0
2014-04-15,PETR3,15.21,14.83,15.49,14.54,206383340.0
2014-04-16,PETR3,14.94,15.08,15.24,14.78,120712500.0
2014-04-17,PETR3,15.25,15.63,15.94,14.9,222320386.0
2014-04-22,PETR3,15.55,15.24,15.91,15.15,200001146.0
2014-04-23,PETR3,15.23,15.22,15.34,15.01,208268028.0
2014-04-24,PETR3,15.43,15.29,15.46,15.06,131663972.0
2014-04-25,PETR3,15.1,15.12,15.25,14.82,189395530.0
2014-04-28,PETR3,15.01,15.65,15.65,14.86,217082156.0
2014-04-29,PETR3,15.75,15.75,16.17,15.61,209876564.0
2014-04-30,PETR3,15.61,15.63,15.81,15.46,120278838.0
2014-05-02,PETR3,15.58,16.22,16.37,15.49,416396412.0
2014-05-05,PETR3,16.38,16.4,16.53,16.15,180728968.0
2014-05-06,PETR3,16.29,17.05,17.28,16.2,254727921.0
2014-05-07,PETR3,17.01,17.4,17.62,16.81,300466581.0
2014-05-08,PETR3,17.39,16.82,17.59,16.62,193589613.0
2014-05-09,PETR3,16.82,16.66,17.16,16.66,147339849.0
2014-05-12,PETR3,16.89,17.08,17.08,16.79,106792499.0
2014-05-13,PETR3,17.07,17.04,17.38,16.92,120799101.0
2014-05-14,PETR3,17.08,17.33,17.35,16.92,109664817.0
2014-05-15,PETR3,17.17,17.03,17.25,16.93,86564088.0
2014-05-16,PETR3,17.07,16.9,17.33,16.78,148894607.0
2014-05-19,PETR3,16.9,16.83,16.96,16.62,110114211.0
2014-05-20,PETR3,16.73,16.24,17.24,16.18,391127992.0
2014-05-21,PETR3,16.34,16.46,16.75,16.12,212872349.0
2014-05-22,PETR3,16.55,16.56,16.78,16.34,117710619.0
2014-05-23,PETR3,16.53,16.6,16.82,16.45,74448294.0
2014-05-26,PETR3,16.7,16.78,16.85,16.61,28656299.0
2014-05-27,PETR3,16.93,16.41,16.95,16.36,130837183.0
2014-05-28,PETR3,16.41,16.55,16.67,16.22,141870414.0
2014-05-29,PETR3,16.58,16.23,16.69,16.22,88770635.0
2014-05-30,PETR3,16.1,15.74,16.19,15.74,223629277.0
2014-06-02,PETR3,15.86,15.66,15.92,15.48,152762484.0
2014-06-03,PETR3,15.65,15.96,16.02,15.55,70883513.0
2014-06-04,PETR3,16.01,15.75,16.01,15.6,61481826.0
2014-06-05,PETR3,15.8,15.48,15.9,15.42,75924769.0
2014-06-06,PETR3,16.5,16.67,16.67,16.13,222000587.0
2014-06-09,PETR3,16.61,16.9,17.07,16.34,263548276.0
2014-06-10,PETR3,16.9,17.17,17.17,16.64,205355165.0
2014-06-11,PETR3,17.63,17.67,17.7,17.13,345796372.0
2014-06-13,PETR3,17.5,17.85,17.85,17.37,258764025.0
2014-06-16,PETR3,17.81,17.63,17.9,17.54,185144977.0
2014-06-17,PETR3,17.55,17.29,17.6,17.08,67051401.0
2014-06-18,PETR3,17.35,17.92,17.92,17.22,284767356.0
2014-06-20,PETR3,17.6,17.56,17.9,17.42,136431040.0
2014-06-23,PETR3,17.55,17.25,17.61,17.25,87196531.0
2014-06-24,PETR3,17.15,16.79,17.81,16.54,339279744.0
2014-06-25,PETR3,16.22,16.23,16.76,16.16,201093426.0
2014-06-26,PETR3,16.38,16.2,16.46,15.98,127373233.0
2014-06-27,PETR3,16.16,16.05,16.33,16.01,73299559.0
2014-06-30,PETR3,16.08,16.24,16.33,15.94,100606304.0
2014-07-01,PETR3,16.26,16.05,16.34,15.84,98801381.0
2014-07-02,PETR3,16.02,16.09,16.25,15.87,110035556.0
2014-07-03,PETR3,15.96,16.34,16.34,15.92,96814447.0
2014-07-04,PETR3,16.3,16.33,16.44,16.21,10490777.0
2014-07-07,PETR3,16.24,16.11,16.3,15.95,94797855.0
2014-07-08,PETR3,16.16,16.14,16.2,15.98,77853037.0
2014-07-10,PETR3,16.6,16.98,16.99,16.37,227942314.0
2014-07-11,PETR3,16.95,17.0,17.11,16.61,188251172.0
2014-07-14,PETR3,17.22,17.66,17.81,17.16,560121664.0
2014-07-15,PETR3,17.7,17.75,17.96,17.43,346909393.0
2014-07-16,PETR3,17.85,17.85,17.88,17.57,289156192.0
2014-07-17,PETR3,17.7,18.18,18.48,17.7,484609695.0
2014-07-18,PETR3,19.3,19.17,19.3,18.74,686853783.0
2014-07-21,PETR3,19.11,19.47,19.58,18.85,364721160.0
2014-07-22,PETR3,19.45,19.48,19.74,19.15,341034877.0
2014-07-23,PETR3,19.15,19.01,19.35,18.83,369126147.0
2014-07-24,PETR3,19.15,19.01,19.15,18.71,239365774.0
2014-07-25,PETR3,19.1,19.24,19.33,18.99,147425760.0
2014-07-28,PETR3,19.3,18.96,19.34,18.88,128184697.0
2014-07-29,PETR3,18.95,18.43,18.95,18.39,286176954.0
2014-07-30,PETR3,18.54,18.68,18.87,18.45,149962206.0
2014-07-31,PETR3,18.4,17.99,18.5,17.89,307715320.0
2014-08-01,PETR3,17.95,17.82,18.13,17.6,190511872.0
2014-08-04,PETR3,18.0,18.27,18.27,17.72,113704974.0
2014-08-05,PETR3,18.3,18.37,18.79,18.08,237924329.0
2014-08-06,PETR3,18.5,19.04,19.15,18.32,345080338.0
2014-08-07,PETR3,19.28,18.8,19.33,18.53,254165705.0
2014-08-08,PETR3,18.44,18.14,18.49,18.06,218504884.0
2014-08-11,PETR3,18.15,18.77,18.81,18.02,219989925.0
2014-08-12,PETR3,18.75,18.46,18.93,18.36,160168315.0
2014-08-13,PETR3,18.56,17.51,18.67,17.41,842980299.0
2014-08-14,PETR3,17.46,17.48,17.84,17.27,262803955.0
2014-08-15,PETR3,17.89,18.84,18.84,17.82,359604564.0
2014-08-18,PETR3,19.17,19.08,19.36,18.65,263046405.0
2014-08-19,PETR3,18.8,19.69,19.71,18.8,199662926.0
2014-08-20,PETR3,19.65,20.12,20.2,19.52,316634547.0
2014-08-21,PETR3,20.01,20.1,20.36,19.84,242713109.0
2014-08-22,PETR3,19.93,19.72,20.05,19.54,175176119.0
2014-08-25,PETR3,19.9,20.75,20.79,19.89,214696330.0
2014-08-26,PETR3,20.75,20.65,21.24,20.55,377177766.0
2014-08-27,PETR3,21.06,21.62,21.94,20.74,655585053.0
2014-08-28,PETR3,21.45,21.45,21.98,21.35,421655456.0
2014-08-29,PETR3,21.84,22.14,22.19,21.3,611460172.0
2014-09-01,PETR3,22.61,22.48,23.25,22.48,199177522.0
2014-09-02,PETR3,22.59,23.29,23.5,22.05,644575158.0
2014-09-03,PETR3,23.5,22.78,23.5,22.34,522592315.0
2014-09-04,PETR3,22.0,21.7,22.76,21.7,541379038.0
2014-09-05,PETR3,21.69,21.73,22.23,21.36,556030452.0
2014-09-08,PETR3,22.25,20.69,22.5,20.66,607641727.0
2014-09-09,PETR3,20.43,20.39,21.17,20.13,661368282.0
2014-09-10,PETR3,20.14,19.9,20.45,19.57,395755948.0
2014-09-11,PETR3,20.16,20.13,20.57,19.9,245923015.0
2014-09-12,PETR3,19.74,19.12,19.94,18.85,527909665.0
2014-09-15,PETR3,19.17,19.46,19.56,19.03,225711114.0
2014-09-16,PETR3,19.65,20.31,21.17,19.59,603758935.0
2014-09-17,PETR3,21.0,20.86,21.25,20.62,340047517.0
2014-09-18,PETR3,20.65,20.21,20.86,20.09,304538958.0
2014-09-19,PETR3,19.86,19.85,20.31,19.64,268630988.0
2014-09-22,PETR3,19.3,19.4,19.47,18.68,484897724.0
2014-09-23,PETR3,19.0,19.06,19.81,18.88,271511153.0
2014-09-24,PETR3,18.9,19.09,19.46,18.76,201048474.0
2014-09-25,PETR3,19.09,18.82,19.1,18.78,149547069.0
2014-09-26,PETR3,18.9,19.82,20.09,18.82,175101718.0
2014-09-29,PETR3,18.11,17.75,18.25,17.61,713819587.0
2014-09-30,PETR3,17.6,17.25,17.73,16.87,581987677.0
2014-10-01,PETR3,16.82,16.4,17.05,16.39,648130067.0
2014-10-02,PETR3,16.62,16.59,16.99,16.15,363749343.0
2014-10-03,PETR3,16.76,17.5,17.51,16.44,343715603.0
2014-10-06,PETR3,20.26,19.2,20.39,18.9,1209997981.0
2014-10-07,PETR3,19.68,19.95,20.45,19.37,929547982.0
2014-10-08,PETR3,20.35,19.58,20.51,18.74,626526766.0
2014-10-09,PETR3,20.09,19.96,20.52,19.92,578812789.0
2014-10-10,PETR3,19.66,18.87,19.94,18.87,498429696.0
2014-10-13,PETR3,20.0,20.75,21.04,19.87,633035422.0
2014-10-14,PETR3,20.51,20.42,21.15,20.09,507788662.0
2014-10-15,PETR3,19.52,19.02,19.7,18.51,785808938.0
2014-10-16,PETR3,18.07,17.64,18.49,17.64,768135049.0
2014-10-17,PETR3,18.39,18.18,18.53,17.72,397902255.0
2014-10-20,PETR3,17.88,17.12,18.04,17.11,362333635.0
2014-10-21,PETR3,15.99,16.19,16.73,15.68,1192594544.0
2014-10-22,PETR3,16.22,16.05,16.74,15.87,330771697.0
2014-10-23,PETR3,15.81,15.05,15.9,15.01,817663872.0
2014-10-24,PETR3,15.29,15.7,16.26,15.08,491375974.0
2014-10-27,PETR3,13.41,13.92,14.26,13.25,1433349083.0
2014-10-28,PETR3,14.5,14.51,14.57,14.17,446327142.0
2014-10-29,PETR3,14.12,13.53,14.25,13.53,381179322.0
2014-10-30,PETR3,14.01,13.78,14.16,13.47,285250817.0
2014-10-31,PETR3,13.8,14.65,14.65,13.79,229326416.0
2014-11-03,PETR3,14.44,14.25,14.46,13.9,226516437.0
2014-11-04,PETR3,14.35,14.25,14.39,13.82,176137686.0
2014-11-05,PETR3,14.01,13.86,14.17,13.82,219605000.0
2014-11-06,PETR3,13.75,13.55,13.75,13.33,229197299.0
2014-11-07,PETR3,13.75,13.77,14.17,13.1,407663848.0
2014-11-10,PETR3,13.88,13.41,13.88,13.39,177150413.0
2014-11-11,PETR3,13.39,13.49,13.49,13.12,178679776.0
2014-11-12,PETR3,13.49,13.54,13.97,13.33,134368077.0
2014-11-13,PETR3,13.71,13.13,13.86,13.13,190091145.0
2014-11-14,PETR3,12.49,12.78,12.9,12.42,252988211.0
2014-11-17,PETR3,12.74,12.13,12.82,12.07,242853612.0
2014-11-18,PETR3,12.21,11.94,12.44,11.53,340550118.0
2014-11-19,PETR3,11.9,12.26,12.55,11.87,245025699.0
2014-11-21,PETR3,12.6,13.63,13.69,12.55,369300383.0
2014-11-24,PETR3,14.16,13.43,14.5,13.34,476305194.0
2014-11-25,PETR3,13.64,13.28,14.15,13.16,476153340.0
2014-11-26,PETR3,13.63,13.27,13.64,13.22,189580720.0
2014-11-27,PETR3,13.45,12.75,13.8,12.62,103243113.0
2014-11-28,PETR3,12.85,12.15,12.88,12.15,145863541.0
2014-12-01,PETR3,12.1,11.51,12.1,11.44,310419426.0
2014-12-02,PETR3,11.7,11.4,11.85,11.36,168619622.0
2014-12-03,PETR3,11.59,12.0,12.05,11.5,158117878.0
2014-12-04,PETR3,12.1,11.43,12.15,11.41,170262517.0
2014-12-05,PETR3,11.54,11.45,11.61,11.28,121405968.0
2014-12-08,PETR3,11.45,10.72,11.45,10.65,163292786.0
2014-12-09,PETR3,10.39,10.55,10.62,10.09,209860929.0
2014-12-10,PETR3,10.49,10.11,10.56,10.07,181700726.0
2014-12-11,PETR3,10.1,10.04,10.26,9.6,257416698.0
2014-12-12,PETR3,9.87,9.46,9.93,9.46,147400049.0
2014-12-15,PETR3,9.49,8.52,9.6,8.52,364165261.0
2014-12-16,PETR3,8.05,8.7,9.06,8.0,309181072.0
2014-12-17,PETR3,8.8,9.04,9.22,8.66,335359976.0
2014-12-18,PETR3,9.28,9.02,9.71,8.91,288484454.0
2014-12-19,PETR3,9.32,9.44,9.49,9.15,185346177.0
2014-12-22,PETR3,9.53,9.91,9.91,9.31,142153214.0
2014-12-23,PETR3,10.0,10.5,10.55,9.82,115249773.0
2014-12-26,PETR3,10.5,9.85,10.5,9.8,57189944.0
2014-12-29,PETR3,9.8,9.87,10.11,9.68,70249201.0
2014-12-30,PETR3,9.94,9.59,9.96,9.59,89741950.0
2015-01-02,PETR3,9.58,9.0,9.67,9.0,116518121.0
2015-01-05,PETR3,8.64,8.27,8.96,8.25,210033275.0
2015-01-06,PETR3,8.28,8.06,8.53,7.78,238958177.0
2015-01-07,PETR3,8.3,8.45,8.51,8.08,282537730.0
2015-01-08,PETR3,8.6,9.02,9.26,8.52,334173427.0
2015-01-09,PETR3,9.09,9.29,9.29,8.78,185487232.0
2015-01-12,PETR3,9.24,8.77,9.46,8.66,203798846.0
2015-01-13,PETR3,8.73,8.83,9.21,8.73,197098992.0
2015-01-14,PETR3,8.75,8.5,8.77,8.43,150151937.0
2015-01-15,PETR3,8.79,9.25,9.28,8.64,247421378.0
2015-01-16,PETR3,9.27,9.23,9.53,9.14,195310528.0
2015-01-19,PETR3,9.23,8.88,9.27,8.83,74378617.0
2015-01-20,PETR3,9.25,8.89,9.55,8.77,158958072.0
2015-01-21,PETR3,9.1,9.46,9.48,8.94,115681128.0
2015-01-22,PETR3,9.66,9.81,10.16,9.6,253859668.0
2015-01-23,PETR3,9.75,9.52,9.95,9.46,113338736.0
2015-01-26,PETR3,9.41,9.54,9.55,9.21,125168205.0
2015-01-27,PETR3,9.47,9.64,9.88,9.14,166373672.0
2015-01-28,PETR3,9.03,8.63,9.12,8.46,267564687.0
2015-01-29,PETR3,8.71,8.47,8.8,8.0,445037414.0
2015-01-30,PETR3,8.03,8.04,8.17,7.88,283370005.0
2015-02-02,PETR3,8.28,8.57,8.57,8.01,112919264.0
2015-02-03,PETR3,8.89,9.79,9.79,8.88,190461087.0
2015-02-04,PETR3,10.0,9.9,10.6,9.49,348306251.0
2015-02-05,PETR3,9.76,9.66,10.14,9.61,187069002.0
2015-02-06,PETR3,9.69,9.03,9.7,8.82,299313957.0
2015-02-09,PETR3,8.87,9.2,9.41,8.66,170307876.0
2015-02-10,PETR3,9.07,8.83,9.72,8.83,149957585.0
2015-02-11,PETR3,8.95,8.85,9.08,8.65,99510664.0
2015-02-12,PETR3,9.17,9.37,9.38,9.13,175021458.0
2015-02-13,PETR3,9.45,9.78,9.96,9.45,202834307.0
2015-02-18,PETR3,9.88,9.95,10.21,9.8,150910962.0
2015-02-19,PETR3,9.89,9.64,9.89,9.52,110495396.0
2015-02-20,PETR3,9.68,9.54,9.75,9.43,88039803.0
2015-02-23,PETR3,9.49,9.38,9.49,9.26,106012661.0
2015-02-24,PETR3,9.48,9.74,9.79,9.48,145174411.0
2015-02-25,PETR3,9.04,9.3,9.32,8.93,295854150.0
2015-02-26,PETR3,9.32,9.2,9.44,9.08,114718394.0
2015-02-27,PETR3,9.25,9.48,9.6,9.06,161731712.0
2015-03-02,PETR3,9.36,9.28,9.65,9.15,103004238.0
2015-03-03,PETR3,9.45,9.51,9.65,9.38,111409351.0
2015-03-04,PETR3,9.3,9.15,9.4,9.15,115015404.0
2015-03-05,PETR3,9.25,9.21,9.3,9.1,79841283.0
2015-03-06,PETR3,9.15,9.09,9.26,9.09,91889715.0
2015-03-09,PETR3,9.05,8.79,9.1,8.77,138604361.0
2015-03-10,PETR3,8.66,8.32,8.82,8.29,190161047.0
2015-03-11,PETR3,8.42,8.47,8.56,8.34,138442893.0
2015-03-12,PETR3,8.69,8.28,8.79,8.21,125193577.0
2015-03-13,PETR3,8.09,8.15,8.26,7.93,249465435.0
2015-03-16,PETR3,8.3,8.25,8.33,7.98,139427056.0
2015-03-17,PETR3,8.2,8.71,8.76,8.15,204610164.0
2015-03-18,PETR3,8.7,9.09,9.11,8.49,168896395.0
2015-03-19,PETR3,9.05,8.69,9.07,8.66,99892249.0
2015-03-20,PETR3,8.89,9.16,9.16,8.73,235875022.0
2015-03-23,PETR3,9.17,9.22,9.32,9.05,89855662.0
2015-03-24,PETR3,9.17,9.24,9.33,9.07,89590915.0
2015-03-25,PETR3,9.3,9.72,9.78,9.3,298407844.0
2015-03-26,PETR3,9.81,9.23,9.85,9.2,202078984.0
2015-03-27,PETR3,9.2,9.22,9.47,9.05,130763613.0
2015-03-30,PETR3,9.38,9.59,9.62,9.3,106034852.0
2015-03-31,PETR3,9.55,9.58,9.78,9.31,90491997.0
2015-04-01,PETR3,9.8,10.08,10.26,9.7,189624141.0
2015-04-02,PETR3,10.06,10.6,10.64,10.02,162138643.0
2015-04-06,PETR3,10.72,10.58,10.94,10.57,120667928.0
2015-04-07,PETR3,10.6,10.83,10.9,10.41,165170485.0
2015-04-08,PETR3,11.05,10.56,11.25,10.43,257997839.0
2015-04-09,PETR3,10.63,11.54,11.56,10.57,263214007.0
2015-04-10,PETR3,11.41,11.83,11.95,11.26,220044816.0
2015-04-13,PETR3,12.0,12.42,12.83,12.0,374216565.0
2015-04-14,PETR3,12.84,12.45,12.9,12.23,311671699.0
2015-04-15,PETR3,12.69,13.43,13.45,12.57,367519003.0
2015-04-16,PETR3,13.31,13.18,13.42,12.62,553641959.0
2015-04-17,PETR3,12.87,13.27,13.5,12.73,293099246.0
2015-04-20,PETR3,13.41,13.24,13.64,13.18,172099039.0
2015-04-22,PETR3,13.24,13.31,13.51,12.89,255449616.0
2015-04-23,PETR3,12.82,14.06,14.21,12.46,1118664880.0
2015-04-24,PETR3,14.38,14.7,15.03,14.17,708066221.0
2015-04-27,PETR3,14.3,13.63,14.57,13.63,282301006.0
2015-04-28,PETR3,13.8,13.63,13.86,12.83,306203651.0
2015-04-29,PETR3,13.44,13.73,13.88,13.34,196557088.0
2015-04-30,PETR3,13.65,14.25,14.32,13.65,272716428.0
2015-05-04,PETR3,14.5,15.04,15.11,14.46,326763169.0
2015-05-05,PETR3,14.9,15.66,15.92,14.86,465685224.0
2015-05-06,PETR3,15.97,14.81,16.26,14.71,482500163.0
2015-05-07,PETR3,14.95,14.65,15.25,14.36,238667774.0
2015-05-08,PETR3,15.0,14.5,15.07,14.25,157344558.0
2015-05-11,PETR3,14.54,14.67,14.79,14.34,206882557.0
2015-05-12,PETR3,14.66,14.7,15.1,14.65,148053010.0
2015-05-13,PETR3,14.76,14.92,15.27,14.7,206694190.0
2015-05-14,PETR3,15.0,14.81,15.25,14.67,233398335.0
2015-05-15,PETR3,14.9,15.05,15.2,14.58,254138962.0
2015-05-18,PETR3,15.72,14.64,15.74,14.39,290184315.0
2015-05-19,PETR3,14.6,13.75,14.64,13.63,301296452.0
2015-05-20,PETR3,13.64,13.7,14.04,13.49,181037622.0
2015-05-21,PETR3,13.68,14.42,14.56,13.68,228517138.0
2015-05-22,PETR3,14.5,14.1,14.65,13.87,198364886.0
2015-05-25,PETR3,13.97,13.83,13.98,13.65,89505580.0
2015-05-26,PETR3,13.85,13.36,13.99,13.35,184460766.0
2015-05-27,PETR3,13.45,13.52,13.67,13.25,178530100.0
2015-05-28,PETR3,13.38,13.61,13.75,13.3,132296063.0
2015-05-29,PETR3,13.67,13.25,13.73,13.25,251932780.0
2015-06-01,PETR3,13.32,13.25,13.53,13.13,120448185.0
2015-06-02,PETR3,13.37,13.85,13.93,13.37,224740168.0
2015-06-03,PETR3,13.95,13.83,14.2,13.72,225815968.0
2015-06-05,PETR3,13.53,13.52,13.83,13.35,156456476.0
2015-06-08,PETR3,13.54,13.55,13.76,13.43,111087136.0
2015-06-09,PETR3,13.62,14.05,14.26,13.62,290021939.0
2015-06-10,PETR3,14.27,14.15,14.5,14.06,181349592.0
2015-06-11,PETR3,14.24,14.15,14.26,13.99,200349165.0
2015-06-12,PETR3,13.84,14.18,14.24,13.84,133696895.0
2015-06-15,PETR3,14.11,14.2,14.32,14.06,129144057.0
2015-06-16,PETR3,14.27,14.68,14.78,14.11,292618226.0
2015-06-17,PETR3,14.76,14.49,14.92,14.46,207201130.0
2015-06-18,PETR3,14.57,14.8,14.81,14.5,138906874.0
2015-06-19,PETR3,14.62,14.51,14.9,14.46,259007955.0
2015-06-22,PETR3,14.7,14.55,14.76,14.44,134567216.0
2015-06-23,PETR3,14.7,14.35,14.91,14.35,361762102.0
2015-06-24,PETR3,14.5,14.62,14.85,14.5,245927788.0
2015-06-25,PETR3,14.66,13.98,14.75,13.95,241565408.0
2015-06-26,PETR3,14.17,14.65,14.69,14.06,167436908.0
2015-06-29,PETR3,14.37,14.05,15.05,13.95,292852334.0
2015-06-30,PETR3,14.25,14.03,14.36,13.92,182821168.0
2015-07-01,PETR3,14.19,13.52,14.22,13.39,244561775.0
2015-07-02,PETR3,13.75,13.64,13.97,13.53,172430409.0
2015-07-03,PETR3,13.64,12.95,13.72,12.89,100687388.0
2015-07-06,PETR3,12.86,12.85,13.11,12.59,241063968.0
2015-07-07,PETR3,12.83,13.16,13.26,12.08,304718053.0
2015-07-08,PETR3,13.04,12.98,13.42,12.75,164608727.0
2015-07-10,PETR3,13.41,13.27,13.49,13.21,113669426.0
2015-07-13,PETR3,13.35,13.27,13.38,13.01,97882433.0
2015-07-14,PETR3,13.18,13.51,13.62,13.05,113555223.0
2015-07-15,PETR3,13.46,13.18,13.58,13.12,178783457.0
2015-07-16,PETR3,13.31,13.27,13.41,13.19,85926176.0
2015-07-17,PETR3,13.2,12.62,13.28,12.61,183341947.0
2015-07-20,PETR3,12.67,11.86,12.77,11.83,170593039.0
2015-07-21,PETR3,11.97,11.85,12.41,11.68,184887802.0
2015-07-22,PETR3,11.72,11.38,11.84,11.35,153104540.0
2015-07-23,PETR3,11.3,11.29,11.72,11.16,213069285.0
2015-07-24,PETR3,11.38,11.09,11.42,10.83,174948706.0
2015-07-27,PETR3,10.97,10.42,11.05,10.42,196823321.0
2015-07-28,PETR3,10.62,10.98,11.32,10.57,241515597.0
2015-07-29,PETR3,11.01,11.8,11.86,10.94,216012179.0
2015-07-30,PETR3,11.9,11.52,12.06,11.28,147489575.0
2015-07-31,PETR3,11.58,11.58,11.85,11.39,181897449.0
2015-08-03,PETR3,11.51,10.98,11.55,10.85,245538271.0
2015-08-04,PETR3,11.03,11.11,11.51,11.03,143046530.0
2015-08-05,PETR3,11.4,10.99,11.64,10.97,143554135.0
2015-08-06,PETR3,10.9,11.46,11.5,10.69,300299269.0
2015-08-07,PETR3,11.3,10.61,11.7,10.6,241901614.0
2015-08-10,PETR3,10.75,11.01,11.12,10.46,168954933.0
2015-08-11,PETR3,10.93,10.97,10.97,10.49,148739314.0
2015-08-12,PETR3,10.95,11.03,11.22,10.81,202369153.0
2015-08-13,PETR3,11.02,10.58,11.12,10.58,101549020.0
2015-08-14,PETR3,10.64,10.35,10.8,10.35,91006436.0
2015-08-17,PETR3,10.31,10.2,10.46,10.2,133819897.0
2015-08-18,PETR3,10.22,10.02,10.3,9.83,154069177.0
2015-08-19,PETR3,10.02,9.77,10.13,9.6,170149618.0
2015-08-20,PETR3,9.64,9.69,10.0,9.53,152307990.0
2015-08-21,PETR3,9.54,9.2,9.59,9.19,169276137.0
2015-08-24,PETR3,8.5,8.7,9.18,8.35,309767703.0
2015-08-25,PETR3,9.14,8.88,9.33,8.85,220991569.0
2015-08-26,PETR3,9.15,9.13,9.22,8.87,231313156.0
2015-08-27,PETR3,9.39,10.16,10.2,9.33,271275689.0
2015-08-28,PETR3,9.91,10.28,10.84,9.91,380872442.0
2015-08-31,PETR3,10.0,10.62,10.79,9.83,355589670.0
2015-09-01,PETR3,10.18,9.95,10.52,9.89,218621318.0
2015-09-02,PETR3,10.18,10.2,10.29,9.64,351047322.0
2015-09-03,PETR3,10.33,10.24,10.83,10.04,309995031.0
2015-09-04,PETR3,10.1,9.9,10.33,9.9,164973812.0
2015-09-08,PETR3,10.17,10.05,10.27,9.94,169413327.0
2015-09-09,PETR3,10.2,9.68,10.39,9.68,276590669.0
2015-09-10,PETR3,9.15,9.31,9.57,9.15,231568390.0
2015-09-11,PETR3,9.2,8.81,9.3,8.81,149874242.0
2015-09-14,PETR3,8.84,8.83,9.0,8.57,144948477.0
2015-09-15,PETR3,8.9,8.73,9.03,8.64,111453846.0
2015-09-16,PETR3,8.88,9.48,9.57,8.84,177194697.0
2015-09-17,PETR3,9.39,9.28,9.6,9.22,180235268.0
2015-09-18,PETR3,9.2,8.91,9.25,8.8,172707373.0
2015-09-21,PETR3,8.97,8.62,9.05,8.62,74700478.0
2015-09-22,PETR3,8.51,8.35,8.52,8.16,90866172.0
2015-09-23,PETR3,8.4,8.26,8.59,8.06,168696267.0
2015-09-24,PETR3,8.06,8.3,8.6,8.0,152089357.0
2015-09-25,PETR3,8.4,8.08,8.61,7.98,136999404.0
2015-09-28,PETR3,8.01,7.67,8.05,7.66,91325791.0
2015-09-29,PETR3,7.71,7.85,8.17,7.71,151445479.0
2015-09-30,PETR3,8.6,8.54,8.62,8.2,273441039.0
2015-10-01,PETR3,8.7,8.37,8.86,8.29,132637800.0
2015-10-02,PETR3,8.34,9.15,9.38,8.27,192686802.0
2015-10-05,PETR3,9.36,9.4,9.77,9.27,157134019.0
2015-10-06,PETR3,9.58,9.89,10.13,9.5,155590665.0
2015-10-07,PETR3,10.45,10.4,11.0,10.18,316217540.0
2015-10-08,PETR3,10.44,10.75,10.95,10.14,196794495.0
2015-10-09,PETR3,11.08,10.71,11.18,10.58,294661921.0
2015-10-13,PETR3,10.23,9.84,10.33,9.78,178855087.0
2015-10-14,PETR3,9.76,9.56,10.0,9.5,283478319.0
2015-10-15,PETR3,9.68,9.66,9.71,9.23,133051423.0
2015-10-16,PETR3,9.65,9.7,9.87,9.43,108132428.0
2015-10-19,PETR3,9.69,9.67,9.71,9.43,114642617.0
2015-10-20,PETR3,9.8,9.8,10.0,9.63,122209917.0
2015-10-21,PETR3,9.7,9.49,9.79,9.4,92847500.0
2015-10-22,PETR3,9.55,9.78,9.91,9.54,105092073.0
2015-10-23,PETR3,10.05,9.69,10.05,9.64,119937076.0
2015-10-26,PETR3,9.75,9.61,9.88,9.51,69664583.0
2015-10-27,PETR3,9.6,9.24,9.63,9.22,86878908.0
2015-10-28,PETR3,9.21,9.4,9.72,9.2,150779510.0
2015-10-29,PETR3,9.28,9.3,9.8,9.28,131409880.0
2015-10-30,PETR3,9.25,9.38,9.53,9.18,87348592.0
2015-11-03,PETR3,9.58,10.56,10.56,9.51,194539550.0
2015-11-04,PETR3,10.57,9.89,10.8,9.87,140825385.0
2015-11-05,PETR3,9.9,9.9,10.1,9.66,90963872.0
2015-11-06,PETR3,9.84,9.58,9.94,9.41,103203496.0
2015-11-09,PETR3,9.53,9.27,9.74,9.26,135127984.0
2015-11-10,PETR3,9.23,9.21,9.34,9.09,112040256.0
2015-11-11,PETR3,9.31,9.26,9.52,9.16,156381505.0
2015-11-12,PETR3,9.17,9.02,9.31,9.02,109134505.0
2015-11-13,PETR3,8.9,8.78,9.1,8.67,278313561.0
2015-11-16,PETR3,8.84,9.38,9.4,8.84,154713285.0
2015-11-17,PETR3,9.5,9.42,9.64,9.3,130013305.0
2015-11-18,PETR3,9.45,9.52,9.8,9.43,118248705.0
2015-11-19,PETR3,9.73,9.51,9.73,9.23,170071020.0
2015-11-23,PETR3,9.65,9.85,9.87,9.5,139640441.0
2015-11-24,PETR3,9.81,10.45,10.58,9.8,167565320.0
2015-11-25,PETR3,10.17,9.66,10.28,9.66,183855681.0
2015-11-26,PETR3,9.69,9.7,9.88,9.59,67367013.0
2015-11-27,PETR3,9.6,9.33,9.69,9.33,120256132.0
2015-11-30,PETR3,9.25,9.41,9.71,9.12,295597772.0
2015-12-01,PETR3,9.35,9.24,9.56,9.21,129315330.0
2015-12-02,PETR3,9.27,9.47,9.47,9.1,172019970.0
2015-12-03,PETR3,9.94,9.8,10.3,9.62,253922524.0
2015-12-04,PETR3,9.75,9.13,10.0,9.05,205108791.0
2015-12-07,PETR3,9.21,8.64,9.27,8.62,135970815.0
2015-12-08,PETR3,8.65,8.54,8.74,8.36,106626642.0
2015-12-09,PETR3,8.9,9.46,9.65,8.78,217700928.0
2015-12-10,PETR3,9.3,9.2,9.46,9.07,213723329.0
2015-12-11,PETR3,9.02,8.85,9.39,8.84,182589721.0
2015-12-14,PETR3,8.79,8.77,8.93,8.61,108588800.0
2015-12-15,PETR3,8.89,9.1,9.14,8.88,74904584.0
2015-12-16,PETR3,8.99,8.95,9.09,8.74,88039084.0
2015-12-17,PETR3,9.2,8.82,9.36,8.82,103661157.0
2015-12-18,PETR3,8.51,8.66,8.84,8.51,142456703.0
2015-12-21,PETR3,8.67,8.31,8.75,8.18,84900707.0
2015-12-22,PETR3,8.41,8.54,8.6,8.19,63535070.0
2015-12-23,PETR3,8.74,8.88,8.98,8.7,98110350.0
2015-12-28,PETR3,8.87,8.61,8.87,8.57,47100103.0
2015-12-29,PETR3,8.71,8.57,8.89,8.51,44998048.0
2015-12-30,PETR3,8.57,8.57,8.63,8.37,73803486.0
2016-01-04,PETR3,8.31,8.67,8.96,8.31,147095700.0
2016-01-05,PETR3,8.73,8.45,8.89,8.35,77721422.0
2016-01-06,PETR3,8.22,8.06,8.25,8.06,80687286.0
2016-01-07,PETR3,7.72,7.83,8.07,7.65,84553883.0
2016-01-08,PETR3,8.0,7.86,8.04,7.68,84406120.0
2016-01-11,PETR3,7.89,7.58,7.89,7.52,64811780.0
2016-01-12,PETR3,7.62,7.0,7.64,6.83,111853825.0
2016-01-13,PETR3,7.18,6.8,7.28,6.8,100116629.0
2016-01-14,PETR3,6.8,7.23,7.28,6.6,102964215.0
2016-01-15,PETR3,6.94,6.71,7.04,6.61,112045226.0
2016-01-18,PETR3,6.76,6.3,6.77,6.3,37098977.0
2016-01-19,PETR3,6.68,6.15,6.68,6.15,84350234.0
2016-01-20,PETR3,5.93,5.93,5.99,5.67,74266369.0
2016-01-21,PETR3,5.94,6.29,6.47,5.91,123023016.0
2016-01-22,PETR3,6.6,6.21,6.76,6.21,172710031.0
2016-01-26,PETR3,6.1,5.96,6.24,5.86,78319445.0
2016-01-27,PETR3,5.98,6.54,6.79,5.9,138038047.0
2016-01-28,PETR3,6.7,6.52,7.36,6.23,171080521.0
2016-01-29,PETR3,6.61,6.93,6.97,6.41,198991032.0
2016-02-01,PETR3,6.81,6.58,7.04,6.55,119167527.0
2016-02-02,PETR3,6.38,6.02,6.55,6.02,84788844.0
2016-02-03,PETR3,6.1,6.18,6.32,5.93,98267496.0
2016-02-04,PETR3,6.3,6.67,7.0,6.06,183811146.0
2016-02-05,PETR3,6.61,6.39,6.82,6.39,92945836.0
2016-02-10,PETR3,6.04,6.12,6.21,6.02,72286534.0
2016-02-11,PETR3,5.89,5.91,6.05,5.78,75867242.0
2016-02-12,PETR3,6.17,6.31,6.42,6.06,89053761.0
2016-02-15,PETR3,6.52,6.43,6.6,6.43,24827749.0
2016-02-16,PETR3,6.44,6.29,6.66,6.29,87879322.0
2016-02-17,PETR3,6.41,6.78,6.97,6.41,167224729.0
2016-02-18,PETR3,6.8,6.6,7.07,6.58,99225806.0
2016-02-19,PETR3,6.53,6.38,6.55,6.31,64121741.0
2016-02-22,PETR3,6.71,7.41,7.42,6.65,158012305.0
2016-02-23,PETR3,7.26,7.08,7.75,7.03,148011878.0
2016-02-24,PETR3,6.83,7.03,7.15,6.74,98335178.0
2016-02-25,PETR3,6.96,6.98,7.3,6.85,94013107.0
2016-02-26,PETR3,7.24,6.89,7.35,6.87,77096882.0
2016-02-29,PETR3,7.15,7.35,7.48,7.1,130856980.0
2016-03-01,PETR3,7.59,7.57,7.67,7.21,164158693.0
2016-03-02,PETR3,7.47,8.1,8.14,7.38,152504534.0
2016-03-03,PETR3,8.3,9.11,9.36,8.23,453448534.0
2016-03-04,PETR3,10.5,9.98,10.51,9.5,526878950.0
2016-03-07,PETR3,10.2,9.91,10.4,9.67,227694924.0
2016-03-08,PETR3,9.9,9.65,10.52,9.37,351014548.0
2016-03-09,PETR3,9.96,9.56,10.09,9.4,279078391.0
2016-03-10,PETR3,9.83,9.81,9.94,9.23,301473451.0
2016-03-11,PETR3,9.8,10.09,10.25,9.57,142248693.0
2016-03-14,PETR3,10.16,9.54,10.19,9.52,158459180.0
2016-03-15,PETR3,8.99,8.91,9.17,8.71,240208707.0
2016-03-16,PETR3,8.91,9.6,9.69,8.77,205235826.0
2016-03-17,PETR3,10.52,10.44,10.66,10.02,381490939.0
2016-03-18,PETR3,10.55,10.3,10.59,9.84,280162403.0
2016-03-21,PETR3,10.19,10.25,10.49,10.03,106479657.0
2016-03-22,PETR3,10.0,10.48,10.59,9.85,221234403.0
2016-03-23,PETR3,10.2,9.92,10.33,9.86,141092155.0
2016-03-24,PETR3,9.66,9.99,10.18,9.36,142972935.0
2016-03-28,PETR3,10.45,10.63,10.73,9.99,135398158.0
2016-03-29,PETR3,10.5,10.63,10.94,10.23,157673782.0
2016-03-30,PETR3,10.9,10.7,11.29,10.63,227710774.0
2016-03-31,PETR3,10.63,10.63,10.9,10.48,166825120.0
2016-04-01,PETR3,10.31,10.53,10.61,10.12,146323209.0
2016-04-04,PETR3,10.16,9.6,10.45,9.52,155835230.0
2016-04-05,PETR3,9.52,9.82,10.07,9.39,146378653.0
2016-04-06,PETR3,9.76,9.73,10.16,9.71,140467401.0
2016-04-07,PETR3,9.99,9.94,10.06,9.73,76461084.0
2016-04-08,PETR3,10.4,10.49,10.67,10.38,180837845.0
2016-04-11,PETR3,10.6,10.42,10.75,10.36,220213473.0
2016-04-12,PETR3,10.62,11.35,11.52,10.55,178443434.0
2016-04-13,PETR3,11.71,11.83,12.07,11.39,255501554.0
2016-04-14,PETR3,11.94,11.47,12.11,11.31,186303681.0
2016-04-15,PETR3,11.59,11.92,12.25,11.29,192733473.0
2016-04-18,PETR3,11.88,11.77,12.3,11.09,180104295.0
2016-04-19,PETR3,11.92,12.36,12.48,11.8,171468500.0
2016-04-20,PETR3,12.1,12.34,12.61,12.03,281815579.0
2016-04-22,PETR3,12.14,12.9,13.21,12.14,221558321.0
2016-04-25,PETR3,12.8,12.36,13.1,12.23,109234191.0
2016-04-26,PETR3,12.48,12.78,12.94,12.39,122533375.0
2016-04-27,PETR3,12.98,13.4,13.47,12.91,252108219.0
2016-04-28,PETR3,13.46,13.57,13.97,13.28,178940110.0
2016-04-29,PETR3,13.75,13.27,13.84,13.11,158021019.0
2016-05-02,PETR3,13.33,13.27,13.53,12.84,104241436.0
2016-05-03,PETR3,13.2,12.82,13.2,12.69,105531725.0
2016-05-04,PETR3,12.9,12.96,13.3,12.8,123360268.0
2016-05-05,PETR3,13.43,12.64,13.54,12.35,113125728.0
2016-05-06,PETR3,12.35,12.93,13.13,12.27,80427522.0
2016-05-09,PETR3,12.93,12.07,12.94,11.64,180210993.0
2016-05-10,PETR3,12.43,12.85,12.85,12.27,105657861.0
2016-05-11,PETR3,13.05,12.91,13.34,12.56,113483259.0
2016-05-12,PETR3,13.06,12.71,13.35,12.6,112767015.0
2016-05-13,PETR3,12.78,12.12,12.96,11.91,152611875.0
2016-05-16,PETR3,12.24,12.54,12.92,12.24,101049188.0
2016-05-17,PETR3,12.66,12.4,12.78,12.23,121611133.0
2016-05-18,PETR3,12.2,12.01,12.54,12.01,138844196.0
2016-05-19,PETR3,11.9,11.51,11.91,11.12,107708606.0
2016-05-20,PETR3,11.76,11.33,12.15,11.33,134079854.0
2016-05-23,PETR3,10.9,11.04,11.23,10.84,114216344.0
2016-05-24,PETR3,11.3,11.09,11.5,10.92,107985796.0
2016-05-25,PETR3,11.13,11.1,11.42,10.99,122118273.0
2016-05-27,PETR3,10.85,10.49,11.0,10.46,74515679.0
2016-05-30,PETR3,10.45,10.58,10.92,10.25,28001818.0
2016-05-31,PETR3,10.6,10.18,10.95,10.18,195223726.0
2016-06-01,PETR3,10.15,10.41,10.52,9.95,110789355.0
2016-06-02,PETR3,10.38,10.7,10.75,10.2,92099245.0
2016-06-03,PETR3,10.79,10.81,10.99,10.67,87803312.0
2016-06-06,PETR3,10.98,10.8,11.04,10.74,87957864.0
2016-06-07,PETR3,10.75,11.13,11.28,10.68,144865711.0
2016-06-08,PETR3,11.25,12.05,12.13,11.25,157101046.0
2016-06-09,PETR3,11.96,11.75,12.02,11.62,77190605.0
2016-06-10,PETR3,11.39,11.03,11.53,11.03,118719290.0
2016-06-13,PETR3,10.88,10.82,11.13,10.7,95352216.0
2016-06-14,PETR3,10.79,10.48,10.99,10.3,126567310.0
2016-06-15,PETR3,10.46,10.64,10.99,10.39,196815799.0
2016-06-16,PETR3,10.54,10.77,10.77,10.31,123814716.0
2016-06-17,PETR3,11.01,11.39,11.5,11.01,161503513.0
2016-06-20,PETR3,11.72,11.73,11.97,11.6,156498353.0
2016-06-21,PETR3,11.7,11.94,12.0,11.37,105291159.0
2016-06-22,PETR3,12.01,11.65,12.26,11.65,121115387.0
2016-06-23,PETR3,11.92,12.05,12.07,11.83,112765995.0
2016-06-24,PETR3,11.2,11.43,11.61,11.04,175001846.0
2016-06-27,PETR3,11.43,10.8,11.52,10.63,213960781.0
2016-06-28,PETR3,11.23,11.25,11.42,11.06,119312327.0
2016-06-29,PETR3,11.48,11.57,11.79,11.31,105119930.0
2016-06-30,PETR3,11.45,11.51,11.55,11.25,112175988.0
2016-07-01,PETR3,11.55,12.06,12.14,11.42,114043498.0
2016-07-04,PETR3,12.11,12.02,12.33,11.99,25422462.0
2016-07-05,PETR3,11.72,11.34,11.85,11.22,83295719.0
2016-07-06,PETR3,11.15,11.69,11.74,11.01,96852425.0
2016-07-07,PETR3,11.91,11.97,12.62,11.8,232658104.0
2016-07-08,PETR3,12.23,12.3,12.48,12.13,103420352.0
2016-07-11,PETR3,12.5,12.89,12.89,12.4,114538311.0
2016-07-12,PETR3,13.15,13.29,13.48,13.11,145451968.0
2016-07-13,PETR3,13.06,12.99,13.18,12.57,148563813.0
2016-07-14,PETR3,13.35,13.32,13.39,12.97,149056301.0
2016-07-15,PETR3,13.35,13.22,13.48,13.1,144572391.0
2016-07-18,PETR3,13.15,13.66,13.79,13.09,168138115.0
2016-07-19,PETR3,13.71,13.83,13.95,13.56,116733616.0
2016-07-20,PETR3,13.81,13.65,13.88,13.54,104461980.0
2016-07-21,PETR3,13.58,13.8,13.95,13.58,77219818.0
2016-07-22,PETR3,13.85,13.75,13.86,13.56,73205474.0
2016-07-25,PETR3,13.98,13.76,14.1,13.64,107875625.0
2016-07-26,PETR3,13.68,13.74,13.84,13.58,110130259.0
2016-07-27,PETR3,13.86,13.6,13.95,13.58,168098857.0
2016-07-28,PETR3,13.48,13.34,13.55,13.18,84641687.0
2016-07-29,PETR3,13.57,14.01,14.16,13.57,197183814.0
2016-08-01,PETR3,14.04,13.19,14.2,13.19,145913885.0
2016-08-02,PETR3,13.19,12.97,13.56,12.92,136599777.0
2016-08-03,PETR3,13.05,13.55,13.57,12.84,149941384.0
2016-08-04,PETR3,13.55,13.57,13.73,13.41,150732147.0
2016-08-05,PETR3,13.66,13.26,13.68,13.23,101276987.0
2016-08-08,PETR3,13.38,13.75,13.93,13.38,111146609.0
2016-08-09,PETR3,13.75,13.68,13.99,13.47,203882902.0
2016-08-10,PETR3,13.79,13.16,13.8,13.13,107854303.0
2016-08-11,PETR3,13.2,13.68,13.74,13.16,116793276.0
2016-08-12,PETR3,13.6,13.91,14.22,13.6,134532016.0
2016-08-15,PETR3,14.02,14.52,14.54,13.97,172318569.0
2016-08-16,PETR3,14.63,14.66,14.86,14.29,135436339.0
2016-08-17,PETR3,14.54,14.91,14.98,14.42,158532661.0
2016-08-18,PETR3,14.99,15.18,15.4,14.93,171723146.0
2016-08-19,PETR3,15.07,15.06,15.27,14.93,81369578.0
2016-08-22,PETR3,14.9,14.47,14.93,14.42,116655494.0
2016-08-23,PETR3,14.56,14.93,15.17,14.49,142621360.0
2016-08-24,PETR3,14.75,14.64,15.05,14.61,118389880.0
2016-08-25,PETR3,14.7,14.85,14.93,14.62,100935913.0
2016-08-26,PETR3,14.94,14.96,15.16,14.76,142749838.0
2016-08-29,PETR3,14.95,15.19,15.42,14.82,147180563.0
2016-08-30,PETR3,15.35,15.18,15.57,15.18,139523448.0
2016-08-31,PETR3,15.3,14.74,15.44,14.61,191441087.0
2016-09-01,PETR3,14.79,14.87,15.13,14.64,168528099.0
2016-09-02,PETR3,15.15,15.63,15.68,15.13,196585081.0
2016-09-05,PETR3,15.82,16.08,16.14,15.82,57471731.0
2016-09-06,PETR3,16.0,16.0,16.0,15.71,217975599.0
2016-09-08,PETR3,16.05,16.39,16.45,15.96,150966783.0
2016-09-09,PETR3,16.05,15.5,16.15,15.5,143486833.0
2016-09-12,PETR3,15.44,16.03,16.1,15.4,151977939.0
2016-09-13,PETR3,15.69,14.81,15.88,14.76,204936992.0
2016-09-14,PETR3,15.0,14.94,15.28,14.77,148918430.0
2016-09-15,PETR3,15.16,15.29,15.57,15.02,142785713.0
2016-09-16,PETR3,15.2,14.9,15.26,14.89,180770047.0
2016-09-19,PETR3,15.19,14.89,15.32,14.84,88723617.0
2016-09-20,PETR3,15.21,15.05,15.46,15.02,182331451.0
2016-09-21,PETR3,15.15,15.34,15.39,15.0,212248009.0
2016-09-22,PETR3,15.65,15.54,15.76,15.46,152099248.0
2016-09-23,PETR3,15.43,14.97,15.5,14.8,186276832.0
2016-09-26,PETR3,14.9,14.7,14.96,14.66,97658098.0
2016-09-27,PETR3,14.7,14.65,14.72,14.18,118626464.0
2016-09-28,PETR3,14.8,15.33,15.41,14.62,153720956.0
2016-09-29,PETR3,15.27,15.07,15.49,14.98,139624519.0
2016-09-30,PETR3,15.22,15.14,15.45,15.02,155707909.0
2016-10-03,PETR3,15.29,15.59,15.65,15.18,144026445.0
2016-10-04,PETR3,15.62,15.61,15.75,15.43,188453683.0
2016-10-05,PETR3,15.82,16.1,16.27,15.8,206880783.0
2016-10-06,PETR3,16.2,16.8,16.89,16.15,203139992.0
2016-10-07,PETR3,16.9,16.95,17.11,16.72,213610438.0
2016-10-10,PETR3,17.12,17.49,17.63,17.1,230358017.0
2016-10-11,PETR3,17.47,17.08,17.5,16.78,166739870.0
2016-10-13,PETR3,17.04,17.5,17.59,16.71,206461329.0
2016-10-14,PETR3,17.69,17.9,17.92,17.59,201664221.0
2016-10-17,PETR3,17.9,18.41,18.41,17.73,182932402.0
2016-10-18,PETR3,18.55,18.79,18.95,18.46,281003404.0
2016-10-19,PETR3,19.07,18.99,19.24,18.85,212095863.0
2016-10-20,PETR3,18.77,18.96,18.96,18.48,207470714.0
2016-10-21,PETR3,19.0,19.32,19.35,18.74,219087169.0
2016-10-24,PETR3,19.52,19.38,19.72,19.07,322891028.0
2016-10-25,PETR3,19.47,18.97,19.55,18.75,195351310.0
2016-10-26,PETR3,18.8,19.21,19.37,18.72,245144670.0
2016-10-27,PETR3,19.22,19.25,19.55,19.06,203056618.0
2016-10-28,PETR3,19.11,19.13,19.44,19.0,200742923.0
2016-10-31,PETR3,19.13,18.64,19.29,18.34,244914238.0
2016-11-01,PETR3,18.72,17.93,18.81,17.71,234017127.0
2016-11-03,PETR3,17.71,17.17,18.03,17.17,208902509.0
2016-11-04,PETR3,17.4,17.15,17.55,17.03,193334451.0
2016-11-07,PETR3,17.99,18.32,18.4,17.76,176158894.0
2016-11-08,PETR3,18.3,18.08,18.55,17.85,122236667.0
2016-11-09,PETR3,17.27,18.25,18.46,17.06,455268457.0
2016-11-10,PETR3,18.43,17.34,18.86,17.14,333338715.0
2016-11-11,PETR3,16.85,16.33,17.86,16.05,568675798.0
2016-11-14,PETR3,16.0,16.27,16.37,15.8,249712705.0
2016-11-16,PETR3,16.99,16.95,17.16,16.47,172948233.0
2016-11-17,PETR3,17.21,16.46,17.42,16.42,142266755.0
2016-11-18,PETR3,16.46,16.42,16.68,16.19,127863413.0
2016-11-21,PETR3,16.85,17.26,17.27,16.69,201069858.0
2016-11-22,PETR3,17.6,17.69,17.72,17.1,131077474.0
2016-11-23,PETR3,17.55,17.8,17.99,17.35,161128684.0
2016-11-24,PETR3,17.88,17.56,17.97,17.56,73616104.0
2016-11-25,PETR3,17.11,17.58,17.72,17.11,86979807.0
2016-11-28,PETR3,17.44,17.63,17.83,17.41,121011481.0
2016-11-29,PETR3,17.65,16.7,17.65,16.63,129755194.0
2016-11-30,PETR3,17.81,18.47,18.6,17.74,338637537.0
2016-12-01,PETR3,18.47,18.21,19.14,18.03,467201911.0
2016-12-02,PETR3,17.85,18.65,18.71,17.57,288723451.0
2016-12-05,PETR3,18.74,18.02,18.92,17.88,203442464.0
2016-12-06,PETR3,18.18,18.61,18.66,17.89,292231769.0
2016-12-07,PETR3,18.67,18.32,18.76,18.19,236759759.0
2016-12-08,PETR3,18.48,18.36,18.52,17.96,180194802.0
2016-12-09,PETR3,18.51,18.19,18.67,18.13,185881155.0
2016-12-12,PETR3,18.4,18.35,18.73,18.25,160027497.0
2016-12-13,PETR3,18.34,18.23,18.57,17.96,166041607.0
2016-12-14,PETR3,18.25,17.59,18.35,17.59,251159746.0
2016-12-15,PETR3,17.6,17.43,17.69,17.02,179790555.0
2016-12-16,PETR3,17.6,17.22,17.63,17.2,233510332.0
2016-12-19,PETR3,17.36,16.67,17.39,16.62,80806001.0
2016-12-20,PETR3,16.75,16.64,16.95,16.42,124682937.0
2016-12-21,PETR3,16.78,16.55,16.86,16.36,113857041.0
2016-12-22,PETR3,16.71,16.35,16.74,16.19,172363984.0
2016-12-23,PETR3,16.35,16.57,16.73,16.29,90186379.0
2016-12-26,PETR3,16.75,16.73,16.83,16.65,18720796.0
2016-12-27,PETR3,16.9,16.69,16.96,16.53,66563550.0
2016-12-28,PETR3,16.7,16.98,17.1,16.58,71582716.0
2016-12-29,PETR3,17.01,16.94,17.11,16.63,73771640.0
2017-01-02,PETR3,16.7,16.53,16.79,16.52,29568083.0
2017-01-03,PETR3,16.79,17.58,17.81,16.77,176681505.0
2017-01-04,PETR3,17.6,17.37,17.76,17.21,109221672.0
2017-01-05,PETR3,17.61,17.76,17.94,17.6,109207640.0
2017-01-06,PETR3,17.77,17.49,17.87,17.35,74361832.0
2017-01-09,PETR3,17.58,17.32,17.64,17.21,90239931.0
2017-01-10,PETR3,17.62,17.61,17.87,17.52,109640613.0
2017-01-11,PETR3,17.79,18.05,18.09,17.5,105706362.0
2017-01-12,PETR3,18.77,18.35,18.85,18.3,145612460.0
2017-01-13,PETR3,18.33,18.22,18.42,18.08,75180998.0
2017-01-16,PETR3,18.42,18.25,18.42,18.12,41121079.0
2017-01-17,PETR3,18.32,18.17,18.38,18.15,95680130.0
2017-01-18,PETR3,18.17,18.03,18.2,17.94,67144377.0
2017-01-19,PETR3,18.19,17.93,18.19,17.78,68267102.0
2017-01-20,PETR3,18.13,17.83,18.25,17.83,115323568.0
2017-01-23,PETR3,17.74,17.98,18.07,17.59,87238489.0
2017-01-24,PETR3,18.0,17.73,18.32,17.73,138550556.0
2017-01-26,PETR3,17.73,17.39,17.81,17.35,184270929.0
2017-01-27,PETR3,17.51,17.08,17.51,16.98,145512471.0
2017-01-30,PETR3,17.07,16.14,17.07,16.14,118941992.0
2017-01-31,PETR3,16.3,16.19,16.69,16.15,133674036.0
2017-02-01,PETR3,16.48,16.12,16.7,16.01,122560854.0
2017-02-02,PETR3,16.22,15.9,16.45,15.85,145993116.0
2017-02-03,PETR3,15.98,16.34,16.34,15.83,188079383.0
2017-02-06,PETR3,16.36,15.97,16.51,15.91,134414589.0
2017-02-07,PETR3,16.15,15.77,16.18,15.75,93604747.0
2017-02-08,PETR3,15.88,16.1,16.1,15.4,259506370.0
2017-02-09,PETR3,16.19,15.96,16.32,15.91,117250272.0
2017-02-10,PETR3,16.05,16.35,16.44,16.05,154682553.0
2017-02-13,PETR3,16.5,16.56,16.75,16.45,133373704.0
2017-02-14,PETR3,16.62,16.81,17.0,16.58,181745084.0
2017-02-15,PETR3,16.97,16.86,17.04,16.73,206643324.0
2017-02-16,PETR3,16.89,16.97,17.05,16.81,168886671.0
2017-02-17,PETR3,16.83,16.72,16.98,16.69,92940216.0
2017-02-20,PETR3,16.81,17.08,17.21,16.78,36319628.0
2017-02-21,PETR3,17.28,17.16,17.43,17.03,162465120.0
2017-02-22,PETR3,17.13,16.6,17.13,16.48,145333034.0
2017-02-23,PETR3,16.86,16.48,16.98,16.3,144368021.0
2017-02-24,PETR3,16.28,15.96,16.35,15.9,143982951.0
2017-03-01,PETR3,16.37,16.43,16.57,16.3,110702072.0
2017-03-02,PETR3,16.44,15.85,16.44,15.78,166713260.0
2017-03-03,PETR3,15.99,15.95,16.05,15.8,88520661.0
2017-03-06,PETR3,15.87,15.88,16.11,15.74,93725949.0
2017-03-07,PETR3,15.89,15.88,16.18,15.84,107754121.0
2017-03-08,PETR3,15.95,14.9,15.95,14.88,195694150.0
2017-03-09,PETR3,14.74,14.81,14.92,14.43,144882646.0
2017-03-10,PETR3,15.05,14.79,15.23,14.63,154397791.0
2017-03-13,PETR3,14.9,14.93,14.96,14.66,84459334.0
2017-03-14,PETR3,14.73,14.37,14.78,14.1,129929021.0
2017-03-15,PETR3,14.59,14.75,14.76,14.28,233576024.0
2017-03-16,PETR3,14.76,14.38,14.85,14.29,100173271.0
2017-03-17,PETR3,14.54,13.85,14.56,13.72,579527526.0
2017-03-20,PETR3,13.65,14.18,14.24,13.65,134890739.0
2017-03-21,PETR3,14.22,13.7,14.22,13.48,147147846.0
2017-03-22,PETR3,13.81,14.15,14.27,13.75,202086420.0
2017-03-23,PETR3,14.06,14.14,14.44,13.96,148945817.0
2017-03-24,PETR3,14.32,14.17,14.39,13.99,143675462.0
2017-03-27,PETR3,14.02,14.43,14.44,13.69,84985175.0
2017-03-28,PETR3,14.47,14.68,14.69,14.41,183017185.0
2017-03-29,PETR3,14.65,15.16,15.19,14.62,114451304.0
2017-03-30,PETR3,15.28,15.1,15.28,14.99,93458966.0
2017-03-31,PETR3,15.08,15.15,15.34,14.97,83992975.0
2017-04-03,PETR3,15.16,15.32,15.37,15.12,100305053.0
2017-04-04,PETR3,15.25,15.43,15.5,15.13,68296466.0
2017-04-05,PETR3,15.61,15.33,15.75,15.17,177587045.0
2017-04-06,PETR3,15.25,15.28,15.55,15.04,125365168.0
2017-04-07,PETR3,15.38,15.37,15.52,15.24,102772345.0
2017-04-10,PETR3,15.5,15.63,15.65,15.36,139991780.0
2017-04-11,PETR3,15.65,15.25,15.67,15.1,146988309.0
2017-04-12,PETR3,15.2,15.19,15.39,15.14,172489511.0
2017-04-13,PETR3,15.1,14.51,15.19,14.51,80144548.0
2017-04-17,PETR3,14.64,14.65,14.65,14.32,118819262.0
2017-04-18,PETR3,14.58,14.46,14.71,14.35,112367252.0
2017-04-19,PETR3,14.58,14.05,14.63,13.95,114514807.0
2017-04-20,PETR3,14.25,14.27,14.4,14.08,104196740.0
2017-04-24,PETR3,14.52,14.39,14.57,14.25,70479248.0
2017-04-25,PETR3,14.33,14.68,14.71,14.18,101360658.0
2017-04-26,PETR3,14.53,14.42,14.96,14.42,123018750.0
2017-04-27,PETR3,14.45,14.2,14.57,13.98,73709999.0
2017-04-28,PETR3,14.19,14.36,14.64,14.15,77709480.0
2017-05-02,PETR3,14.39,14.36,14.7,14.23,135347000.0
2017-05-03,PETR3,14.44,14.45,14.61,14.28,150423335.0
2017-05-04,PETR3,14.3,14.06,14.45,14.02,208112866.0
2017-05-05,PETR3,14.09,14.81,14.81,14.09,138745790.0
2017-05-08,PETR3,14.71,14.72,15.05,14.62,100168483.0
2017-05-09,PETR3,14.84,14.88,14.95,14.61,94168842.0
2017-05-10,PETR3,15.06,15.35,15.5,15.0,111442983.0
2017-05-11,PETR3,15.43,15.32,15.53,15.25,68181011.0
2017-05-12,PETR3,16.1,15.93,16.16,15.74,238420902.0
2017-05-15,PETR3,16.21,16.19,16.36,16.14,123308608.0
2017-05-16,PETR3,16.34,16.19,16.34,15.95,128774955.0
2017-05-17,PETR3,16.1,16.1,16.27,16.0,90448790.0
2017-05-18,PETR3,12.9,14.27,14.87,12.9,785399863.0
2017-05-19,PETR3,14.71,14.41,14.95,14.41,281239304.0
2017-05-22,PETR3,14.26,14.31,14.45,14.03,201364090.0
2017-05-23,PETR3,14.29,14.42,14.49,14.24,97269731.0
2017-05-24,PETR3,14.63,14.81,14.98,14.48,154180773.0
2017-05-25,PETR3,14.8,14.46,15.17,14.45,102085469.0
2017-05-26,PETR3,14.2,14.55,14.67,14.18,136625383.0
2017-05-29,PETR3,14.69,14.36,14.69,14.36,47674807.0
2017-05-30,PETR3,14.38,14.17,14.49,14.15,81207380.0
2017-05-31,PETR3,14.12,13.62,14.16,13.62,227244127.0
2017-06-01,PETR3,13.83,13.54,14.0,13.54,158681570.0
2017-06-02,PETR3,13.54,13.74,13.79,13.45,59988121.0
2017-06-05,PETR3,13.61,13.98,14.0,13.61,57758255.0
2017-06-06,PETR3,13.97,13.99,14.07,13.75,150374683.0
2017-06-07,PETR3,14.1,13.68,14.16,13.66,104877638.0
2017-06-08,PETR3,13.68,13.7,13.87,13.56,132723089.0
2017-06-09,PETR3,13.73,13.78,13.96,13.7,96602424.0
2017-06-12,PETR3,13.9,13.78,13.93,13.65,125786478.0
2017-06-13,PETR3,13.83,13.87,13.91,13.65,55519383.0
2017-06-14,PETR3,13.86,13.54,13.98,13.48,188634616.0
2017-06-16,PETR3,13.46,13.49,13.55,13.13,416257231.0
2017-06-19,PETR3,13.45,13.33,13.52,13.29,107058211.0
2017-06-20,PETR3,13.16,13.01,13.22,12.81,149072520.0
2017-06-21,PETR3,13.0,12.78,13.24,12.65,77523867.0
2017-06-22,PETR3,12.93,13.05,13.07,12.82,103630390.0
2017-06-23,PETR3,13.1,12.89,13.12,12.81,106460891.0
2017-06-26,PETR3,13.08,13.09,13.2,12.98,76215737.0
2017-06-27,PETR3,13.18,12.99,13.36,12.92,75953865.0
2017-06-28,PETR3,13.01,12.88,13.09,12.75,69890945.0
2017-06-29,PETR3,13.05,13.01,13.13,12.91,52274410.0
2017-06-30,PETR3,13.11,13.2,13.3,12.99,63386023.0
2017-07-03,PETR3,13.25,13.28,13.36,13.07,58603652.0
2017-07-04,PETR3,13.32,13.32,13.35,13.24,18025682.0
2017-07-05,PETR3,13.22,13.06,13.37,13.01,89401089.0
2017-07-06,PETR3,13.16,12.93,13.22,12.82,102206436.0
2017-07-07,PETR3,12.91,12.68,12.94,12.53,96391313.0
2017-07-10,PETR3,12.64,12.7,12.76,12.47,59216867.0
2017-07-11,PETR3,12.74,13.07,13.21,12.61,88956048.0
2017-07-12,PETR3,13.4,13.58,13.62,13.2,205861867.0
2017-07-13,PETR3,13.6,13.55,13.7,13.42,73676800.0
2017-07-14,PETR3,13.57,13.62,13.67,13.49,61517912.0
2017-07-17,PETR3,13.58,13.45,13.64,13.41,52582615.0
2017-07-18,PETR3,13.54,13.6,13.6,13.4,122354500.0
2017-07-19,PETR3,13.68,13.84,13.84,13.58,93172872.0
2017-07-20,PETR3,13.89,13.63,13.94,13.58,69327330.0
2017-07-21,PETR3,13.59,13.29,13.59,13.26,50289631.0
2017-07-24,PETR3,13.41,13.43,13.57,13.37,58328586.0
2017-07-25,PETR3,13.55,13.77,13.83,13.45,72103244.0
2017-07-26,PETR3,13.82,13.54,13.84,13.53,61195339.0
2017-07-27,PETR3,13.65,13.61,13.7,13.51,54974254.0
2017-07-28,PETR3,13.55,13.64,13.73,13.5,61883756.0
2017-07-31,PETR3,13.72,13.8,13.83,13.56,117040794.0
2017-08-01,PETR3,13.72,13.68,13.81,13.56,73693975.0
2017-08-02,PETR3,13.71,14.03,14.19,13.66,110722106.0
2017-08-03,PETR3,14.1,13.82,14.18,13.79,69162093.0
2017-08-04,PETR3,13.9,13.9,13.94,13.73,57280929.0
2017-08-07,PETR3,13.81,14.02,14.05,13.81,88173330.0
2017-08-08,PETR3,14.0,13.9,14.19,13.9,88778088.0
2017-08-09,PETR3,13.9,13.97,14.01,13.8,59479374.0
2017-08-10,PETR3,13.98,13.62,14.09,13.55,71770878.0
2017-08-11,PETR3,13.55,13.51,13.63,13.36,96445581.0
2017-08-14,PETR3,13.5,13.6,13.74,13.4,80715948.0
2017-08-15,PETR3,13.61,13.62,13.78,13.55,75841053.0
2017-08-16,PETR3,13.68,13.58,13.86,13.57,122469789.0
2017-08-17,PETR3,13.58,13.6,13.79,13.53,67243303.0
2017-08-18,PETR3,13.68,14.04,14.07,13.62,128280261.0
2017-08-21,PETR3,14.1,13.8,14.1,13.75,86652111.0
2017-08-22,PETR3,14.15,14.31,14.36,14.07,140450960.0
2017-08-23,PETR3,14.4,14.32,14.43,14.1,78926256.0
2017-08-24,PETR3,14.38,14.4,14.46,14.27,61828355.0
2017-08-25,PETR3,14.42,14.48,14.58,14.42,44152372.0
2017-08-28,PETR3,14.6,14.4,14.63,14.28,112984956.0
2017-08-29,PETR3,14.33,14.3,14.36,14.21,147015726.0
2017-08-30,PETR3,14.26,13.88,14.34,13.85,184155740.0
2017-08-31,PETR3,14.0,13.97,14.2,13.86,503866932.0
2017-09-01,PETR3,14.19,14.6,14.72,14.14,250763130.0
2017-09-04,PETR3,14.59,14.72,14.72,14.5,47147061.0
2017-09-05,PETR3,15.01,14.85,15.15,14.73,161660259.0
2017-09-06,PETR3,15.15,15.5,15.57,15.04,185901271.0
2017-09-08,PETR3,15.61,15.19,15.77,15.1,110849980.0
2017-09-11,PETR3,15.38,15.52,15.55,15.26,115859606.0
2017-09-12,PETR3,15.51,15.4,15.7,15.4,77933150.0
2017-09-13,PETR3,15.48,15.68,15.75,15.38,110732944.0
2017-09-14,PETR3,15.6,15.65,15.94,15.58,85310685.0
2017-09-15,PETR3,15.71,15.58,15.86,15.54,287773315.0
2017-09-18,PETR3,15.62,15.73,15.84,15.53,88949919.0
2017-09-19,PETR3,15.75,15.78,15.83,15.57,71695651.0
2017-09-20,PETR3,15.85,16.38,16.38,15.65,182269504.0
2017-09-21,PETR3,16.32,16.18,16.43,16.05,133940379.0
2017-09-22,PETR3,16.1,16.2,16.31,15.84,77001007.0
2017-09-25,PETR3,16.29,16.32,16.44,16.17,102606797.0
2017-09-26,PETR3,16.33,16.14,16.44,16.14,182041487.0
2017-09-27,PETR3,16.27,15.88,16.3,15.73,137861820.0
2017-09-28,PETR3,15.99,15.91,16.13,15.76,101075249.0
2017-09-29,PETR3,16.07,15.81,16.09,15.81,87800055.0
2017-10-02,PETR3,15.77,15.9,15.9,15.62,84754425.0
2017-10-03,PETR3,16.1,16.64,16.66,16.04,215477726.0
2017-10-04,PETR3,16.5,16.31,16.62,16.24,143369624.0
2017-10-05,PETR3,16.49,16.57,16.79,16.45,145971755.0
2017-10-06,PETR3,16.35,16.37,16.4,16.17,114971130.0
2017-10-09,PETR3,16.26,16.48,16.48,16.2,57924249.0
2017-10-10,PETR3,16.68,16.72,16.76,16.54,102426384.0
2017-10-11,PETR3,16.75,16.64,16.78,16.53,97135237.0
2017-10-13,PETR3,16.7,16.58,16.85,16.54,171382830.0
2017-10-16,PETR3,16.6,16.64,16.81,16.53,90124562.0
2017-10-17,PETR3,16.66,16.61,16.71,16.48,75117533.0
2017-10-18,PETR3,16.67,16.61,16.75,16.56,108370296.0
2017-10-19,PETR3,16.5,16.5,16.55,16.34,81320574.0
2017-10-20,PETR3,16.55,16.55,16.7,16.54,84194844.0
2017-10-23,PETR3,16.63,16.5,16.63,16.48,90534929.0
2017-10-24,PETR3,16.5,16.85,16.89,16.5,141447779.0
2017-10-25,PETR3,16.86,17.02,17.05,16.78,151130185.0
2017-10-26,PETR3,17.02,17.1,17.23,16.97,104541184.0
2017-10-27,PETR3,17.12,17.4,17.61,17.02,136953446.0
2017-10-30,PETR3,17.26,17.35,17.63,17.16,249852051.0
2017-10-31,PETR3,17.42,17.42,17.55,17.28,124872904.0
2017-11-01,PETR3,17.66,17.54,17.78,17.54,165350571.0
2017-11-03,PETR3,17.66,17.71,17.8,17.42,153285866.0
2017-11-06,PETR3,17.8,18.1,18.14,17.7,136081591.0
2017-11-07,PETR3,17.99,17.27,18.06,17.26,253008255.0
2017-11-08,PETR3,17.31,17.74,17.74,17.27,147257882.0
2017-11-09,PETR3,17.57,17.5,17.78,17.5,108874788.0
2017-11-10,PETR3,17.46,17.53,17.61,17.32,101557147.0
2017-11-13,PETR3,17.53,17.48,17.61,17.27,124119413.0
2017-11-14,PETR3,17.28,16.05,17.34,16.0,293223630.0
2017-11-16,PETR3,16.29,16.35,16.52,16.05,149353616.0
2017-11-17,PETR3,16.48,16.52,16.63,16.29,81074062.0
2017-11-21,PETR3,16.62,16.36,16.83,16.29,134244682.0
2017-11-22,PETR3,16.46,16.5,16.74,16.4,131939104.0
2017-11-23,PETR3,16.5,16.64,16.66,16.35,30136093.0
2017-11-24,PETR3,16.74,16.55,16.76,16.48,57721693.0
2017-11-27,PETR3,16.4,16.32,16.5,16.2,75304366.0
2017-11-28,PETR3,16.34,16.28,16.5,16.27,107519671.0
2017-11-29,PETR3,16.28,15.91,16.44,15.8,176814440.0
2017-11-30,PETR3,15.9,15.95,16.06,15.64,328840060.0
2017-12-01,PETR3,15.94,16.11,16.31,15.83,95100117.0
2017-12-04,PETR3,16.12,16.09,16.43,15.91,146941176.0
2017-12-05,PETR3,16.05,15.92,16.43,15.82,113666231.0
2017-12-06,PETR3,15.9,16.0,16.23,15.73,129461382.0
2017-12-07,PETR3,15.81,15.86,16.11,15.5,172173160.0
2017-12-08,PETR3,16.14,15.89,16.28,15.89,126924615.0
2017-12-11,PETR3,15.95,15.97,16.1,15.94,78990113.0
2017-12-12,PETR3,15.98,16.19,16.19,15.83,140121635.0
2017-12-13,PETR3,16.38,15.94,16.49,15.83,251099796.0
2017-12-14,PETR3,15.85,15.81,16.08,15.7,151682482.0
2017-12-15,PETR3,15.81,15.56,16.06,15.56,273745945.0
2017-12-18,PETR3,15.78,15.84,16.03,15.73,193245719.0
2017-12-19,PETR3,15.82,15.76,15.85,15.63,126566295.0
2017-12-20,PETR3,15.8,15.96,16.0,15.77,61266571.0
2017-12-21,PETR3,16.0,16.65,16.65,15.99,98421573.0
2017-12-22,PETR3,16.63,16.59,16.74,16.44,60927266.0
2017-12-26,PETR3,16.5,16.7,16.78,16.5,69752150.0
2017-12-27,PETR3,16.8,16.76,16.98,16.73,69278484.0
2017-12-28,PETR3,16.76,16.91,16.93,16.76,80454650.0
2018-01-02,PETR3,16.99,17.33,17.33,16.98,77288990.0
2018-01-03,PETR3,17.24,17.55,17.67,17.21,170801800.0
2018-01-04,PETR3,17.67,17.7,17.9,17.63,121231140.0
2018-01-05,PETR3,17.69,17.84,17.85,17.6,82678804.0
2018-01-08,PETR3,17.64,18.12,18.12,17.61,85654635.0
2018-01-09,PETR3,18.06,18.12,18.27,18.01,119204411.0
2018-01-10,PETR3,18.0,17.78,18.11,17.76,84624253.0
2018-01-11,PETR3,17.89,18.22,18.27,17.81,182166889.0
2018-01-12,PETR3,18.1,18.36,18.41,18.02,100729899.0
2018-01-15,PETR3,18.31,18.46,18.55,18.31,42641372.0
2018-01-16,PETR3,18.45,18.79,18.93,18.43,134991835.0
2018-01-17,PETR3,18.92,19.47,19.47,18.86,125377231.0
2018-01-18,PETR3,19.47,19.44,19.66,19.13,158021317.0
2018-01-19,PETR3,19.5,19.31,19.62,19.22,79895608.0
2018-01-22,PETR3,19.21,19.51,19.57,19.21,150561398.0
2018-01-23,PETR3,19.4,19.39,19.52,19.14,163277093.0
2018-01-24,PETR3,19.52,20.63,20.95,19.5,491557071.0
2018-01-26,PETR3,21.03,21.71,21.77,20.49,361655039.0
2018-01-29,PETR3,21.42,21.71,21.94,21.16,257761891.0
2018-01-30,PETR3,21.53,21.18,21.59,20.82,422296943.0
2018-01-31,PETR3,21.49,21.3,21.65,21.3,204587544.0
2018-02-01,PETR3,21.3,22.13,22.17,21.21,275593165.0
2018-02-02,PETR3,21.75,21.54,22.12,21.42,147399297.0
2018-02-05,PETR3,21.27,20.57,21.51,20.57,189355921.0
2018-02-06,PETR3,20.09,21.6,21.61,20.05,366072642.0
2018-02-07,PETR3,21.59,20.98,21.84,20.86,224398354.0
2018-02-08,PETR3,21.01,20.35,21.22,20.27,149401588.0
2018-02-09,PETR3,20.38,20.09,20.79,19.67,258726053.0
2018-02-14,PETR3,20.3,20.38,20.59,20.12,210301524.0
2018-02-15,PETR3,20.67,20.73,20.79,20.37,171210813.0
2018-02-16,PETR3,21.0,20.72,21.05,20.61,147322237.0
2018-02-19,PETR3,20.86,21.3,21.34,20.82,62724723.0
2018-02-20,PETR3,21.24,21.68,21.85,21.03,384433474.0
2018-02-21,PETR3,21.68,21.44,22.03,21.44,240528325.0
2018-02-22,PETR3,21.51,22.08,22.26,21.51,184187613.0
2018-02-23,PETR3,22.2,22.65,22.76,22.12,294224626.0
2018-02-26,PETR3,22.98,23.18,23.3,22.86,363254969.0
2018-02-27,PETR3,23.18,23.12,23.61,23.1,228944939.0
2018-02-28,PETR3,23.2,23.15,23.47,22.84,816920098.0
2018-03-01,PETR3,23.05,22.77,23.28,22.5,216932229.0
2018-03-02,PETR3,22.44,23.18,23.2,22.21,196015278.0
2018-03-05,PETR3,23.18,23.84,23.96,23.11,207090163.0
2018-03-06,PETR3,24.11,23.68,24.34,23.6,295852089.0
2018-03-07,PETR3,23.66,23.36,23.71,22.97,234516191.0
2018-03-08,PETR3,23.52,23.39,23.53,23.03,131917632.0
2018-03-09,PETR3,23.47,24.0,24.02,23.23,160862747.0
2018-03-12,PETR3,24.09,23.9,24.21,23.85,116786163.0
2018-03-13,PETR3,24.1,23.67,24.13,23.58,127737958.0
2018-03-14,PETR3,23.9,23.61,23.94,23.51,149601297.0
2018-03-15,PETR3,23.4,23.12,23.63,23.01,451356070.0
2018-03-16,PETR3,23.25,23.37,23.56,23.05,538233011.0
2018-03-19,PETR3,22.95,22.59,23.17,22.59,157217558.0
2018-03-20,PETR3,22.73,22.89,23.14,22.73,143376052.0
2018-03-21,PETR3,22.92,23.76,23.86,22.85,223298842.0
2018-03-22,PETR3,23.66,23.63,23.92,23.37,224149525.0
2018-03-23,PETR3,23.48,23.71,24.08,23.41,195125059.0
2018-03-26,PETR3,24.08,23.91,24.2,23.62,134289649.0
2018-03-27,PETR3,24.0,23.32,24.12,23.18,164450731.0
2018-03-28,PETR3,23.19,23.03,23.36,22.86,101595170.0
2018-03-29,PETR3,23.02,23.36,23.49,23.02,182592835.0
2018-04-02,PETR3,23.17,22.74,23.41,22.56,126525392.0
2018-04-03,PETR3,22.99,22.8,23.09,22.65,118038892.0
2018-04-04,PETR3,22.29,22.72,22.81,22.18,234951329.0
2018-04-05,PETR3,23.31,23.34,23.93,23.28,360251073.0
2018-04-06,PETR3,23.25,23.58,23.58,23.13,186517437.0
2018-04-09,PETR3,23.82,22.9,23.82,22.85,169191132.0
2018-04-10,PETR3,23.22,23.8,23.97,23.17,145588147.0
2018-04-11,PETR3,23.7,24.35,24.44,23.54,147572315.0
2018-04-12,PETR3,24.35,24.39,24.49,24.22,123182228.0
2018-04-13,PETR3,24.3,23.73,24.38,23.63,238360723.0
2018-04-16,PETR3,23.71,22.89,23.74,22.87,235712064.0
2018-04-17,PETR3,23.04,23.31,23.37,22.82,113249393.0
2018-04-18,PETR3,23.67,24.07,24.2,23.29,212524796.0
2018-04-19,PETR3,24.31,24.37,24.65,24.11,178751043.0
2018-04-20,PETR3,24.22,24.43,24.54,23.95,148850618.0
2018-04-23,PETR3,24.25,24.35,24.37,23.82,157172784.0
2018-04-24,PETR3,24.5,24.27,24.65,24.02,160865052.0
2018-04-25,PETR3,23.94,23.5,23.94,23.31,191987120.0
2018-04-26,PETR3,23.84,24.45,24.45,23.74,222651356.0
2018-04-27,PETR3,24.45,24.52,24.8,24.44,124952770.0
2018-04-30,PETR3,24.49,24.63,24.77,24.37,117757916.0
2018-05-02,PETR3,24.15,24.57,24.79,24.11,198877000.0
2018-05-03,PETR3,24.4,24.31,24.55,23.9,240518390.0
2018-05-04,PETR3,24.22,23.89,24.41,23.89,469090229.0
2018-05-07,PETR3,24.12,24.74,25.25,24.11,278740063.0
2018-05-08,PETR3,25.1,24.74,25.27,24.31,319780394.0
2018-05-09,PETR3,25.18,27.22,27.38,25.14,778543446.0
2018-05-10,PETR3,27.65,28.84,29.3,27.43,603516791.0
2018-05-11,PETR3,28.88,28.95,29.85,28.79,476846158.0
2018-05-14,PETR3,29.25,30.15,30.57,29.25,488938839.0
2018-05-15,PETR3,30.26,30.91,30.96,29.92,586018126.0
2018-05-16,PETR3,31.0,31.63,31.8,30.91,347876691.0
2018-05-17,PETR3,31.64,30.21,31.75,29.92,740050109.0
2018-05-18,PETR3,29.51,30.15,30.8,29.23,513222337.0
2018-05-21,PETR3,30.56,29.14,30.81,29.04,453112884.0
2018-05-22,PETR3,29.06,28.42,29.13,28.15,546253230.0
2018-05-23,PETR3,27.99,27.15,28.35,27.15,349798589.0
2018-05-24,PETR3,23.9,23.2,24.42,23.0,859694436.0
2018-05-25,PETR3,23.81,23.03,24.41,22.9,592682979.0
2018-05-28,PETR3,22.3,19.79,22.3,19.73,333223179.0
2018-05-29,PETR3,21.0,22.24,22.65,20.53,691401505.0
2018-05-30,PETR3,21.49,22.19,23.09,21.2,640727661.0
2018-06-01,PETR3,22.6,18.88,22.87,17.25,572690235.0
2018-06-04,PETR3,19.9,19.98,20.61,19.84,427318791.0
2018-06-05,PETR3,19.97,19.38,20.34,19.31,257141976.0
2018-06-06,PETR3,19.2,19.27,19.52,18.81,333952114.0
2018-06-07,PETR3,18.99,18.92,19.19,18.24,536896567.0
2018-06-08,PETR3,18.79,18.0,19.19,17.87,405358395.0
2018-06-11,PETR3,18.3,18.39,18.59,17.91,239851774.0
2018-06-12,PETR3,18.34,18.24,18.58,18.08,249733805.0
2018-06-13,PETR3,18.27,17.99,18.29,17.38,243147499.0
2018-06-14,PETR3,18.2,17.98,18.27,17.76,239713159.0
2018-06-15,PETR3,17.95,17.8,17.97,17.23,425836189.0
2018-06-18,PETR3,17.54,17.21,17.63,17.21,184662347.0
2018-06-19,PETR3,16.98,17.85,18.32,16.9,419912007.0
2018-06-20,PETR3,18.34,18.58,18.9,18.2,292229671.0
2018-06-21,PETR3,18.52,17.65,18.74,17.53,220058937.0
2018-06-22,PETR3,17.71,17.76,18.15,17.55,128950483.0
2018-06-25,PETR3,17.87,18.09,18.21,17.56,171593666.0
2018-06-26,PETR3,18.31,18.52,18.53,17.86,160696268.0
2018-06-27,PETR3,18.59,19.02,19.4,18.37,234429786.0
2018-06-28,PETR3,19.14,18.91,19.28,18.71,259395153.0
2018-06-29,PETR3,19.0,19.42,19.53,18.99,186026831.0
2018-07-02,PETR3,19.1,19.68,19.71,19.1,297545112.0
2018-07-03,PETR3,19.86,19.75,20.21,19.67,158903429.0
2018-07-04,PETR3,19.5,20.71,20.8,19.4,104946995.0
2018-07-05,PETR3,20.81,20.09,20.99,19.72,267831040.0
2018-07-06,PETR3,20.09,20.22,20.39,19.87,93562553.0
2018-07-10,PETR3,20.56,20.19,20.76,19.98,153172400.0
2018-07-11,PETR3,19.92,20.02,20.71,19.85,243116474.0
2018-07-12,PETR3,20.09,20.6,20.67,20.07,165862412.0
2018-07-13,PETR3,20.61,20.58,20.68,20.37,158994064.0
2018-07-16,PETR3,20.53,20.38,20.59,20.0,149084729.0
2018-07-17,PETR3,20.25,21.06,21.11,20.25,141565618.0
2018-07-18,PETR3,21.0,20.65,21.15,20.5,162715689.0
2018-07-19,PETR3,20.45,20.89,20.89,20.32,127317300.0
2018-07-20,PETR3,21.58,21.42,21.78,21.21,487817394.0
2018-07-23,PETR3,21.55,21.52,21.65,21.21,84774044.0
2018-07-24,PETR3,21.68,21.9,22.21,21.61,134456301.0
2018-07-25,PETR3,22.12,22.18,22.19,21.78,145427953.0
2018-07-26,PETR3,22.01,21.62,22.09,21.56,141431383.0
2018-07-27,PETR3,21.66,22.1,22.21,21.66,99012392.0
2018-07-30,PETR3,22.2,22.06,22.39,21.77,174499173.0
2018-07-31,PETR3,21.87,21.94,22.1,21.48,104597034.0
2018-08-01,PETR3,21.81,22.07,22.07,21.68,112006994.0
2018-08-02,PETR3,22.03,22.44,22.73,21.96,168201411.0
2018-08-03,PETR3,23.25,23.22,23.84,23.1,290531283.0
2018-08-06,PETR3,23.23,23.3,23.64,23.18,84988568.0
2018-08-07,PETR3,23.6,23.21,23.64,22.92,266703046.0
2018-08-08,PETR3,23.25,22.74,23.48,22.71,200022221.0
2018-08-09,PETR3,22.85,22.76,22.97,22.34,180133779.0
2018-08-10,PETR3,22.43,22.16,22.59,22.03,248845080.0
2018-08-13,PETR3,22.06,22.4,22.51,21.88,201822454.0
2018-08-14,PETR3,22.64,22.26,22.72,22.11,121082747.0
2018-08-15,PETR3,21.96,21.38,22.01,21.38,259735284.0
2018-08-16,PETR3,21.55,21.29,21.64,21.12,128235839.0
2018-08-17,PETR3,21.27,20.95,21.27,20.87,211988527.0
2018-08-20,PETR3,20.86,21.0,21.03,20.66,157850174.0
2018-08-21,PETR3,20.89,20.65,21.16,20.48,286013905.0
2018-08-22,PETR3,20.49,21.26,21.33,20.49,214787046.0
2018-08-23,PETR3,21.43,20.97,21.43,20.88,164606307.0
2018-08-24,PETR3,21.3,21.09,21.48,20.93,137359280.0
2018-08-27,PETR3,21.27,21.45,21.46,21.01,130332371.0
2018-08-28,PETR3,21.35,21.24,21.63,21.21,145951627.0
2018-08-29,PETR3,21.39,22.17,22.36,21.39,292775053.0
2018-08-30,PETR3,22.09,21.68,22.49,21.54,234452109.0
2018-08-31,PETR3,21.74,22.08,22.27,21.74,451290635.0
2018-09-03,PETR3,21.98,21.75,21.98,21.48,80673055.0
2018-09-04,PETR3,21.82,21.52,21.97,21.52,182824283.0
2018-09-05,PETR3,21.52,21.73,21.9,21.19,217408555.0
2018-09-06,PETR3,22.03,21.92,22.16,21.55,169159734.0
2018-09-10,PETR3,22.3,22.2,22.65,22.09,234847493.0
2018-09-11,PETR3,21.75,21.58,22.0,21.46,379646924.0
2018-09-12,PETR3,21.84,22.16,22.37,21.71,200521805.0
2018-09-13,PETR3,22.21,21.85,22.3,21.78,143182629.0
2018-09-14,PETR3,21.89,22.0,22.16,21.64,168245297.0
2018-09-17,PETR3,21.95,22.47,22.55,21.85,165675354.0
2018-09-18,PETR3,22.42,23.28,23.32,22.4,209698062.0
2018-09-19,PETR3,23.0,23.15,23.48,22.88,170438063.0
2018-09-20,PETR3,23.45,22.99,23.52,22.87,110605940.0
2018-09-21,PETR3,23.29,23.27,23.49,23.07,323264299.0
2018-09-24,PETR3,23.3,23.15,23.7,23.13,132847997.0
2018-09-25,PETR3,22.74,23.27,23.4,22.74,160086268.0
2018-09-26,PETR3,23.42,23.36,23.59,23.09,173456716.0
2018-09-27,PETR3,23.48,24.5,24.5,23.48,383855591.0
2018-09-28,PETR3,24.24,24.23,24.92,24.07,268677562.0
2018-10-01,PETR3,24.33,24.18,24.57,23.86,135862065.0
2018-10-02,PETR3,25.15,25.81,25.97,25.03,654156184.0
2018-10-03,PETR3,28.0,26.48,28.5,26.22,738888147.0
2018-10-04,PETR3,26.3,26.76,27.3,25.92,356202717.0
2018-10-05,PETR3,27.1,26.66,27.42,26.48,335919664.0
2018-10-08,PETR3,29.73,29.19,29.88,28.34,957801298.0
2018-10-09,PETR3,29.0,29.73,29.81,28.65,445409178.0
2018-10-10,PETR3,29.35,28.63,29.54,28.38,296690739.0
2018-10-11,PETR3,28.92,28.1,29.21,27.88,414935441.0
2018-10-15,PETR3,28.8,28.75,29.06,28.36,424291856.0
2018-10-16,PETR3,29.13,29.8,29.8,29.12,262882883.0
2018-10-17,PETR3,29.52,29.6,29.72,29.29,260600281.0
2018-10-18,PETR3,29.4,28.65,29.5,28.6,210313308.0
2018-10-19,PETR3,29.18,28.94,29.18,28.69,183407130.0
2018-10-22,PETR3,29.2,29.72,29.75,29.04,200225326.0
2018-10-23,PETR3,29.24,29.16,29.42,28.76,283558284.0
2018-10-24,PETR3,29.25,28.32,29.75,28.32,319657249.0
2018-10-25,PETR3,28.8,28.91,29.3,28.23,331275374.0
2018-10-26,PETR3,29.16,30.0,30.0,28.52,530268813.0
2018-10-29,PETR3,31.09,28.92,31.26,28.58,772852856.0
2018-10-30,PETR3,29.22,30.52,30.52,28.89,665927555.0
2018-10-31,PETR3,30.77,30.32,31.0,29.76,442687110.0
2018-11-01,PETR3,30.38,29.77,30.58,29.52,321416461.0
2018-11-05,PETR3,29.9,30.65,30.65,29.77,274099842.0
2018-11-06,PETR3,29.96,29.86,30.94,29.54,314969563.0
2018-11-07,PETR3,30.35,29.2,30.36,28.93,355110909.0
2018-11-08,PETR3,29.7,28.24,29.93,28.24,270334670.0
2018-11-09,PETR3,28.11,28.13,28.5,27.33,249710561.0
2018-11-12,PETR3,28.17,27.99,28.61,27.93,233870434.0
2018-11-13,PETR3,27.99,26.7,28.0,26.44,272602318.0
2018-11-14,PETR3,26.7,27.19,27.35,26.37,313030925.0
2018-11-16,PETR3,27.5,28.05,28.1,27.29,302983897.0
2018-11-19,PETR3,27.83,28.03,28.5,27.53,225428354.0
2018-11-21,PETR3,27.06,27.38,27.5,26.7,328061557.0
2018-11-22,PETR3,27.53,27.33,27.53,27.05,118934755.0
2018-11-23,PETR3,27.05,26.69,27.06,26.04,499748479.0
2018-11-26,PETR3,27.18,27.1,27.41,26.65,526153191.0
2018-11-27,PETR3,27.06,28.02,28.21,26.97,413872614.0
2018-11-28,PETR3,28.06,27.67,28.37,27.17,541331149.0
2018-11-29,PETR3,27.19,27.85,27.99,27.09,254365350.0
2018-11-30,PETR3,27.51,28.13,28.35,27.5,329330019.0
2018-12-03,PETR3,29.0,28.93,29.38,28.71,626714608.0
2018-12-04,PETR3,29.0,28.42,29.4,28.23,395509430.0
2018-12-05,PETR3,28.41,28.59,28.68,27.96,124572957.0
2018-12-06,PETR3,28.02,27.4,28.1,27.05,315470585.0
2018-12-07,PETR3,27.45,27.85,28.58,27.2,384958965.0
2018-12-10,PETR3,27.85,26.47,27.85,26.47,322846733.0
2018-12-11,PETR3,27.09,26.3,27.14,26.04,314708605.0
2018-12-12,PETR3,26.9,26.39,26.94,26.27,286512202.0
2018-12-13,PETR3,26.21,26.53,26.61,26.06,139390385.0
2018-12-14,PETR3,26.1,26.33,26.66,26.09,170482480.0
2018-12-17,PETR3,26.41,26.05,26.62,26.01,180502738.0
2018-12-18,PETR3,26.04,25.17,26.04,25.17,246259199.0
2018-12-19,PETR3,25.4,24.76,25.79,24.44,759333678.0
2018-12-20,PETR3,24.71,24.16,24.91,24.03,315513129.0
2018-12-21,PETR3,24.14,24.18,24.85,23.86,448441960.0
2018-12-26,PETR3,23.62,24.58,24.58,23.33,308419147.0
2018-12-27,PETR3,24.56,24.44,24.88,24.14,258316970.0
2018-12-28,PETR3,24.78,25.4,25.64,24.77,241427221.0
2019-01-02,PETR3,25.41,26.65,26.95,25.1,387436832.0
2019-01-03,PETR3,26.65,27.2,27.43,26.28,343019795.0
2019-01-04,PETR3,27.24,27.51,27.56,27.07,296922901.0
2019-01-07,PETR3,27.56,28.4,29.1,27.55,459081028.0
2019-01-08,PETR3,28.65,28.25,28.77,28.11,357334823.0
2019-01-09,PETR3,28.51,28.82,28.98,28.51,268408406.0
2019-01-10,PETR3,28.73,28.68,28.78,28.35,219629742.0
2019-01-11,PETR3,28.59,28.5,28.59,28.25,184408565.0
2019-01-14,PETR3,28.28,28.4,28.7,28.11,177612925.0
2019-01-15,PETR3,28.35,28.31,28.7,28.16,180403838.0
2019-01-16,PETR3,28.3,28.54,28.54,28.09,182349103.0
2019-01-17,PETR3,28.4,28.78,29.0,28.25,184271099.0
2019-01-18,PETR3,28.99,29.15,29.3,28.85,237611842.0
2019-01-21,PETR3,28.93,29.29,29.3,28.73,113503629.0
2019-01-22,PETR3,29.17,28.85,29.2,28.67,193489232.0
2019-01-23,PETR3,29.0,29.15,29.37,28.89,177366293.0
2019-01-24,PETR3,29.15,29.46,29.46,28.97,205728737.0
2019-01-28,PETR3,29.42,28.42,29.72,28.32,492872304.0
2019-01-29,PETR3,28.71,29.04,29.4,28.71,213076271.0
2019-01-30,PETR3,29.4,29.44,29.7,29.25,256017620.0
2019-01-31,PETR3,29.7,29.55,29.97,29.53,360869384.0
2019-02-01,PETR3,29.47,30.02,30.05,29.3,220237707.0
2019-02-04,PETR3,29.81,30.36,30.52,29.77,316328108.0
2019-02-05,PETR3,30.36,30.55,30.72,30.1,161740766.0
2019-02-06,PETR3,30.26,30.01,30.48,29.93,268891053.0
2019-02-07,PETR3,30.12,29.48,30.59,29.17,282115085.0
2019-02-08,PETR3,29.16,29.27,29.6,28.88,241487414.0
2019-02-11,PETR3,29.25,28.9,29.28,28.76,131356984.0
2019-02-12,PETR3,29.5,29.94,30.04,29.5,296517477.0
2019-02-13,PETR3,30.23,30.65,30.82,30.05,345619284.0
2019-02-14,PETR3,30.67,31.29,31.34,30.56,261279835.0
2019-02-15,PETR3,31.1,31.05,31.44,30.89,201250354.0
2019-02-18,PETR3,30.81,30.69,30.98,30.59,131221451.0
2019-02-19,PETR3,30.86,31.26,31.5,30.78,234554130.0
2019-02-20,PETR3,31.35,31.26,31.74,30.87,349750213.0
2019-02-21,PETR3,31.45,31.43,31.61,31.0,190492914.0
2019-02-22,PETR3,31.7,31.25,31.79,30.98,222899422.0
2019-02-25,PETR3,31.11,30.5,31.2,30.45,271300614.0
2019-02-26,PETR3,30.55,30.51,31.09,30.35,239516046.0
2019-02-27,PETR3,30.73,30.67,31.09,30.42,299754705.0
2019-02-28,PETR3,31.2,29.86,31.25,29.27,925310463.0
2019-03-01,PETR3,29.92,29.2,30.07,29.2,216723795.0
2019-03-06,PETR3,28.85,29.48,29.48,28.85,167959645.0
2019-03-07,PETR3,29.65,29.22,29.65,29.16,189382795.0
2019-03-08,PETR3,28.85,29.0,29.12,28.54,281836065.0
2019-03-11,PETR3,29.38,30.64,30.73,29.02,415538522.0
2019-03-12,PETR3,30.63,30.13,30.86,30.13,254352551.0
2019-03-13,PETR3,30.27,30.94,31.25,30.11,404045720.0
2019-03-14,PETR3,31.0,31.29,31.49,31.0,328213702.0
2019-03-15,PETR3,31.28,31.62,31.77,31.2,536406892.0
2019-03-18,PETR3,31.66,32.26,32.48,31.64,399560323.0
2019-03-19,PETR3,32.49,32.77,33.25,32.38,399762014.0
2019-03-20,PETR3,32.69,32.97,33.7,32.65,438579493.0
2019-03-21,PETR3,32.7,32.31,32.93,31.77,606780167.0
2019-03-22,PETR3,31.66,30.77,31.9,30.77,614656004.0
2019-03-25,PETR3,30.61,30.65,31.16,30.38,390050921.0
2019-03-26,PETR3,31.0,31.93,31.93,30.98,433040104.0
2019-03-27,PETR3,31.35,30.45,31.45,30.45,379765888.0
2019-03-28,PETR3,30.31,30.96,31.17,30.06,393681871.0
2019-03-29,PETR3,31.33,31.15,31.57,30.95,278528159.0
2019-04-01,PETR3,31.42,30.87,31.59,30.73,391270329.0
2019-04-02,PETR3,31.01,31.0,31.26,30.51,239270802.0
2019-04-03,PETR3,31.13,30.35,31.26,30.35,384435477.0
2019-04-04,PETR3,30.68,31.35,31.41,30.25,307248257.0
2019-04-05,PETR3,31.45,32.05,32.16,31.07,314796884.0
2019-04-08,PETR3,32.18,32.74,33.05,32.18,230939518.0
2019-04-09,PETR3,32.67,32.45,32.76,32.14,233303605.0
2019-04-10,PETR3,32.93,32.27,33.0,32.23,184450479.0
2019-04-11,PETR3,32.19,31.85,32.28,31.58,287714964.0
2019-04-12,PETR3,30.29,29.13,30.52,29.01,711922555.0
2019-04-15,PETR3,29.8,29.11,29.8,28.89,366633720.0
2019-04-16,PETR3,29.2,30.15,30.37,28.92,337939244.0
2019-04-17,PETR3,30.35,30.18,30.62,29.61,515831154.0
2019-04-18,PETR3,30.65,30.76,31.19,30.48,491248427.0
2019-04-22,PETR3,30.81,30.87,31.22,30.65,275919826.0
2019-04-23,PETR3,31.2,31.12,31.49,30.95,194761937.0
2019-04-24,PETR3,31.12,30.58,31.29,30.2,228202720.0
2019-04-25,PETR3,30.34,30.66,31.04,30.31,237104522.0
2019-04-26,PETR3,30.56,30.39,30.68,30.04,175248218.0
2019-04-29,PETR3,30.78,30.25,30.78,30.25,165106631.0
2019-04-30,PETR3,30.37,29.96,30.68,29.84,496354681.0
2019-05-02,PETR3,29.7,29.51,29.81,29.31,207656564.0
2019-05-03,PETR3,29.85,29.56,30.02,29.56,163372419.0
2019-05-06,PETR3,29.24,29.54,29.54,29.07,161361226.0
2019-05-07,PETR3,29.25,29.22,29.36,28.75,392805344.0
2019-05-08,PETR3,29.28,30.22,30.47,29.12,351798140.0
2019-05-09,PETR3,29.75,29.36,29.81,29.22,346790192.0
2019-05-10,PETR3,29.37,29.35,29.42,28.8,198787122.0
2019-05-13,PETR3,28.71,28.51,29.05,28.4,286993998.0
2019-05-14,PETR3,28.69,28.52,28.83,28.4,162031287.0
2019-05-15,PETR3,28.11,28.32,28.39,28.04,296000710.0
2019-05-16,PETR3,28.17,27.78,28.71,27.78,298045372.0
2019-05-17,PETR3,27.53,27.56,28.18,27.43,375673961.0
2019-05-20,PETR3,27.64,28.07,28.11,27.41,149776921.0
2019-05-21,PETR3,28.25,28.8,28.8,28.01,234385003.0
2019-05-22,PETR3,28.77,28.77,28.9,28.24,181988071.0
2019-05-23,PETR3,28.47,28.27,28.54,27.77,192716862.0
2019-05-24,PETR3,28.57,28.33,28.73,28.27,129869502.0
2019-05-27,PETR3,28.55,28.74,28.92,28.52,92687304.0
2019-05-28,PETR3,28.61,29.13,29.13,28.48,446051026.0
2019-05-29,PETR3,28.86,28.9,29.13,28.5,184510891.0
2019-05-30,PETR3,28.95,28.85,29.34,28.69,293362892.0
2019-05-31,PETR3,28.62,28.23,28.98,28.22,306509183.0
2019-06-03,PETR3,28.5,28.85,29.22,28.47,326099944.0
2019-06-04,PETR3,29.3,29.02,29.3,28.78,183844258.0
2019-06-05,PETR3,29.08,28.61,29.17,28.24,187189229.0
2019-06-06,PETR3,29.0,29.06,29.38,28.52,170646020.0
2019-06-07,PETR3,29.49,29.85,29.91,29.17,353910812.0
2019-06-10,PETR3,29.7,29.35,29.85,29.2,346644935.0
2019-06-11,PETR3,29.48,29.95,30.1,29.41,409469140.0
2019-06-12,PETR3,29.75,29.51,29.89,29.27,246087954.0
2019-06-13,PETR3,30.0,29.91,30.19,29.8,222325508.0
2019-06-14,PETR3,29.65,30.19,30.19,29.65,457916486.0
2019-06-17,PETR3,30.2,30.15,30.55,29.92,176778197.0
2019-06-18,PETR3,30.44,30.61,30.72,30.27,215857058.0
2019-06-19,PETR3,30.5,30.84,30.84,30.39,253571497.0
2019-06-21,PETR3,31.11,31.79,32.03,31.11,490678859.0
2019-06-24,PETR3,31.88,31.66,32.0,31.59,277415302.0
2019-06-25,PETR3,31.5,30.7,31.54,30.58,471947510.0
2019-06-26,PETR3,30.31,30.55,30.92,30.25,2070631550.0
2019-06-27,PETR3,30.26,29.89,30.39,29.58,1219360684.0
2019-06-28,PETR3,30.11,30.02,30.45,29.71,457659671.0
2019-07-01,PETR3,30.44,29.92,30.65,29.8,595956640.0
2019-07-02,PETR3,29.86,29.47,30.0,29.2,579843417.0
2019-07-03,PETR3,29.61,29.77,29.88,29.42,238213833.0
2019-07-04,PETR3,30.0,30.16,30.36,30.0,192892176.0
2019-07-05,PETR3,30.02,30.03,30.3,29.82,281672936.0
2019-07-08,PETR3,30.08,30.61,30.61,30.01,262541999.0
2019-07-10,PETR3,30.81,30.72,30.98,30.6,684582961.0
2019-07-11,PETR3,30.83,31.3,31.4,30.73,422453895.0
2019-07-12,PETR3,31.38,31.5,31.67,31.24,316291667.0
2019-07-15,PETR3,31.61,30.97,31.61,30.96,200996787.0
2019-07-16,PETR3,30.89,30.6,31.15,30.4,234033059.0
2019-07-17,PETR3,30.71,30.4,30.72,30.25,196659904.0
2019-07-18,PETR3,30.5,30.07,30.5,29.91,268954478.0
2019-07-19,PETR3,30.09,30.06,30.19,29.84,225762152.0
2019-07-22,PETR3,30.2,30.1,30.32,29.91,135992586.0
2019-07-23,PETR3,30.14,30.25,30.38,29.96,270376096.0
2019-07-24,PETR3,30.29,30.0,30.49,29.95,227062805.0
2019-07-25,PETR3,30.11,29.46,30.2,29.32,176226843.0
2019-07-26,PETR3,29.39,28.54,29.39,28.41,362310829.0
2019-07-29,PETR3,28.54,28.89,28.92,28.35,177590486.0
2019-07-30,PETR3,28.69,28.7,29.05,28.56,188758466.0
2019-07-31,PETR3,29.0,28.79,29.01,28.46,240598053.0
2019-08-01,PETR3,29.04,28.35,29.2,27.86,333617340.0
2019-08-02,PETR3,29.19,29.21,29.74,28.89,389909554.0
2019-08-05,PETR3,28.59,28.0,28.68,27.93,343681426.0
2019-08-06,PETR3,28.41,28.47,28.72,28.23,325486418.0
2019-08-07,PETR3,28.02,28.2,28.32,27.46,536255332.0
2019-08-08,PETR3,28.77,28.87,28.87,28.34,231171784.0
2019-08-09,PETR3,28.84,28.62,29.15,28.58,161066394.0
2019-08-12,PETR3,28.31,27.85,28.36,27.78,187137829.0
2019-08-13,PETR3,27.51,27.96,28.28,27.29,291405039.0
2019-08-14,PETR3,27.5,27.1,27.62,26.95,401114783.0
2019-08-15,PETR3,27.13,26.5,27.2,26.31,323086619.0
2019-08-16,PETR3,27.01,26.38,27.06,26.22,290808994.0
2019-08-19,PETR3,26.78,26.74,27.02,26.5,265773277.0
2019-08-20,PETR3,26.76,26.49,26.86,26.32,176768756.0
2019-08-21,PETR3,26.89,27.9,28.46,26.7,507241946.0
2019-08-22,PETR3,28.01,27.63,28.26,27.53,291910831.0
2019-08-23,PETR3,27.24,26.76,27.67,26.64,250820375.0
2019-08-26,PETR3,26.89,26.41,27.09,26.33,306086499.0
2019-08-27,PETR3,26.76,26.91,27.28,26.44,397380745.0
2019-08-28,PETR3,26.8,27.1,27.35,26.8,170879523.0
2019-08-29,PETR3,27.4,28.12,28.12,27.3,220732327.0
2019-08-30,PETR3,28.17,28.27,28.34,27.76,344244646.0
2019-09-02,PETR3,28.05,27.97,28.36,27.97,122376633.0
2019-09-03,PETR3,27.66,28.11,28.25,27.61,280492767.0
2019-09-04,PETR3,28.54,28.82,28.98,28.52,201897497.0
2019-09-05,PETR3,29.02,29.0,29.42,28.94,200902502.0
2019-09-06,PETR3,29.04,29.19,29.43,28.8,141868924.0
2019-09-09,PETR3,29.49,29.77,29.9,29.25,190292217.0
2019-09-10,PETR3,29.94,30.0,30.3,29.65,240578442.0
2019-09-11,PETR3,30.2,29.47,30.28,29.46,302217569.0
2019-09-12,PETR3,29.55,29.83,29.98,29.25,268374091.0
2019-09-13,PETR3,29.91,29.66,30.14,29.66,115778655.0
2019-09-16,PETR3,31.15,31.0,31.3,30.51,436050175.0
2019-09-17,PETR3,30.59,30.52,30.72,29.99,228125731.0
2019-09-18,PETR3,30.2,30.02,30.35,30.02,151374498.0
2019-09-19,PETR3,30.7,30.24,30.77,30.23,173019553.0
2019-09-20,PETR3,30.42,30.32,30.44,30.08,513827346.0
2019-09-23,PETR3,30.18,30.45,30.63,30.1,175182897.0
2019-09-24,PETR3,30.42,30.06,30.51,29.99,135968518.0
2019-09-25,PETR3,29.95,30.1,30.13,29.56,134163655.0
2019-09-26,PETR3,30.11,30.35,30.46,30.0,138293615.0
2019-09-27,PETR3,30.3,30.42,30.87,30.23,215134394.0
2019-09-30,PETR3,30.44,30.15,30.44,30.15,161606009.0
2019-10-01,PETR3,30.16,29.98,30.41,29.84,248646636.0
2019-10-02,PETR3,29.62,28.9,29.77,28.8,254480105.0
2019-10-03,PETR3,29.02,29.12,29.12,28.24,217707113.0
2019-10-04,PETR3,29.11,28.85,29.25,28.41,266235266.0
2019-10-07,PETR3,28.63,28.4,28.9,28.05,198895747.0
2019-10-08,PETR3,28.34,28.22,28.73,28.2,209952439.0
2019-10-09,PETR3,28.52,28.93,29.1,28.41,213309098.0
2019-10-10,PETR3,28.95,29.07,29.37,28.84,161411567.0
2019-10-11,PETR3,29.3,29.5,29.81,29.28,226220885.0
2019-10-14,PETR3,29.5,29.67,29.73,29.16,118551479.0
2019-10-15,PETR3,29.7,30.07,30.3,29.66,215956499.0
2019-10-16,PETR3,30.17,30.49,30.51,29.82,260598836.0
2019-10-17,PETR3,30.29,30.2,30.56,29.97,183930719.0
2019-10-18,PETR3,30.31,29.95,30.57,29.92,234523340.0
2019-10-21,PETR3,30.01,30.35,30.35,29.97,166321916.0
2019-10-22,PETR3,30.33,31.28,31.45,30.33,367994776.0
2019-10-23,PETR3,31.21,31.43,31.64,31.13,237388333.0
2019-10-24,PETR3,31.53,30.81,31.73,30.63,364993616.0
2019-10-25,PETR3,31.69,31.71,32.28,31.53,429248223.0
2019-10-28,PETR3,31.7,31.95,32.13,31.56,167801882.0
2019-10-29,PETR3,31.81,32.24,32.46,31.66,297140541.0
2019-10-30,PETR3,32.15,32.63,32.63,31.85,310228417.0
2019-10-31,PETR3,32.4,32.7,32.77,32.03,384446954.0
2019-11-01,PETR3,32.8,32.74,33.51,32.29,525099072.0
2019-11-04,PETR3,33.0,32.97,33.46,32.53,683643486.0
2019-11-05,PETR3,32.97,32.55,33.3,32.4,558482571.0
2019-11-06,PETR3,32.92,32.41,33.65,30.82,613313593.0
2019-11-07,PETR3,32.7,33.45,33.62,32.28,431580877.0
2019-11-08,PETR3,32.93,32.91,33.49,32.78,523396369.0
2019-11-11,PETR3,32.59,33.14,33.25,32.55,233268698.0
2019-11-12,PETR3,32.66,32.52,33.29,32.52,309363054.0
2019-11-13,PETR3,32.52,32.4,32.65,32.1,274220676.0
2019-11-14,PETR3,32.5,31.71,32.51,31.59,255751599.0
2019-11-18,PETR3,32.25,31.7,32.25,31.67,292259268.0
2019-11-19,PETR3,31.85,31.25,32.05,31.13,154952466.0
2019-11-21,PETR3,31.38,32.08,32.08,31.21,459924942.0
2019-11-22,PETR3,32.0,32.22,32.57,31.77,274144943.0
2019-11-25,PETR3,32.15,32.02,32.29,31.86,213395177.0
2019-11-26,PETR3,32.02,31.39,32.09,31.13,465884225.0
2019-11-27,PETR3,31.42,31.45,31.74,31.2,187902854.0
2019-11-28,PETR3,31.5,31.59,31.6,30.98,159480203.0
2019-11-29,PETR3,31.59,31.2,31.65,31.06,163175351.0
2019-12-02,PETR3,31.47,31.16,31.62,31.05,211979228.0
2019-12-03,PETR3,31.28,31.07,31.29,30.67,162060971.0
2019-12-04,PETR3,31.25,31.45,31.45,31.08,219417427.0
2019-12-05,PETR3,31.51,31.86,32.25,31.33,247455307.0
2019-12-06,PETR3,32.0,32.07,32.57,31.9,226874136.0
2019-12-09,PETR3,32.1,32.23,32.34,31.81,220456386.0
2019-12-10,PETR3,32.15,32.43,32.45,31.92,157873130.0
2019-12-11,PETR3,32.56,32.44,32.61,32.18,241825934.0
2019-12-12,PETR3,32.61,32.87,32.98,32.38,173416342.0
2019-12-13,PETR3,32.9,31.33,32.9,31.21,1145467001.0
2019-12-16,PETR3,31.48,31.09,31.75,30.93,535804980.0
2019-12-17,PETR3,31.1,31.52,31.64,31.1,323016937.0
2019-12-18,PETR3,31.38,32.35,32.4,31.36,801858546.0
2019-12-19,PETR3,32.14,32.3,32.41,32.07,399979544.0
2019-12-20,PETR3,32.3,31.93,32.31,31.73,671201881.0
2019-12-23,PETR3,31.96,32.4,32.4,31.83,259860506.0
2019-12-26,PETR3,32.4,32.69,32.69,32.39,176529115.0
2019-12-27,PETR3,32.81,32.17,32.97,32.17,187861216.0
2019-12-30,PETR3,32.38,32.0,32.59,31.91,166913217.0
2020-01-02,PETR3,32.31,32.8,32.8,32.1,216655522.0
2020-01-03,PETR3,33.0,31.99,33.23,31.99,657177553.0
2020-01-06,PETR3,32.0,33.03,33.12,31.78,575269428.0
2020-01-07,PETR3,32.99,32.58,33.03,32.41,178740507.0
2020-01-08,PETR3,32.7,32.05,32.75,31.79,321310622.0
2020-01-09,PETR3,32.1,32.23,32.36,31.83,495553219.0
2020-01-10,PETR3,32.26,32.1,32.31,31.97,124398095.0
2020-01-13,PETR3,32.15,32.09,32.26,31.89,213685654.0
2020-01-14,PETR3,31.96,31.83,32.14,31.45,214214909.0
2020-01-15,PETR3,31.6,31.12,31.67,31.1,222478190.0
2020-01-16,PETR3,31.2,31.22,31.33,30.93,207112602.0
2020-01-17,PETR3,31.3,31.85,31.85,31.3,436811845.0
2020-01-20,PETR3,31.7,31.98,32.14,31.52,163736706.0
2020-01-21,PETR3,31.72,31.02,31.84,31.02,240845899.0
2020-01-22,PETR3,31.1,31.02,31.21,30.85,368544095.0
2020-01-23,PETR3,30.8,31.23,31.25,30.19,460490180.0
2020-01-24,PETR3,31.11,31.11,31.32,30.53,745036997.0
2020-01-27,PETR3,30.23,29.8,30.32,29.52,360586820.0
2020-01-28,PETR3,30.19,30.5,30.89,30.12,500744515.0
2020-01-29,PETR3,30.6,30.36,30.92,30.31,444844036.0
2020-01-30,PETR3,29.82,30.99,30.99,29.77,412133141.0
2020-01-31,PETR3,30.53,30.35,30.74,30.08,366453257.0
2020-02-03,PETR3,30.36,30.01,30.61,30.01,266266545.0
2020-02-04,PETR3,30.51,30.75,31.24,30.43,578672270.0
2020-02-05,PETR3,31.27,30.48,31.41,30.48,1019454820.0
2020-02-06,PETR3,30.9,31.3,31.99,30.55,2873696991.0
2020-02-07,PETR3,31.05,31.46,31.89,30.92,1912944007.0
2020-02-10,PETR3,31.46,31.58,31.67,30.86,4318597583.0
2020-02-11,PETR3,31.76,32.01,32.26,31.57,1446111823.0
2020-02-12,PETR3,32.36,32.55,32.68,32.06,1261048562.0
2020-02-13,PETR3,32.15,31.93,32.54,31.71,558132102.0
2020-02-14,PETR3,32.05,31.62,32.12,31.49,429052488.0
2020-02-17,PETR3,31.84,31.7,31.93,31.5,274973936.0
2020-02-18,PETR3,31.33,31.94,32.05,31.08,419888068.0
2020-02-19,PETR3,31.99,32.57,32.65,31.9,378316367.0
2020-02-20,PETR3,32.87,31.75,33.0,31.64,737431378.0
2020-02-21,PETR3,31.51,30.85,31.51,30.56,582556565.0
2020-02-26,PETR3,28.71,27.78,28.79,27.67,1072233069.0
2020-02-27,PETR3,27.41,26.83,28.04,26.29,1090106358.0
2020-02-28,PETR3,26.61,27.15,27.15,25.92,1026120192.0
2020-03-02,PETR3,27.15,28.1,28.28,27.08,745520094.0
2020-03-03,PETR3,28.04,27.5,28.86,27.1,1001827073.0
2020-03-04,PETR3,28.32,28.22,28.4,27.61,725623537.0
2020-03-05,PETR3,27.7,26.81,27.98,26.21,741503041.0
2020-03-06,PETR3,25.68,24.06,25.68,23.72,1386206047.0
2020-03-09,PETR3,19.0,16.92,19.49,16.44,1967611922.0
2020-03-10,PETR3,19.45,18.36,19.75,17.1,1496383554.0
2020-03-11,PETR3,17.48,16.37,18.06,15.63,951960977.0
2020-03-12,PETR3,13.61,12.92,13.85,11.63,661204208.0
2020-03-13,PETR3,15.5,15.86,15.86,13.13,856116414.0
2020-03-16,PETR3,13.99,13.13,14.67,13.1,545127904.0
2020-03-17,PETR3,13.66,13.08,14.11,13.0,708136965.0
2020-03-18,PETR3,11.7,11.05,12.2,10.5,828752737.0
2020-03-19,PETR3,11.0,12.45,13.05,10.5,809697391.0
2020-03-20,PETR3,13.15,12.22,13.47,11.85,495417448.0
2020-03-23,PETR3,12.3,11.62,12.34,11.42,345564603.0
2020-03-24,PETR3,12.64,13.47,13.75,12.46,446322917.0
2020-03-25,PETR3,13.45,14.55,15.04,13.22,572755864.0
2020-03-26,PETR3,14.45,14.6,15.33,13.92,573886153.0
2020-03-27,PETR3,13.3,13.03,13.85,13.03,665893772.0
2020-03-30,PETR3,12.9,13.44,13.62,12.5,626821649.0
2020-03-31,PETR3,13.58,14.14,14.75,13.53,659920581.0
2020-04-01,PETR3,13.6,14.21,14.49,13.41,402970177.0
2020-04-02,PETR3,15.39,15.43,16.66,14.92,906441638.0
2020-04-03,PETR3,16.35,15.32,16.38,14.81,590500601.0
2020-04-06,PETR3,16.05,16.15,16.15,15.39,611562311.0
2020-04-07,PETR3,16.99,16.56,17.34,16.44,582336889.0
2020-04-08,PETR3,16.63,17.5,17.86,16.54,505526226.0
2020-04-09,PETR3,18.03,16.86,18.8,16.68,778264171.0
2020-04-13,PETR3,17.09,17.3,17.39,16.64,413161889.0
2020-04-14,PETR3,17.43,17.18,17.69,16.96,336633883.0
2020-04-15,PETR3,16.35,16.62,16.84,16.21,635204449.0
2020-04-16,PETR3,16.92,16.13,16.98,15.86,358388243.0
2020-04-17,PETR3,16.2,16.7,16.76,15.93,406955981.0
2020-04-20,PETR3,15.98,16.55,17.02,15.79,613815842.0
2020-04-22,PETR3,16.4,17.15,17.16,16.35,333334953.0
2020-04-23,PETR3,17.6,17.34,17.88,17.09,342170712.0
2020-04-24,PETR3,17.1,16.07,17.25,15.52,643053948.0
2020-04-27,PETR3,16.37,16.8,16.92,15.97,420391391.0
2020-04-28,PETR3,17.49,18.02,18.02,17.11,423847427.0
2020-04-29,PETR3,18.51,19.0,19.3,18.35,508797311.0
2020-04-30,PETR3,18.73,18.65,19.18,18.43,434836875.0
2020-05-04,PETR3,17.95,18.05,18.31,17.74,323773457.0
2020-05-05,PETR3,18.52,18.67,19.14,18.52,353752929.0
2020-05-06,PETR3,18.75,17.94,18.82,17.9,361518523.0
2020-05-07,PETR3,18.53,18.3,18.73,18.16,595386094.0
2020-05-08,PETR3,18.7,19.55,19.65,18.6,407867519.0
2020-05-11,PETR3,19.38,19.03,19.83,18.99,444140537.0
2020-05-12,PETR3,19.38,18.87,19.57,18.87,397142568.0
2020-05-13,PETR3,18.96,18.13,19.13,18.01,378976702.0
2020-05-14,PETR3,17.95,17.69,17.95,17.1,580570827.0
2020-05-15,PETR3,18.0,17.7,18.8,17.7,635392472.0
2020-05-18,PETR3,18.75,19.42,19.5,18.53,493835285.0
2020-05-19,PETR3,19.49,19.3,19.85,19.23,353226120.0
2020-05-20,PETR3,19.66,19.88,20.2,19.66,293477751.0
2020-05-21,PETR3,20.08,19.95,20.42,19.66,390647270.0
2020-05-22,PETR3,19.63,19.52,19.77,19.07,279399506.0
2020-05-25,PETR3,20.46,20.34,20.46,20.21,138256836.0
2020-05-26,PETR3,20.85,20.55,20.92,20.19,420112513.0
2020-05-27,PETR3,20.61,20.65,20.77,19.93,356716821.0
2020-05-28,PETR3,20.49,20.56,20.91,20.31,307936912.0
2020-05-29,PETR3,20.32,20.84,20.84,20.06,838545287.0
2020-06-01,PETR3,20.67,20.95,21.15,20.46,353667452.0
2020-06-02,PETR3,21.31,21.86,21.86,21.1,353074644.0
2020-06-03,PETR3,22.36,22.06,22.39,21.96,416115346.0
2020-06-04,PETR3,22.02,22.16,22.62,21.56,540679900.0
2020-06-05,PETR3,23.0,22.85,23.83,22.81,613847448.0
2020-06-08,PETR3,23.33,23.35,23.4,22.75,458995854.0
2020-06-09,PETR3,22.84,22.69,22.94,22.5,421030568.0
2020-06-10,PETR3,22.88,22.02,22.88,21.88,587926265.0
2020-06-12,PETR3,21.05,21.24,21.77,20.7,559824360.0
2020-06-15,PETR3,20.58,21.32,21.78,20.1,442261217.0
2020-06-16,PETR3,22.18,22.2,22.76,21.94,496279931.0
2020-06-17,PETR3,22.32,22.25,22.75,22.0,306706754.0
2020-06-18,PETR3,22.06,22.6,22.7,21.94,231248677.0
2020-06-19,PETR3,22.99,22.28,23.21,22.14,544569124.0
2020-06-22,PETR3,22.49,21.87,22.51,21.81,195535415.0
2020-06-23,PETR3,22.16,22.51,23.07,22.0,299746045.0
2020-06-24,PETR3,22.4,21.91,22.43,21.59,240408291.0
2020-06-25,PETR3,21.84,22.37,22.37,21.58,262679697.0
2020-06-26,PETR3,22.1,21.88,22.42,21.72,308285924.0
2020-06-29,PETR3,22.08,22.56,22.61,21.94,232756308.0
2020-06-30,PETR3,22.17,22.34,22.63,21.85,450899570.0
2020-07-01,PETR3,22.5,22.36,22.98,22.26,403187362.0
2020-07-02,PETR3,22.74,22.64,22.87,22.47,304578672.0
2020-07-03,PETR3,22.55,22.5,22.76,22.48,72307295.0
2020-07-06,PETR3,22.98,23.15,23.53,22.86,355175838.0
2020-07-07,PETR3,22.96,22.76,23.05,22.75,228672269.0
2020-07-08,PETR3,23.0,23.32,23.45,22.95,271374698.0
2020-07-09,PETR3,23.45,22.65,23.54,22.64,265126624.0
2020-07-10,PETR3,22.78,23.0,23.18,22.6,192096297.0
2020-07-13,PETR3,23.17,22.85,23.34,22.85,257504735.0
2020-07-14,PETR3,22.84,23.64,23.82,22.54,383644623.0
2020-07-15,PETR3,23.97,24.2,24.2,23.68,290802711.0
2020-07-16,PETR3,23.98,23.63,24.09,23.37,293379632.0
2020-07-17,PETR3,23.7,23.65,23.94,23.52,324627216.0
2020-07-20,PETR3,23.64,23.5,23.73,23.32,279896082.0
2020-07-21,PETR3,23.9,23.99,24.48,23.82,592966733.0
2020-07-22,PETR3,23.89,23.74,24.07,23.56,372946200.0
2020-07-23,PETR3,23.6,23.23,23.77,23.22,360380653.0
2020-07-24,PETR3,23.27,23.33,23.69,23.05,262230040.0
2020-07-27,PETR3,23.44,23.77,23.85,23.01,235337139.0
2020-07-28,PETR3,23.59,23.39,23.88,23.31,223098525.0
2020-07-29,PETR3,23.55,23.83,23.87,23.45,213909368.0
2020-07-30,PETR3,23.55,23.32,23.64,23.03,318575867.0
2020-07-31,PETR3,23.45,22.7,23.78,22.59,582050774.0
2020-08-03,PETR3,22.97,22.34,23.08,22.33,373229618.0
2020-08-04,PETR3,22.13,22.31,22.67,21.94,370706219.0
2020-08-05,PETR3,22.75,23.75,23.87,22.7,1047468445.0
2020-08-06,PETR3,23.78,23.83,24.17,23.64,416638669.0
2020-08-07,PETR3,23.56,23.31,23.62,23.11,382109506.0
2020-08-10,PETR3,23.41,24.1,24.13,23.15,392864781.0
2020-08-11,PETR3,24.27,23.69,24.61,23.69,366200609.0
2020-08-12,PETR3,24.0,24.05,24.23,23.7,355424947.0
2020-08-13,PETR3,24.1,23.34,24.18,23.2,281972123.0
2020-08-14,PETR3,23.3,23.25,23.54,23.16,286956365.0
2020-08-17,PETR3,23.22,23.26,23.4,22.8,275591527.0
2020-08-18,PETR3,23.55,23.61,23.9,23.36,313106545.0
2020-08-19,PETR3,23.6,23.51,24.03,23.36,410786217.0
2020-08-20,PETR3,23.17,23.26,23.55,22.91,455272954.0
2020-08-21,PETR3,23.15,23.08,23.21,22.83,295746799.0
2020-08-24,PETR3,23.38,23.54,23.72,23.33,352876356.0
2020-08-25,PETR3,23.69,23.43,23.75,23.25,192370512.0
2020-08-26,PETR3,23.32,22.76,23.47,22.61,299838691.0
2020-08-27,PETR3,22.82,22.65,23.04,22.58,270907146.0
2020-08-28,PETR3,22.75,23.11,23.11,22.57,294816438.0
2020-08-31,PETR3,22.91,22.32,22.98,22.32,434244433.0
2020-09-01,PETR3,22.65,23.36,23.42,22.58,383934154.0
2020-09-02,PETR3,23.43,23.3,23.61,22.93,361497198.0
2020-09-03,PETR3,23.11,23.3,23.69,23.0,597976787.0
2020-09-04,PETR3,23.3,23.33,23.49,22.91,920072485.0
2020-09-08,PETR3,22.88,22.52,22.89,22.17,568007260.0
2020-09-09,PETR3,22.76,23.02,23.08,22.7,386615332.0
2020-09-10,PETR3,22.82,22.15,22.87,22.15,523573800.0
2020-09-11,PETR3,22.06,22.04,22.34,21.83,722928475.0
2020-09-14,PETR3,22.07,21.82,22.16,21.52,375034299.0
2020-09-15,PETR3,22.17,21.87,22.17,21.7,256828103.0
2020-09-16,PETR3,22.08,21.95,22.29,21.73,336560835.0
2020-09-17,PETR3,21.72,22.44,22.44,21.7,433819732.0
2020-09-18,PETR3,22.19,21.94,22.4,21.79,632979195.0
2020-09-21,PETR3,21.63,21.28,21.76,21.12,389585348.0
2020-09-22,PETR3,21.32,21.27,21.69,21.15,344852919.0
2020-09-23,PETR3,21.27,20.75,21.47,20.75,427491303.0
2020-09-24,PETR3,20.78,20.9,21.22,20.56,411858708.0
2020-09-25,PETR3,20.69,20.68,20.86,20.4,223565941.0
2020-09-28,PETR3,20.84,20.18,21.04,20.18,429888543.0
2020-09-29,PETR3,20.15,19.61,20.28,19.57,351355158.0
2020-09-30,PETR3,19.75,19.77,20.25,19.75,453830896.0
2020-10-01,PETR3,19.8,19.95,20.09,19.24,597645883.0
2020-10-02,PETR3,19.8,19.18,19.8,19.18,458230603.0
2020-10-05,PETR3,19.5,20.12,20.25,19.37,459806356.0
2020-10-06,PETR3,20.53,19.99,20.79,19.99,330071213.0
2020-10-07,PETR3,20.09,19.91,20.12,19.61,276801115.0
2020-10-08,PETR3,20.18,20.59,20.63,19.96,517576070.0
2020-10-09,PETR3,20.44,19.91,20.47,19.89,394321104.0
2020-10-13,PETR3,19.98,20.13,20.17,19.77,280965966.0
2020-10-14,PETR3,20.12,20.01,20.46,20.01,279402402.0
2020-10-15,PETR3,19.65,19.79,19.84,19.46,313982472.0
2020-10-16,PETR3,19.8,19.3,19.8,19.3,268480475.0
2020-10-19,PETR3,19.42,19.51,19.93,19.27,321330407.0
2020-10-20,PETR3,19.56,20.18,20.3,19.53,383254159.0
2020-10-21,PETR3,20.16,20.17,20.31,19.8,319455019.0
2020-10-22,PETR3,20.17,20.81,20.82,20.03,412612999.0
2020-10-23,PETR3,20.85,20.49,21.07,20.43,428016423.0
2020-10-26,PETR3,20.29,20.2,20.5,19.93,242210534.0
2020-10-27,PETR3,20.2,19.86,20.32,19.78,312188402.0
2020-10-28,PETR3,19.38,18.64,19.44,18.64,590675167.0
2020-10-29,PETR3,18.53,19.33,19.44,17.74,441760632.0
2020-10-30,PETR3,19.1,19.0,19.57,18.94,377163862.0
2020-11-03,PETR3,19.55,19.75,19.92,19.44,387360300.0
2020-11-04,PETR3,20.05,19.84,20.13,19.32,350326877.0
2020-11-05,PETR3,20.07,19.94,20.09,19.76,227990931.0
2020-11-06,PETR3,19.63,19.87,19.98,19.59,273072071.0
2020-11-09,PETR3,21.01,21.9,22.48,21.01,872512290.0
2020-11-10,PETR3,22.1,23.64,23.73,22.0,1232283259.0
2020-11-11,PETR3,23.76,23.62,23.83,23.02,653143454.0
2020-11-12,PETR3,23.35,22.65,23.52,22.51,452048974.0
2020-11-13,PETR3,22.7,23.18,23.48,22.63,553808627.0
2020-11-16,PETR3,23.79,23.93,24.32,23.66,537747548.0
2020-11-17,PETR3,23.65,24.2,24.71,23.55,535265984.0
2020-11-18,PETR3,24.51,24.23,24.82,24.21,587385401.0
2020-11-19,PETR3,24.3,24.45,24.65,24.07,339905407.0
2020-11-20,PETR3,24.45,24.3,24.68,24.19,249884886.0
2020-11-23,PETR3,24.75,25.48,25.48,24.75,572385516.0
2020-11-24,PETR3,26.03,26.84,27.12,25.99,613395813.0
2020-11-25,PETR3,26.71,26.66,27.0,26.19,417628524.0
2020-11-26,PETR3,26.41,26.25,26.43,25.96,308514045.0
2020-11-27,PETR3,26.43,25.9,26.5,25.9,376614128.0
2020-11-30,PETR3,25.71,25.55,26.34,25.54,866221359.0
2020-12-01,PETR3,25.98,26.3,26.4,25.92,334619073.0
2020-12-02,PETR3,26.29,26.66,27.24,26.03,435307104.0
2020-12-03,PETR3,26.87,27.2,27.64,26.69,393656838.0
2020-12-04,PETR3,27.71,28.1,28.29,27.7,454158039.0
2020-12-07,PETR3,28.0,27.47,28.23,27.26,411775854.0
2020-12-08,PETR3,27.32,27.23,27.74,27.15,232542036.0
2020-12-09,PETR3,27.23,27.26,27.52,26.96,499103870.0
2020-12-10,PETR3,27.48,28.25,28.72,27.41,618869289.0
2020-12-11,PETR3,28.06,28.01,28.2,27.68,365717840.0
2020-12-14,PETR3,28.46,27.89,28.57,27.8,427740065.0
2020-12-15,PETR3,28.11,28.25,28.42,27.86,327417717.0
2020-12-16,PETR3,28.28,28.56,28.83,27.93,555561811.0
2020-12-17,PETR3,28.63,28.92,29.04,28.53,284305090.0
2020-12-18,PETR3,28.79,28.62,29.04,28.55,287157558.0
2020-12-21,PETR3,27.65,27.56,27.99,27.37,351359272.0
2020-12-22,PETR3,27.76,27.84,28.09,27.59,233506699.0
2020-12-23,PETR3,27.97,28.44,28.92,27.97,167721790.0
2020-12-28,PETR3,28.8,28.65,29.13,28.63,209169242.0
2020-12-29,PETR3,28.8,28.67,28.94,28.41,210743185.0
2020-12-30,PETR3,28.85,28.85,29.09,28.75,604692375.0
